doi	solvent	PhNH2	BnOH	alc2aniline_ratio	base	base_amount	catalyst	metal	ligand	atmosphere	cat_load	temp	time	yield	TON	comment	success	atm_type	year	base_amine_ratio	base_alcohol_ratio
10.1038/ncomms7478	PhMe	1.0	2.0	2.0	KOH	0.5	carbon		no	Ar	0.0	130.0	24.0	99.0	inf	0	True	inert	2015	0.5	0.25
10.1038/ncomms7478	PhMe	1.0	2.0	2.0	KOH	0.5	carbon		no	Ar	0.0	130.0	24.0	3.0	inf	0	False	inert	2015	0.5	0.25
10.1038/ncomms7478	PhMe	1.0	2.0	2.0	no base	0.5	carbon		no	Ar	0.0	130.0	24.0	0.0		0	False	inert	2015	0.5	0.25
10.1039/c5ra07681a	PhMe	1.0	1.5	1.5	KOH	0.5	no		no	Ar	0.0	150.0	4.0	11.0	inf	0	False	inert	2015	0.5	0.3333333333333333
10.1016/j.catcom.2014.06.020	neat	4.0	40.0	10.0	no base	0.0	no		no	Air	0.0	220.0	6.0	2.0	inf	0	False	oxygen	2014	0.0	0.0
10.1016/j.catcom.2014.06.020	neat	4.0	40.0	10.0	NaOH	1.0	no		no	Air	0.0	220.0	6.0	99.0	inf	0	True	oxygen	2014	0.25	0.025
10.1016/j.catcom.2014.06.020	neat	4.0	40.0	10.0	NaNH2	1.0	no		no	Air	0.0	220.0	6.0	77.0	inf	0	True	oxygen	2014	0.25	0.025
10.1016/j.catcom.2014.06.020	neat	4.0	40.0	10.0	MeONa	1.0	no		no	Air	0.0	220.0	6.0	54.0	inf	0	False	oxygen	2014	0.25	0.025
10.1016/j.catcom.2014.06.020	neat	4.0	40.0	10.0	Na2CO3	1.0	no		no	Air	0.0	220.0	6.0	5.0	inf	0	False	oxygen	2014	0.25	0.025
10.1016/j.catcom.2014.06.020	neat	4.0	40.0	10.0	NaHCO3	1.0	no		no	Air	0.0	220.0	6.0	3.0	inf	0	False	oxygen	2014	0.25	0.025
10.1016/j.catcom.2014.06.020	neat	4.0	40.0	10.0	NaOAc	1.0	no		no	Air	0.0	220.0	6.0	5.0	inf	0	False	oxygen	2014	0.25	0.025
10.1016/j.catcom.2014.06.020	neat	4.0	40.0	10.0	tBuOK	1.0	no		no	Air	0.0	220.0	6.0	51.0	inf	0	False	oxygen	2014	0.25	0.025
10.1016/j.catcom.2014.06.020	neat	4.0	40.0	10.0	K2CO3	1.0	no		no	Air	0.0	220.0	6.0	23.0	inf	0	False	oxygen	2014	0.25	0.025
10.1016/j.catcom.2014.06.020	neat	4.0	40.0	10.0	Cs2CO3	1.0	no		no	Air	0.0	220.0	6.0	22.0	inf	0	False	oxygen	2014	0.25	0.025
10.1002/ejoc.201500086	mesitylene	1.0	1.2	1.2	KOH	0.2	no		no	Ar	0.0	140.0	24.0	66.0	inf	0	True	inert	2015	0.2	0.1666666666666666
10.1002/ejoc.201500086	mesitylene	1.0	1.2	1.2	KOH	0.2	no		no	Air	0.0	140.0	24.0	8.0	inf	0	False	oxygen	2015	0.2	0.1666666666666666
10.1002/ejoc.201500086	mesitylene	1.0	1.2	1.2	KOH	0.2	no		no	O2	0.0	140.0	24.0	0.0		0	False	oxygen	2015	0.2	0.1666666666666666
10.1002/ejoc.201500086	mesitylene	1.0	1.2	1.2	LiOH	0.2	no		no	Ar	0.0	140.0	24.0	1.0	inf	0	False	inert	2015	0.2	0.1666666666666666
10.1002/ejoc.201500086	mesitylene	1.0	1.2	1.2	NaOH	0.2	no		no	Ar	0.0	140.0	24.0	26.0	inf	0	False	inert	2015	0.2	0.1666666666666666
10.1002/ejoc.201500086	mesitylene	1.0	1.2	1.2	CsOH	0.2	no		no	Ar	0.0	140.0	24.0	87.0	inf	0	True	inert	2015	0.2	0.1666666666666666
10.1002/ejoc.201500086	mesitylene	1.0	1.2	1.2	CsOH	0.2	no		no	N2 (2.8 ppm O2)	0.0	140.0	24.0	38.0	inf	0	False	oxygen	2015	0.2	0.1666666666666666
10.1002/ejoc.201500086	mesitylene	1.0	1.2	1.2	CsOH	0.2	no		O2 (2 mol%)	Ar	0.0	140.0	24.0	96.0	inf	0	True	inert	2015	0.2	0.1666666666666666
10.1002/ejoc.201500086	mesitylene	1.0	1.2	1.2	CsOH	0.2	no		no	Air	0.0	140.0	24.0	11.0	inf	0	False	oxygen	2015	0.2	0.1666666666666666
10.1002/ejoc.201500086	mesitylene	1.0	1.2	1.2	CsOH	0.2	no		O2 (2 mol%)	Ar	0.0	120.0	24.0	79.0	inf	0	True	inert	2015	0.2	0.1666666666666666
10.1002/ejoc.201500086	mesitylene	1.0	1.2	1.2	no base	0.2	no		no	Ar	0.0	140.0	24.0	0.0		0	False	inert	2015	0.2	0.1666666666666666
10.1002/ejoc.201500086	neat	1.0	1.2	1.2	CsOH	0.2	no		O2 (2 mol%)	Ar	0.0	140.0	24.0	74.0	inf	0	True	inert	2015	0.2	0.1666666666666666
10.1002/ejoc.201500086	PhCl	1.0	1.2	1.2	CsOH	0.2	no		O2 (2 mol%)	Ar	0.0	140.0	24.0	82.0	inf	0	True	inert	2015	0.2	0.1666666666666666
10.1002/ejoc.201500086	H2O	1.0	1.2	1.2	CsOH	0.2	no		O2 (2 mol%)	Ar	0.0	140.0	24.0	0.0		0	False	inert	2015	0.2	0.1666666666666666
10.1002/ejoc.201500086	dioxane	1.0	1.2	1.2	CsOH	0.2	no		O2 (2 mol%)	Ar	0.0	140.0	24.0	15.0	inf	0	False	inert	2015	0.2	0.1666666666666666
10.1002/ejoc.201500086	DCE	1.0	1.2	1.2	CsOH	0.2	no		O2 (2 mol%)	Ar	0.0	140.0	24.0	13.0	inf	0	False	inert	2015	0.2	0.1666666666666666
10.1002/ejoc.201500086	DMF	1.0	1.2	1.2	CsOH	0.2	no		O2 (2 mol%)	Ar	0.0	140.0	24.0	1.0	inf	0	False	inert	2015	0.2	0.1666666666666666
10.1002/ejoc.201500086	mesitylene	1.0	1.2	1.2	CsOH	0.1	no		O2 (2 mol%)	Ar	0.0	140.0	24.0	73.0	inf	0	True	inert	2015	0.1	0.0833333333333333
10.1002/ejoc.201500086	mesitylene	1.0	1.2	1.2	CsOH	0.05	no		O2 (2 mol%)	Ar	0.0	140.0	24.0	8.0	inf	0	False	inert	2015	0.05	0.0416666666666666
10.1002/ejoc.201500086	mesitylene	1.0	1.2	1.2	LiOH	0.2	no		O2 (2 mol%)	Ar	0.0	140.0	24.0	1.0	inf	0	False	inert	2015	0.2	0.1666666666666666
10.1002/ejoc.201500086	mesitylene	1.0	1.2	1.2	NaOH	0.2	no		O2 (2 mol%)	Ar	0.0	140.0	24.0	31.0	inf	0	False	inert	2015	0.2	0.1666666666666666
10.1002/ejoc.201500086	mesitylene	1.0	1.2	1.2	KOH	0.2	no		O2 (2 mol%)	Ar	0.0	140.0	24.0	74.0	inf	0	True	inert	2015	0.2	0.1666666666666666
10.1002/ejoc.201500086	mesitylene	1.0	1.2	1.2	Ba(OH)2	0.2	no		O2 (2 mol%)	Ar	0.0	140.0	24.0	1.0	inf	0	False	inert	2015	0.2	0.1666666666666666
10.1002/ejoc.201500086	mesitylene	1.0	1.2	1.2	Sr(OH)2	0.2	no		O2 (2 mol%)	Ar	0.0	140.0	24.0	1.0	inf	0	False	inert	2015	0.2	0.1666666666666666
10.1002/ejoc.201500086	mesitylene	1.0	1.2	1.2	K2CO3	0.2	no		O2 (2 mol%)	Ar	0.0	140.0	24.0	1.0	inf	0	False	inert	2015	0.2	0.1666666666666666
10.1002/ejoc.201500086	mesitylene	1.0	1.2	1.2	tBuOK	0.2	no		O2 (2 mol%)	Ar	0.0	140.0	24.0	58.0	inf	0	False	inert	2015	0.2	0.1666666666666666
10.1002/ejoc.201500086	mesitylene	1.0	1.2	1.2	MeONa	0.2	no		O2 (2 mol%)	Ar	0.0	140.0	24.0	34.0	inf	0	False	inert	2015	0.2	0.1666666666666666
10.1002/ejoc.201500086	mesitylene	1.0	1.2	1.2	LiHMDS	0.2	no		O2 (2 mol%)	Ar	0.0	140.0	24.0	1.0	inf	0	False	inert	2015	0.2	0.1666666666666666
10.1002/ejoc.201500086	mesitylene	1.0	1.2	1.2	Et3N	0.2	no		O2 (2 mol%)	Ar	0.0	140.0	24.0	1.0	inf	0	False	inert	2015	0.2	0.1666666666666666
10.1002/ejoc.201500086	mesitylene	1.0	1.2	1.2	DBU	0.2	no		O2 (2 mol%)	Ar	0.0	140.0	24.0	1.0	inf	0	False	inert	2015	0.2	0.1666666666666666
10.1016/j.tet.2015.11.016	neat	2.0	3.0	1.5	CsOH	1.0	no		no	Air	0.0	140.0	24.0	79.0	inf	0	True	oxygen	2015	0.5	0.3333333333333333
10.1016/j.tet.2015.11.016	neat	2.0	3.0	1.5	LiOH	1.0	no		no	N2	0.0	140.0	24.0	0.0		T 110-150	False	inert	2015	0.5	0.3333333333333333
10.1016/j.tet.2015.11.016	neat	2.0	3.0	1.5	NaOH	1.0	no		no	N2	0.0	140.0	24.0	0.0		T 110-150	False	inert	2015	0.5	0.3333333333333333
10.1016/j.tet.2015.11.016	neat	2.0	3.0	1.5	KOH	1.0	no		no	N2	0.0	140.0	24.0	0.0		T 110-150	False	inert	2015	0.5	0.3333333333333333
10.1016/j.tet.2015.11.016	neat	2.0	3.0	1.5	CsOH	1.0	no		no	N2	0.0	140.0	24.0	0.0		T 110-150	False	inert	2015	0.5	0.3333333333333333
10.1016/j.tet.2015.11.016	neat	2.0	3.0	1.5	LiOH	0.6	no		no	Air	0.0	130.0	24.0	0.0		0	False	oxygen	2015	0.3	0.1999999999999999
10.1016/j.tet.2015.11.016	neat	2.0	3.0	1.5	NaOH	0.6	no		no	Air	0.0	130.0	24.0	40.0	inf	0	False	oxygen	2015	0.3	0.1999999999999999
10.1016/j.tet.2015.11.016	neat	2.0	3.0	1.5	KOH	0.6	no		no	Air	0.0	130.0	24.0	50.0	inf	0	False	oxygen	2015	0.3	0.1999999999999999
10.1016/j.tet.2015.11.016	neat	2.0	3.0	1.5	CsOH	0.6	no		no	Air	0.0	130.0	24.0	90.0	inf	0	True	oxygen	2015	0.3	0.1999999999999999
10.1016/j.tet.2015.11.016	neat	2.0	3.0	1.5	CsOH	0.2	no		no	Air	0.0	140.0	24.0	27.0	inf	0	False	oxygen	2015	0.1	0.0666666666666666
10.1016/j.tet.2015.11.016	neat	2.0	3.0	1.5	CsOH	0.6	no		no	Air	0.0	150.0	24.0	92.0	inf	0	True	oxygen	2015	0.3	0.1999999999999999
10.1021/acs.orglett.5b02685	neat	1.0	10.0	10.0	KOH	3.0	no		no	Ar	0.0	130.0	24.0	90.0	inf	0	True	inert	2015	3.0	0.3
10.1021/ol3001969	PhMe/THF-1:2	0.35	0.35	1.0	tBuOK	0.35	no		MS 4A	N2	0.0	110.0	24.0	0.0		0	False	inert	2012	1.0	1.0
10.1002/chem.201001871	diglyme	1.0	1.1	1.1	tBuOK	1.1	no		no	Ar	0.0	70.0	24.0	3.0	inf	0	False	inert	2010	1.1	1.0
10.1016/j.tet.2014.10.007	dioxane	1.0	1.2	1.2	tBuOK	1.0	no		AgOTf (5 mol%)	Ar	0.0	100.0	48.0	14.0	inf	0	False	inert	2014	1.0	0.8333333333333334
10.1016/j.jcat.2009.01.020	mesitylene	0.25	0.38	1.52	no base	0.0	Al2O3		no	Ar	0.0	132.0	5.0	0.0		0	False	inert	2009	0.0	0.0
10.1016/j.jcat.2009.01.020	mesitylene	0.25	0.38	1.52	no base	0.0	no		no	Ar	0.0	132.0	5.0	0.0		0	False	inert	2009	0.0	0.0
10.1002/adsc.201200732	PhMe	1.0	1.1	1.1	NaHCO3	0.5	Silica		no	N2	0.0	110.0	48.0	0.0		0	False	inert	2013	0.5	0.4545454545454545
10.1002/adsc.201000962	H2O	2.0	2.0	1.0	no base	0.0	no		no	Air	0.0	100.0	4.0	0.0		0	False	oxygen	2011	0.0	0.0
10.1039/c7dt04326k	PhMe	1.0	1.0	1.0	no base	0.0	Cp*IrN=CH(anthracene)Cl	Ir	no	N2	0.3	25.0	4.0	0.0	0.0	0	False	inert	2018	0.0	0.0
10.1002/chem.201201845	PhMe	1.0	1.0	1.0	no base	0.0	no		no	Ar	0.0	110.0	14.0	0.0		0	False	inert	2012	0.0	0.0
10.1039/c3cc42669f	diglyme	0.5	0.55	1.1	tBuOK	0.25	IrNHC	Ir	no	Ar	0.5	25.0	48.0	96.0	192.0	0	True	inert	2013	0.5	0.4545454545454545
10.1016/j.poly.2014.12.015	PhMe	2.0	2.0	1.0	KOH	4.0	no		no	Air?	0.0	120.0	12.0	0.0		0	False	oxygen	2015	2.0	2.0
10.1055/s-0036-1589064	PhMe	0.25	0.27	1.08	tBuOK	0.275	no		PPh3 (10 mol%)	Ar	0.0	130.0	18.0	0.0		0	False	inert	2017	1.1	1.0185185185185186
10.1246/bcsj.20150217	neat	1.0	4.0	4.0	tBuOK	2.0	no		no	N2	0.0	130.0	12.0	21.0	inf	MW	False	inert	2015	2.0	0.5
10.1016/j.catcom.2015.10.028	neat	1.0	1.6	1.6	tBuOK	1.0	no		NHC ligand (1 mol%)	no data	0.0	120.0	15.0	0.0		0	False	no_data	2015	1.0	0.625
10.1021/acs.organomet.0c00233	neat	1.0	1.0	1.0	tBuONa	0.75	NiNNN	Ni	no	Ar	0.1	46.0	72.0	46.0	460.0	0	False	inert	2020	0.75	0.75
10.1021/acscatal.7b02817	PhMe	0.25	1.0	4.0	tBuOK	0.25	no		no	Ar	0.0	130.0	48.0	0.0		0	False	inert	2017	1.0	0.25
10.1039/b901929d	dioxane	2.0	8.0	4.0	tBuOK	4.0	no		no	Ar	0.0	90.0	240.0	67.0	inf	0	True	inert	2009	2.0	0.5
10.1039/b901929d	dioxane	2.0	8.0	4.0	tBuOK	4.0	no		no	Ar	0.0	90.0	168.0	52.0	inf	0	False	inert	2009	2.0	0.5
10.1039/c003410j	PhMe	1.2	1.0	0.8333333333333334	tBuONa	2.0	no		no	no data	0.0	160.0	1.0	0.0		MW	False	no_data	2010	1.6666666666666667	2.0
10.1039/c003410j	PhMe	1.2	1.0	0.8333333333333334	DABCO	2.0	no		no	no data	0.0	160.0	1.0	13.5	inf	MW	False	no_data	2010	1.6666666666666667	2.0
10.1002/anie.201006660	trimethylbenzene	6.0	3.0	0.5	no base	0.0	prolinone		Cp*H (5mol%)	Ar	0.0	160.0	18.0	0.0		0	False	inert	2011	0.0	0.0
10.1038/ncomms12641	PhMe	0.5	0.6	1.2	tBuOK	0.5	no		no	Ar	0.0	80.0	24.0	0.0		0	False	inert	2016	1.0	0.8333333333333334
10.1039/c9cc02989c	PhMe	0.5	0.5	1.0	tBuOK	0.5	Mn(CO)3(NHC)2	Mn	no	N2	1.5	25.0	48.0	91.0	60.66666666666666	0	True	inert	2019	1.0	1.0
10.1016/j.poly.2019.114234	PhMe	1.0	1.5	1.5	no base	1.0	no		no	Ar	0.0	120.0	24.0	0.0		0	False	inert	2019	1.0	0.6666666666666666
10.1016/j.ica.2019.119358	PhMe	0.2	0.4	2.0	tBuOK	0.08	no		no	Ar	0.0	140.0	24.0	0.0		0	False	inert	2019	0.3999999999999999	0.1999999999999999
10.1039/c9cc02989c	PhMe	0.5	0.5	1.0	tBuOK	0.5	Mn(CO)3(NHC)2	Mn	no	N2	1.5	25.0	24.0	85.0	56.66666666666666	0	True	inert	2019	1.0	1.0
10.1002/cctc.201902179	neat	1.0	1.3	1.3	no base	0.0	no		no	Air		130.0	48.0	0.0		0	False	oxygen	2020	0.0	0.0
10.1021/acs.orglett.9b00832	DME	1.0	1.0	1.0	KH	0.5	Mn(CO)5Br	Mn	bpy-6NH-i-PrP	Ar	0.1	50.0	24.0	55.0	550.0	0	False	inert	2019	0.5	0.5
10.1021/acs.orglett.9b00832	DME	1.0	1.0	1.0	KH	0.5	Mn(CO)5Br	Mn	bpy-6NH-i-PrP	Ar	0.25	50.0	24.0	69.3	277.2	0	True	inert	2019	0.5	0.5
10.1021/acs.orglett.9b00832	DME	1.0	1.0	1.0	KH	0.5	Mn(CO)5Br	Mn	bpy-6NH-i-PrP	Ar	0.5	50.0	24.0	79.2	158.4	0	True	inert	2019	0.5	0.5
10.1021/acs.orglett.9b00832	DME	1.0	1.0	1.0	tBuOK	1.0	Mn(CO)5Br	Mn	bpy-6NH-i-PrP	Ar	1.0	50.0	24.0	99.0	99.0	0	True	inert	2019	1.0	1.0
10.1021/acs.orglett.9b00832	DME	1.0	1.0	1.0	KH	0.5	Mn(CO)5Br	Mn	bpy-6NH-i-PrP	Ar	1.0	50.0	24.0	99.0	99.0	0	True	inert	2019	0.5	0.5
10.1021/acs.orglett.9b00832	PhMe	1.0	1.0	1.0	tBuOK	1.0	Mn(CO)5Br	Mn	bpy-6NH-i-PrP	Ar	1.0	50.0	24.0	92.1	92.1	0	True	inert	2019	1.0	1.0
10.1039/c9cc02989c	PhMe	0.5	0.5	1.0	tBuOK	0.5	Mn(CO)3(NHC)2	Mn	no	N2	0.5	50.0	24.0	44.0	88.0	0	False	inert	2019	1.0	1.0
10.1039/c9cc02989c	PhMe	0.5	0.5	1.0	tBuOK	0.5	Mn(CO)3(NHC)2	Mn	no	N2	1.0	50.0	24.0	88.0	88.0	0	True	inert	2019	1.0	1.0
10.1021/acs.orglett.9b00832	DME	1.0	1.0	1.0	KH	0.4	Mn(CO)5Br	Mn	bpy-6NH-i-PrP	Ar	1.0	50.0	24.0	79.4	79.4	0	True	inert	2019	0.4	0.4
10.1021/acs.orglett.9b00832	DME	1.0	1.0	1.0	tBuOK	0.5	Mn(CO)5Br	Mn	bpy-6NH-i-PrP	Ar	1.0	50.0	24.0	78.2	78.2	0	True	inert	2019	0.5	0.5
10.1002/cctc.201902179	neat	1.0	1.3	1.3	no base	0.0	no		no	Air		100.0	48.0	0.0		0	False	oxygen	2020	0.0	0.0
10.1039/c9cc02989c	PhMe	0.5	0.5	1.0	tBuOK	0.5	Mn(CO)3(NHC)2	Mn	no	N2	1.5	50.0	24.0	92.0	61.333333333333336	0	True	inert	2019	1.0	1.0
10.1039/c9cc02989c	PhMe	0.5	0.5	1.0	tBuOK	0.375	Mn(CO)3(NHC)2	Mn	no	N2	1.5	50.0	24.0	77.0	51.333333333333336	0	True	inert	2019	0.75	0.75
10.1039/c9cc02989c	PhMe	0.5	0.5	1.0	tBuOK	0.3	Mn(CO)3(NHC)2	Mn	no	N2	1.5	50.0	24.0	61.0	40.66666666666666	0	False	inert	2019	0.6	0.6
10.1039/c9cc02989c	PhMe	0.5	0.5	1.0	tBuOK	0.5	Mn(CO)3(NHC)2	Mn	no	Air	1.5	50.0	24.0	56.0	37.333333333333336	0	False	oxygen	2019	1.0	1.0
10.1039/c9cc02989c	PhMe	0.5	0.5	1.0	tBuOK	0.5	MnBr(CO)5	Mn	no	N2	1.5	50.0	24.0	26.0	17.333333333333332	0	False	inert	2019	1.0	1.0
10.1002/aoc.4704	PhMe	1.0	1.5	1.5	tBuOK	1.0	no		no	Ar	0.0	120.0	24.0	0.0		0	False	inert	2018	1.0	0.6666666666666666
10.1021/acs.organomet.8b00908	PhMe	1.0	1.0	1.0	no base	0.0	no		no	N2	0.0	25.0	48.0	0.0		0	False	inert	2019	0.0	0.0
10.1002/ejic.201900191	neat	1.0	1.5	1.5	tBuOK	1.5	no		no	Ar	0.0	120.0	20.0	0.0		0	False	inert	2019	1.5	1.0
10.1021/acscatal.9b02977	PhMe	0.25	1.0	4.0	tBuOK	0.25	no		no	Ar	0.0	130.0	24.0	0.0		0	False	inert	2019	1.0	0.25
10.1039/c7dt04326k	PhMe	1.0	1.0	1.0	no base	0.0	no		no	N2	0.0	100.0	4.0	0.0		0	False	inert	2018	0.0	0.0
10.1002/ejic.201701479	PhMe	1.1	1.0	0.9090909090909092	tBuOK	2.5	no		no	Ar	0.0	120.0	24.0	0.0		0	False	inert	2018	2.2727272727272725	2.5
10.1039/c8gc00557e	neat	2.0	4.0	2.0	KOH	1.0	no		no	no data	0.0	100.0	12.0	1.0	inf	0	False	no_data	2018	0.5	0.25
10.1039/c8gc00557e	neat	2.0	4.0	2.0	KOH	1.0	no		no	no data	0.0	80.0	12.0	1.0	inf	0	False	no_data	2018	0.5	0.25
10.1039/c8cy01200h	CyOMe	0.5	1.0	2.0	KOH	0.25	no		no	Ar	0.0	140.0	18.0	0.07	inf	0	False	inert	2018	0.5	0.25
10.1002/cctc.201801525	PhMe	1.0	1.3	1.3	KOH	0.5	N-C (N-dopped carbon)		no	N2	0.0	130.0	24.0	2.25	inf	0	False	inert	2018	0.5	0.3846153846153846
10.1002/cctc.201801525	PhMe	1.0	1.3	1.3	KOH	0.5	no		no	N2	0.0	130.0	24.0	0.0		0	False	inert	2018	0.5	0.3846153846153846
10.1016/j.tet.2017.03.001	neat	3.0	3.6	1.2	LiOH	1.5	no		P(2-Fu)3 (0,4 mol%), 4A MS	Ar	0.0	100.0	24.0	28.0	inf	0	False	inert	2017	0.5	0.4166666666666666
10.1016/j.tet.2017.03.001	neat	3.0	3.6	1.2	LiOH	1.5	no		no	Ar	0.0	100.0	24.0	12.0	inf	0	False	inert	2017	0.5	0.4166666666666666
10.1016/j.tet.2017.03.001	neat	3.0	3.6	1.2	LiOH	1.5	no		P(2-Fu)3 (0,4 mol%), 4A MS	Ar	0.0	100.0	24.0	0.0		0	False	inert	2017	0.5	0.4166666666666666
10.3184/174751917x14931195075562	DCM	0.5	0.6	1.2	Na2CO3	0.6	no		no	Ar	0.0	40.0	18.0	0.0		0	False	inert	2017	1.2	1.0
10.1002/cctc.201700678	H2O	1.0	1.0	1.0	no base	0.0	no		no	N2	0.0	110.0	24.0	0.0		0	False	inert	2017	0.0	0.0
10.1039/c6gc00938g	neat	2.0	3.0	1.5	no base	0.0	no		no	Air	0.0	160.0	24.0	0.0		0	False	oxygen	2016	0.0	0.0
10.1039/c6cy00597g	PhMe	0.1	0.21	2.1	KOH	0.1	no		no	N2	0.0	130.0	24.0	0.0		0	False	inert	2016	1.0	0.4761904761904762
10.1002/cctc.201402916	PhMe	1.0	1.5	1.5	no base	0.0	mesoporous aluminosilicates (50 mg)		no	no data	0.0	110.0	24.0	60.0	inf	acidic cat.	False	no_data	2015	0.0	0.0
10.1021/cs300756f	neat	0.05	49.7	994.0	no base	0.0	no		TiO2, hv (lambda>300 nm)	N2	0.0	25.0	6.0	0.0		irradiation	False	inert	2013	0.0	0.0
10.1246/bcsj.20090269	MeCN	1.2	1.0	0.8333333333333334	no base	0.0	no		4,4'-azopyridine (1.3 mmol), PPh3 (1.3 mmol)	no data	0.0	82.0	7.0	80.0	inf	Azo= ArN=NAr	True	no_data	2010	0.0	0.0
10.1021/cs300756f	neat	0.05	49.7	994.0	no base	0.0	Pd0,1/TiO2	Pd	hv (lambda>300 nm)	N2	1.0	25.0	6.0	49.0	49.0	irradiation	False	inert	2013	0.0	0.0
10.1021/cs300756f	neat	0.05	49.7	994.0	no base	0.0	Pd0,3/TiO2	Pd	hv (lambda>300 nm)	N2	3.0	25.0	6.0	92.0	30.666666666666668	irradiation	True	inert	2013	0.0	0.0
10.1021/cs300756f	neat	0.05	49.7	994.0	no base	0.0	Pd0,5/TiO2	Pd	hv (lambda>300 nm)	N2	5.0	25.0	6.0	81.0	16.2	irradiation	True	inert	2013	0.0	0.0
10.1021/cs300756f	neat	0.05	49.7	994.0	no base	0.0	Pd1,0/TiO2	Pd	hv (lambda>300 nm)	N2	10.0	25.0	6.0	64.0	6.4	irradiation	False	inert	2013	0.0	0.0
10.1021/cs400799n	neat	2.0	6.0	3.0	LiOH	0.4	PdCl2	Pd	dppe(1 mol%)	Ar	1.0	90.0	24.0	94.0	94.0	0	True	inert	2013	0.2	0.0666666666666666
10.1021/cs400799n	neat	2.0	6.0	3.0	LiOH	0.4	PdCl2	Pd	dppf(tBu)(1 mol%)	Ar	1.0	90.0	24.0	84.0	84.0	0	True	inert	2013	0.2	0.0666666666666666
10.1055/s-0030-1260238	PhMe	2.5	5.0	2.0	CsOH	2.5	Pd(Oac)2	Pd	no	Air?	1.0	90.0	24.0	80.0	80.0	0	True	oxygen	2011	1.0	0.5
10.1002/adsc.201701117	dioxane	0.55	0.72	1.3090909090909089	tBuOK	0.1375	Ru(1,10-phenanthroline)Py(PPh3)2(PF6)	Ru	no	Ar	0.001	110.0	60.0	42.84	42840.0	0	False	inert	2017	0.25	0.1909722222222222
10.1021/acs.inorgchem.9b03049	neat	1.0	1.2	1.2	tBuOK	0.0	RuNHC	Ru	no	Ar	0.001	120.0	4.0	33.0	33000.0	0	False	inert	2020	0.0	0.0
10.1002/ejoc.201901310	neat	5.14	5.09	0.990272373540856	Na	3.6	tBu2NNN)Ru(Cl2)(PPh3)	Ru	no	Ar	0.02	140.0	20.0	57.0	2850.0	16	False	inert	2019	0.7003891050583658	0.7072691552062869
10.1002/cctc.201501346	PhMe	0.55	0.5	0.9090909090909092	HCOONa	1.5	Pd/C	Pd	no	N2	5.0	90.0	24.0	51.0	10.2	0	False	inert	2016	2.727272727272727	3.0
10.1039/c5ra07225e	neat	2.0	6.0	3.0	LiOH	0.4	Pd-SiO2XantPhosOAc	Pd	no	Ar	0.042	100.0	24.0	81.0	1928.5714285714284	0	True	inert	2015	0.2	0.0666666666666666
10.1016/j.tet.2017.03.001	neat	5.3	6.4	1.207547169811321	LiOH	2.7	Pd2((AcO)pirazoleAr3)2	Pd	P(2-Fu)3 (0,4 mol%), 4A MS	Ar	0.05	100.0	24.0	81.0	1620.0	0	True	inert	2017	0.5094339622641509	0.421875
10.1021/cs300756f	neat	0.05	49.7	994.0	no base	0.0	Pt0,3/TiO2	Pt	hv (lambda>300 nm)	N2	3.0	25.0	6.0	3.0	1.0	irradiation	False	inert	2013	0.0	0.0
10.1039/c3cc42669f	neat	1.0	1.1	1.1	tBuOK	0.5	IrNHC	Ir	no	Ar	0.5	25.0	48.0	93.0	186.0	0	True	inert	2013	0.5	0.4545454545454545
10.1039/c5ra07225e	neat	2.0	6.0	3.0	LiOH	0.4	Pd-SiO2XantPhosCl	Pd	no	Ar	0.043	100.0	24.0	65.0	1511.6279069767445	0	False	inert	2015	0.2	0.0666666666666666
10.1016/j.tet.2017.03.001	neat	5.3	6.4	1.207547169811321	LiOH	2.7	Pd2((AcO)pirazoleAr3)2	Pd	P(2-Fu)3 (0,4 mol%), 4A MS	Ar	0.1	100.0	24.0	85.0	850.0	0	True	inert	2017	0.5094339622641509	0.421875
10.1016/j.tet.2017.03.001	neat	5.3	6.4	1.207547169811321	LiOH	2.7	Pd2((AcO)pirazoleAr3)2	Pd	P(2-Fu)3 (0,4 mol%), 4A MS	Ar	0.2	100.0	24.0	91.0	455.0	0	True	inert	2017	0.5094339622641509	0.421875
10.3184/174751917x14931195075562	DCM	0.5	0.6	1.2	Cs2CO3	0.6	(C6H5benzothiazole)2Ir+P(nBu)3(OTf)-	Ir	no	Ar	1.0	40.0	18.0	64.0	64.0	0	False	inert	2017	1.2	1.0
10.1002/ejoc.201901310	neat	5.14	5.09	0.990272373540856	Na	3.6	tBu2NNN)Ru(Cl2)(PPh3)	Ru	no	Ar	0.02	120.0	20.0	53.0	2650.0	11	False	inert	2019	0.7003891050583658	0.7072691552062869
10.3184/174751917x14931195075562	DCM	0.5	0.6	1.2	NaOH	0.6	(C6H5benzothiazole)2Ir+P(nBu)3(OTf)-	Ir	no	Ar	1.0	40.0	18.0	53.0	53.0	0	False	inert	2017	1.2	1.0
10.1002/ejoc.201901310	neat	5.14	5.09	0.990272373540856	tBuONa	3.6	tBu2NNN)Ru(Cl2)(PPh3)	Ru	no	Ar	0.02	120.0	20.0	53.0	2650.0	23	False	inert	2019	0.7003891050583658	0.7072691552062869
10.3184/174751917x14931195075562	DCM	0.5	0.6	1.2	KOH	0.6	(C6H5benzothiazole)2Ir+P(nBu)3(OTf)-	Ir	no	Ar	1.0	40.0	18.0	47.0	47.0	0	False	inert	2017	1.2	1.0
10.1002/ejoc.201901310	neat	5.14	5.09	0.990272373540856	tBuOK	3.6	tBu2NNN)Ru(Cl2)(PPh3)	Ru	no	Ar	0.02	120.0	20.0	26.0	1300.0	3	False	inert	2019	0.7003891050583658	0.7072691552062869
10.1016/j.tet.2017.03.001	neat	3.0	3.6	1.2	LiOH	1.5	Pd2((AcO)pirazoleAr3)2	Pd	P(2-Fu)3 (0,4 mol%), 4A MS	Ar	0.4	100.0	24.0	98.0	245.0	0	True	inert	2017	0.5	0.4166666666666666
10.1016/j.tet.2017.03.001	neat	5.3	6.4	1.207547169811321	LiOH	2.7	Pd2((AcO)pirazoleAr3)2	Pd	P(2-Fu)3 (0,4 mol%), 4A MS	Ar	0.4	100.0	24.0	98.0	245.0	0	True	inert	2017	0.5094339622641509	0.421875
10.1016/j.catcom.2017.03.007	PhMe	1.0	1.0	1.0	tBuOK	1.0	[Ru(COD)Cl2]n	Ru	imidazole(CH2)2N(CH2PPh2)2	N2	0.1	100.0	48.0	96.0	960.0	0	True	inert	2017	1.0	1.0
10.1002/ejoc.201901310	neat	5.14	5.09	0.990272373540856	tBuOK	3.6	tBu2NNN)Ru(Cl2)(PPh3)	Ru	no	Ar	0.05	120.0	20.0	46.0	920.0	5	False	inert	2019	0.7003891050583658	0.7072691552062869
10.1016/j.tet.2017.03.001	neat	3.0	3.6	1.2	LiOH	1.5	Pd2((AcO)pirazoleAr3)2	Pd	P(2-Fu)3 (0,2 mol%), 4A MS	Ar	0.4	100.0	24.0	91.0	227.5	0	True	inert	2017	0.5	0.4166666666666666
10.1016/j.tet.2017.03.001	neat	3.0	3.6	1.2	LiOH	1.5	Pd2((AcO)pirazoleAr3)2	Pd	P(2-Fu)3 (0,1 mol%), 4A MS	Ar	0.4	100.0	24.0	81.0	202.5	0	True	inert	2017	0.5	0.4166666666666666
10.1002/cctc.201801525	PhMe	1.0	1.3	1.3	KOH	0.5	Ru/N-C (N-dopped carbon)	Ru	0	N2	0.1	130.0	24.0	88.0	880.0	0	True	inert	2018	0.5	0.3846153846153846
10.1002/ejoc.201901310	neat	5.14	5.09	0.990272373540856	Na	3.6	tBu2NNN)Ru(Cl2)(PPh3)	Ru	no	Ar	0.02	100.0	20.0	16.0	800.0	17	False	inert	2019	0.7003891050583658	0.7072691552062869
10.1002/ejoc.201901310	neat	5.14	5.09	0.990272373540856	tBuOK	5.1	tBu2NNN)Ru(Cl2)(PPh3)	Ru	no	Ar	0.02	120.0	20.0	16.0	800.0	4	False	inert	2019	0.9922178988326849	1.0019646365422397
10.1016/j.catcom.2017.03.007	PhMe	1.0	1.0	1.0	tBuOK	1.0	[Ru(COD)Cl2]n	Ru	imidazole(CH2)2N(CH2PPh2)2	N2	0.1	100.0	24.0	75.33	753.3	0	True	inert	2017	1.0	1.0
10.3184/174751917x14931195075562	DCM	0.5	0.6	1.2	tBuOK	0.6	(C6H5benzothiazole)2Ir+P(nBu)3(OTf)-	Ir	no	Ar	1.0	40.0	18.0	42.0	42.0	0	False	inert	2017	1.2	1.0
10.3184/174751917x14931195075562	DCM	0.5	0.6	1.2	Na2CO3	0.6	(C6H5benzothiazole)2Ir+P(nBu)3(OTf)-	Ir	no	Ar	1.0	40.0	18.0	37.0	37.0	0	False	inert	2017	1.2	1.0
10.1002/aoc.4277	PhMe	1.0	2.0	2.0	tBuOK	1.0	[Ru(COD)Cl2]n	Ru	(Me)imidazole(CH2)4Cl (1 mol%)	Ar	0.1	100.0	24.0	75.3	752.9999999999999	0	True	inert	2018	1.0	0.5
10.1002/ejoc.201901310	neat	5.14	5.09	0.990272373540856	tBuOK	2.545	tBu2NNN)Ru(Cl2)(PPh3)	Ru	no	Ar	0.02	140.0	20.0	15.0	750.0	0	False	inert	2019	0.495136186770428	0.5
10.3184/174751917x14931195075562	DCM	0.5	0.6	1.2	Na2CO3	0.6	(C6H5benzothiazole)2Ir+PPh3(OTf)-	Ir	no	Ar	1.0	40.0	18.0	23.0	23.0	0	False	inert	2017	1.2	1.0
10.3184/174751917x14931195075562	DCM	0.5	0.6	1.2	Na2CO3	0.6	IrCl3	Ir	no	Ar	1.0	40.0	18.0	0.0	0.0	0	False	inert	2017	1.2	1.0
10.1039/c7dt04326k	PhMe	1.0	1.0	1.0	no base	0.0	Cp*IrN=CH(anthracene)Cl	Ir	no	N2	0.3	50.0	4.0	15.0	50.0	0	False	inert	2018	0.0	0.0
10.1002/chem.201101725	p-xylene	1.0	1.0	1.0	no base	0.0	PtSn/Al2O3 1:3	Pt	no	N2	0.25	110.0	24.0	67.0	268.0	0	True	inert	2011	0.0	0.0
10.1039/c3cc42669f	diglyme	0.5	0.55	1.1	tBuOK	0.25	IrNHC	Ir	no	Ar	0.5	50.0	24.0	97.0	194.0	0	True	inert	2013	0.5	0.4545454545454545
10.1016/j.poly.2021.115289	PhMe	0.5	0.5	1.0	tBuOK	0.375	IrNHC	Ir	0	Ar	0.5	50.0	12.0	96.0	192.0	0	True	inert	2021	0.75	0.75
10.1039/c3cc42669f	neat	1.0	1.1	1.1	tBuOK	0.5	IrNHC	Ir	no	Ar	0.5	50.0	24.0	95.0	190.0	0	True	inert	2013	0.5	0.4545454545454545
10.1002/ejoc.201901310	neat	5.14	5.09	0.990272373540856	Na	3.6	tBu2NNN)Ru(Cl2)(PPh3)	Ru	no	Ar	0.1	120.0	20.0	73.0	730.0	18	True	inert	2019	0.7003891050583658	0.7072691552062869
10.1002/chem.201201845	PhMe	1.0	1.0	1.0	no base	0.0	IrNHC	Ir	no	Ar	2.0	50.0	48.0	99.0	49.5	0	True	inert	2012	0.0	0.0
10.1016/j.catcom.2015.10.028	neat	1.0	1.6	1.6	tBuOK	1.0	CymeneRuCl2	Ru	NHC ligand (1 mol%)	no data	0.125	120.0	24.0	90.16	721.28	0	True	no_data	2015	1.0	0.625
10.1021/acs.organomet.8b00908	PhMe	1.0	1.0	1.0	no base	0.0	Cp*-S-Rh-N-anthracene-Cl	Rh	no	N2	0.5	25.0	4.0	0.0	0.0	0	False	inert	2019	0.0	0.0
10.1021/acscatal.8b02530	THF	1.0	1.4	1.4	tBuOK	1.0	Mn-PNP-pincer	Mn	no	Ar	5.0	50.0	18.0	76.0	15.2	0	True	inert	2018	1.0	0.7142857142857143
10.1021/acs.organomet.8b00908	PhMe	1.0	1.0	1.0	no base	0.0	Cp*-S-Rh-N-anthracene-Cl	Rh	no	N2	0.5	50.0	4.0	24.0	48.0	0	False	inert	2019	0.0	0.0
10.1002/chem.201201845	PhMe	1.0	1.0	1.0	no base	0.0	IrNHC	Ir	no	Ar	2.0	60.0	24.0	95.0	47.5	0	True	inert	2012	0.0	0.0
10.1016/j.tet.2017.03.001	neat	3.0	3.6	1.2	LiOH	1.5	Pd2((AcO)pirazoleAr3)2	Pd	P(2-Fu)3 (0,6 mol%), 4A MS	Ar	0.4	100.0	24.0	64.0	160.0	0	False	inert	2017	0.5	0.4166666666666666
10.3184/174751917x14931195075562	THF	0.5	0.6	1.2	Cs2CO3	0.6	(C6H5benzothiazole)2Ir+P(nBu)3(OTf)-	Ir	no	Ar	1.0	66.0	18.0	76.0	76.0	0	True	inert	2017	1.2	1.0
10.1016/j.tet.2017.03.001	neat	3.0	3.6	1.2	LiOH	1.5	Pd2((AcO)pirazoleAr3)2	Pd	P(2-Fu)3 (0,4 mol%)	Ar	0.4	100.0	24.0	56.0	140.0	0	False	inert	2017	0.5	0.4166666666666666
10.1016/j.tet.2017.03.001	neat	3.0	3.6	1.2	LiOH	1.5	PdCl2	Pd	P(2-Fu)3 (0,4 mol%), 4A MS	Ar	0.4	100.0	24.0	46.0	115.0	0	False	inert	2017	0.5	0.4166666666666666
10.1021/cs400799n	neat	2.0	6.0	3.0	LiOH	0.4	PdCl2	Pd	XantPhos(tBu)(1 mol%)	Ar	1.0	100.0	24.0	99.0	99.0	0	True	inert	2013	0.2	0.0666666666666666
10.1039/c5ra07225e	neat	2.0	6.0	3.0	LiOH	0.4	PdCl2	Pd	Xantphos(tBu) (1mol%)	Ar	1.0	100.0	24.0	99.0	99.0	0	True	inert	2015	0.2	0.0666666666666666
10.1002/chem.201402952	diglyme	2.0	2.2	1.1	tBuOK	1.8	(Ir(cod)Ome)2	Ir	PN ligand	Ar	0.0	70.0	24.0	2.0	inf	0	False	inert	2014	0.9	0.8181818181818181
10.1016/j.catcom.2015.10.028	neat	1.0	1.6	1.6	tBuOK	1.0	CymeneRuCl2	Ru	NHC ligand (1 mol%)	no data	0.125	120.0	15.0	76.5	612.0	0	True	no_data	2015	1.0	0.625
10.1002/ejoc.201901310	neat	5.14	5.09	0.990272373540856	NaOH	3.6	tBu2NNN)Ru(Cl2)(PPh3)	Ru	no	Ar	0.02	120.0	20.0	12.0	600.0	24	False	inert	2019	0.7003891050583658	0.7072691552062869
10.1002/adsc.201701117	dioxane	0.55	0.72	1.3090909090909089	tBuOK	0.1375	Ru(1,10-phenanthroline)Py(PPh3)2(PF6)	Ru	no	Ar	0.2	125.0	16.0	100.0	500.0	0	True	inert	2017	0.25	0.1909722222222222
10.1039/c5ra07225e	neat	2.0	6.0	3.0	LiOH	0.4	PdCl2	Pd	BuNiXantphos (1mol%)	Ar	1.0	100.0	24.0	99.0	99.0	0	True	inert	2015	0.2	0.0666666666666666
10.1002/adsc.201701117	dioxane	0.55	0.72	1.3090909090909089	tBuOK	0.55	Ru(1,10-phenanthroline)Py(PPh3)2(PF6)	Ru	no	Ar	0.2	110.0	12.0	95.06	475.3	0	True	inert	2017	1.0	0.763888888888889
10.1002/cctc.201801525	PhMe	1.0	1.3	1.3	KOH	0.5	Ru/N-C (N-dopped carbon)	Ru	0	N2	0.2	110.0	24.0	95.0	475.0	0	True	inert	2018	0.5	0.3846153846153846
10.1002/cctc.201801525	PhMe	1.0	1.3	1.3	KOH	0.5	Ru/N-C (N-dopped carbon)	Ru	0	N2	0.2	130.0	24.0	95.0	475.0	0	True	inert	2018	0.5	0.3846153846153846
10.1002/chem.201402952	diglyme	2.0	2.2	1.1	tBuOK	1.8	(Ir(cod)Ome)2	Ir	PN ligand	Ar	0.025	70.0	24.0	46.0	1840.0	0	False	inert	2014	0.9	0.8181818181818181
10.1002/ejoc.201901310	neat	5.14	5.09	0.990272373540856	Na	5.1	tBu2NNN)Ru(Cl2)(PPh3)	Ru	no	Ar	0.1	120.0	20.0	47.0	470.0	19	False	inert	2019	0.9922178988326849	1.0019646365422397
10.1002/chem.201001871	diglyme	1.0	1.1	1.1	tBuOK	1.1	Ir*PNP complex	Ir	no	Ar	0.05	70.0	24.0	65.0	1300.0	0	False	inert	2010	1.1	1.0
10.1021/cs400799n	neat	2.0	6.0	3.0	LiOH	0.4	PdCl2	Pd	dppf(tBu)(1 mol%)	Ar	1.0	100.0	24.0	98.0	98.0	0	True	inert	2013	0.2	0.0666666666666666
10.1002/chem.201402952	diglyme	2.0	2.2	1.1	tBuOK	1.8	(Ir(cod)Ome)2	Ir	PN ligand	Ar	0.05	70.0	24.0	63.0	1260.0	0	False	inert	2014	0.9	0.8181818181818181
10.1021/cs400799n	neat	2.0	6.0	3.0	LiOH	0.4	PdCl2	Pd	dppe(1 mol%)	Ar	1.0	100.0	24.0	96.0	96.0	0	True	inert	2013	0.2	0.0666666666666666
10.1016/j.tet.2016.11.029	neat	10.0	10.0	1.0	no base	0.0	Pt-Sn/g-Al2O3 (0,05 mol% Pt)	Pt	no	N2	0.05	145.0	8.0	95.0	1900.0	0	True	inert	2016	0.0	0.0
10.1021/cs400799n	neat	2.0	6.0	3.0	LiOH	0.4	PdCl2	Pd	dppe(1 mol%)	Ar	1.0	100.0	24.0	96.0	96.0	0	True	inert	2013	0.2	0.0666666666666666
10.1002/chem.201001871	diglyme	1.0	1.1	1.1	tBuOK	1.1	Ir*PNP complex	Ir	no	Ar	0.1	70.0	24.0	92.0	920.0	0	True	inert	2010	1.1	1.0
10.1002/chem.201101725	p-xylene	1.0	1.0	1.0	no base	0.0	PtSn/Al2O3 1:3	Pt	no	N2	0.1	145.0	8.0	65.0	650.0	0	False	inert	2011	0.0	0.0
10.1002/adsc.201701117	dioxane	0.55	0.72	1.3090909090909089	tBuOK	0.1375	Ru(1,10-phenanthroline)Py(PPh3)2(PF6)	Ru	no	Ar	0.2	110.0	16.0	92.15	460.75	0	True	inert	2017	0.25	0.1909722222222222
10.1002/chem.201101725	p-xylene	1.0	1.1	1.1	no base	0.0	PtSn/Al2O3 1:3	Pt	no	N2	0.25	145.0	8.0	98.0	392.0	0	True	inert	2011	0.0	0.0
10.1002/chem.201101725	p-xylene	1.0	1.0	1.0	no base	0.0	PtSn/Al2O3 1:3	Pt	no	N2	0.25	145.0	8.0	97.0	388.0	0	True	inert	2011	0.0	0.0
10.1002/chem.201101725	p-xylene	1.0	1.0	1.0	no base	0.0	PtSn/Al2O3 1:2	Pt	no	N2	0.25	145.0	8.0	94.0	376.0	0	True	inert	2011	0.0	0.0
10.1016/j.poly.2014.12.015	PhMe	2.0	2.0	1.0	no base	0.0	Copper(I) complex	Cu	no	Air?	1.0	120.0	12.0	0.0	0.0	0	False	oxygen	2015	0.0	0.0
10.1002/chem.201402952	diglyme	2.0	2.2	1.1	tBuOK	1.8	(Ir(cod)Ome)2	Ir	PN ligand	Ar	0.1	70.0	24.0	75.0	750.0	0	True	inert	2014	0.9	0.8181818181818181
10.1002/adsc.201701117	dioxane	0.55	0.72	1.3090909090909089	tBuOK	0.825	Ru(1,10-phenanthroline)Py(PPh3)2(PF6)	Ru	no	Ar	0.2	110.0	12.0	90.0	450.0	0	True	inert	2017	1.4999999999999998	1.1458333333333333
10.1002/ejoc.201901310	neat	5.14	5.09	0.990272373540856	tBuOK	3.6	tBu2NNN)Ru(Cl2)(PPh3)	Ru	no	Ar	0.1	120.0	20.0	45.0	450.0	6	False	inert	2019	0.7003891050583658	0.7072691552062869
10.1002/chem.201101725	p-xylene	1.0	1.0	1.0	no base	0.0	PtSn/Al2O3 1:5	Pt	no	N2	0.25	145.0	8.0	94.0	376.0	0	True	inert	2011	0.0	0.0
10.1002/ejoc.201901310	neat	5.14	5.09	0.990272373540856	KOH	3.6	tBu2NNN)Ru(Cl2)(PPh3)	Ru	no	Ar	0.02	120.0	20.0	9.0	450.0	9	False	inert	2019	0.7003891050583658	0.7072691552062869
10.1002/chem.201402952	diglyme	2.0	2.2	1.1	tBuOK	1.8	(Ir(cod)Ome)2	Ir	PN ligand	Ar	0.1	70.0	24.0	75.0	750.0	0	True	inert	2014	0.9	0.8181818181818181
10.1002/chem.201402952	diglyme	2.0	2.4	1.2	tBuOK	1.8	(Ir(cod)Ome)2	Ir	PN ligand	Ar	0.1	70.0	24.0	72.0	720.0	0	True	inert	2014	0.9	0.75
10.1002/chem.201402952	diglyme	2.0	2.4	1.2	tBuOK	1.8	(Ir(cod)Ome)2	Ir	PN ligand	Ar	0.1	70.0	24.0	72.0	720.0	0	True	inert	2014	0.9	0.75
10.1002/chem.201101725	p-xylene	1.0	1.0	1.0	no base	0.0	PtSn/Al2O3 1:7	Pt	no	N2	0.25	145.0	8.0	93.0	372.0	0	True	inert	2011	0.0	0.0
10.1021/om300692a	PhMe	2.0	2.0	1.0	KOH	1.0	RuNHC	Ru	no	Ar	0.15	100.0	72.0	65.0	433.33333333333337	0	False	inert	2012	0.5	0.5
10.1021/om300692a	PhMe	2.0	2.0	1.0	KOH	1.0	RuNHC	Ru	no	Ar	0.15	100.0	72.0	62.0	413.33333333333337	0	False	inert	2012	0.5	0.5
10.1002/adsc.201701117	dioxane	0.55	0.72	1.3090909090909089	tBuOK	0.275	Ru(1,10-phenanthroline)Py(PPh3)2(PF6)	Ru	no	Ar	0.2	110.0	12.0	80.0	400.0	0	True	inert	2017	0.5	0.3819444444444445
10.1039/d1ob00362c	PhMe	1.0	1.0	1.0	tBuOK	0.75	RuPNHC	Ru	no	Ar	0.25	70.0	12.0	98.0	392.0	0	True	inert	2021	0.75	0.75
10.1002/adsc.201701117	dioxane	0.55	0.66	1.2	tBuOK	0.1375	Ru(1,10-phenanthroline)Py(PPh3)2(PF6)	Ru	no	Ar	0.2	110.0	16.0	78.32	391.6	0	True	inert	2017	0.25	0.2083333333333333
10.1002/chem.201402952	diglyme	2.0	2.0	1.0	tBuOK	1.8	(Ir(cod)Ome)2	Ir	PN ligand	Ar	0.1	70.0	24.0	70.0	700.0	0	True	inert	2014	0.9	0.9
10.1039/c9cc02989c	PhMe	0.5	0.5	1.0	NaOH	0.5	Mn(CO)3(NHC)2	Mn	no	N2	1.5	50.0	24.0	10.0	6.666666666666667	0	False	inert	2019	1.0	1.0
10.1002/chem.201101725	p-xylene	1.0	1.0	1.0	no base	0.0	PtSn/Al2O3 1:9	Pt	no	N2	0.25	145.0	8.0	91.0	364.0	0	True	inert	2011	0.0	0.0
10.1002/chem.201402952	diglyme	2.0	2.4	1.2	tBuOK	1.4	(Ir(cod)Ome)2	Ir	PN ligand	Ar	0.1	70.0	24.0	68.0	680.0	0	True	inert	2014	0.7	0.5833333333333334
10.1039/d1ob00362c	neat	1.0	1.0	1.0	tBuOK	0.75	RuPNHC	Ru	no	Ar	0.25	70.0	12.0	97.0	388.0	0	True	inert	2021	0.75	0.75
10.1002/adsc.201701117	dioxane	0.55	0.83	1.5090909090909088	tBuOK	0.1375	Ru(1,10-phenanthroline)Py(PPh3)2(PF6)	Ru	no	Ar	0.2	110.0	16.0	76.36	381.8	0	True	inert	2017	0.25	0.1656626506024096
10.1002/chem.201402952	diglyme	2.0	2.4	1.2	tBuOK	2.0	(Ir(cod)Ome)2	Ir	PN ligand	Ar	0.1	70.0	24.0	66.0	660.0	0	True	inert	2014	1.0	0.8333333333333334
10.1021/cs400799n	neat	2.0	6.0	3.0	LiOH	0.4	PdCl2	Pd	XantPhos(tBu)(1 mol%)	Ar	1.0	100.0	24.0	96.0	96.0	0	True	inert	2013	0.2	0.0666666666666666
10.1039/c5ra07225e	neat	2.0	6.0	3.0	LiOH	0.4	PdCl2	Pd	dppe(1 mol%)	Ar	1.0	100.0	24.0	96.0	96.0	0	True	inert	2015	0.2	0.0666666666666666
10.1002/chem.201402952	diglyme	2.0	2.4	1.2	tBuOK	2.2	(Ir(cod)Ome)2	Ir	PN ligand	Ar	0.1	70.0	24.0	63.0	630.0	0	False	inert	2014	1.1	0.9166666666666669
10.1016/j.jorganchem.2014.01.007	PhMe	0.55	0.5	0.9090909090909092	tBuOK	0.5	[Ru(p-cymene)Cl2] / L	Ru	L = benzimidazoleC6H3Cl3	Ar	0.25	150.0	15.0	95.0	380.0	0	True	inert	2014	0.9090909090909092	1.0
10.1021/cs400799n	neat	2.0	6.0	3.0	LiOH	0.4	PdCl2	Pd	DPEPhos(Cy) (1mol%)	Ar	1.0	100.0	24.0	95.0	95.0	0	True	inert	2013	0.2	0.0666666666666666
10.1039/c5ra07225e	neat	2.0	6.0	3.0	LiOH	0.4	PdCl2	Pd	dpePhos(Cy) (1mol%)	Ar	1.0	100.0	24.0	95.0	95.0	0	True	inert	2015	0.2	0.0666666666666666
10.1021/cs300756f	neat	0.05	49.7	994.0	no base	0.0	Au0,3/TiO2	Au	hv (lambda>300 nm)	N2	3.0	25.0	6.0	0.0	0.0	irradiation	False	inert	2013	0.0	0.0
10.1002/adsc.201701117	dioxane	0.55	0.72	1.3090909090909089	tBuOK	0.1375	Ru(1,10-phenanthroline)Py(PPh3)2(PF6)	Ru	no	Ar	0.2	110.0	12.0	74.8	374.0	0	True	inert	2017	0.25	0.1909722222222222
10.1002/chem.201101725	p-xylene	1.0	1.0	1.0	no base	0.0	PtSn/Al2O3 1:1	Pt	no	N2	0.25	145.0	8.0	80.0	320.0	0	True	inert	2011	0.0	0.0
10.1016/j.tet.2017.03.001	neat	3.0	3.6	1.2	LiOH	1.5	Pd2(dba)3	Pd	P(2-Fu)3 (0,4 mol%), 4A MS	Ar	0.4	100.0	24.0	37.0	92.5	0	False	inert	2017	0.5	0.4166666666666666
10.1002/chem.201402952	diglyme	2.0	2.4	1.2	tBuOK	2.4	(Ir(cod)Ome)2	Ir	PN ligand	Ar	0.1	70.0	24.0	58.0	580.0	0	False	inert	2014	1.2	1.0
10.1002/chem.201402952	diglyme	2.0	2.8	1.4	tBuOK	1.8	(Ir(cod)Ome)2	Ir	PN ligand	Ar	0.1	70.0	24.0	50.0	500.0	0	False	inert	2014	0.9	0.6428571428571429
10.1039/c5ra07225e	neat	2.0	6.0	3.0	LiOH	0.4	PdCl2	Pd	dppf(tBu) (1mol%)	Ar	1.0	100.0	24.0	89.0	89.0	0	True	inert	2015	0.2	0.0666666666666666
10.1039/c5ra07225e	neat	2.0	6.0	3.0	LiOH	0.4	PdCl2	Pd	NiXantphos (1mol%)	Ar	1.0	100.0	24.0	86.0	86.0	0	True	inert	2015	0.2	0.0666666666666666
10.1039/c5ra07225e	neat	2.0	6.0	3.0	LiOH	0.4	Pd(Oac)2	Pd	BuNiXantphos (1mol%)	Ar	1.0	100.0	24.0	83.0	83.0	0	True	inert	2015	0.2	0.0666666666666666
10.1002/chem.201001871	diglyme	1.0	1.1	1.1	tBuOK	1.1	Ir*PNP complex	Ir	no	Ar	0.2	70.0	24.0	99.0	495.0	0	True	inert	2010	1.1	1.0
10.1002/chem.201402952	diglyme	2.0	3.2	1.6	tBuOK	1.8	(Ir(cod)Ome)2	Ir	PN ligand	Ar	0.1	70.0	24.0	47.0	470.0	0	False	inert	2014	0.9	0.5625
10.1039/d1ob00362c	PhMe	1.0	1.0	1.0	tBuOK	0.75	RuPNHC	Ru	no	Ar	0.25	110.0	2.0	91.0	364.0	0	True	inert	2021	0.75	0.75
10.1002/ejoc.201700486	PhMe	0.1	0.11	1.1	KOH	0.02	[RuPy(benzimidazole)2(PPh3)2Cl]+Cl-	Ru	no	no data	0.1	140.0	12.0	36.0	360.0	0	False	no_data	2017	0.1999999999999999	0.1818181818181818
10.1002/ejoc.201901310	neat	5.14	5.09	0.990272373540856	tBuOK	1.2725	tBu2NNN)Ru(Cl2)(PPh3)	Ru	no	Ar	0.02	140.0	20.0	7.0	350.0	0	False	inert	2019	0.247568093385214	0.25
10.1002/adsc.201701117	dioxane	0.55	0.72	1.3090909090909089	tBuOK	0.1375	Ru(1,10-phenanthroline)Py(PPh3)2(Cl)	Ru	no	Ar	0.2	110.0	12.0	66.75	333.75	0	True	inert	2017	0.25	0.1909722222222222
10.1002/adsc.201701117	dioxane	0.55	0.72	1.3090909090909089	tBuOK	0.1375	Ru(1,10-phenanthroline)Py(PPh3)2(PF6)	Ru	no	Ar	0.1	110.0	60.0	32.48	324.79999999999995	0	False	inert	2017	0.25	0.1909722222222222
10.1002/cctc.201801525	dioxane	1.0	1.3	1.3	KOH	0.5	Ru/N-C (N-dopped carbon)	Ru	0	N2	0.3	130.0	24.0	97.0	323.33333333333337	0	True	inert	2018	0.5	0.3846153846153846
10.1002/cctc.201801525	PhMe	1.0	1.3	1.3	CsOH	0.5	Ru/N-C (N-dopped carbon)	Ru	0	N2	0.3	130.0	24.0	97.0	323.33333333333337	0	True	inert	2018	0.5	0.3846153846153846
10.1021/acs.inorgchem.7b02586	PhMe	0.5	0.55	1.1	tBuOK	0.55	Rh(I)(COD)(NHC)triazoleC6H5/CB	Rh	no	Air	0.05	100.0	24.0	49.0	980.0	0	False	oxygen	2017	1.1	1.0
10.1021/cs400799n	neat	2.0	6.0	3.0	LiOH	0.4	PdCl2	Pd	dppb	Ar	1.0	100.0	24.0	82.0	82.0	0	True	inert	2013	0.2	0.0666666666666666
10.1002/chem.201402952	diglyme	2.0	2.2	1.1	tBuOK	1.8	(Ir(cod)Ome)2	Ir	PN ligand	Ar	0.2	70.0	24.0	86.0	430.0	0	True	inert	2014	0.9	0.8181818181818181
10.1002/chem.201101725	p-xylene	1.0	1.0	1.0	no base	0.0	PtSn/TiO2 1:3	Pt	no	N2	0.25	145.0	8.0	55.0	220.0	0	False	inert	2011	0.0	0.0
10.1002/cctc.201801525	PhMe	1.0	1.3	1.3	KOH	0.5	Ru/N-C (N-dopped carbon)	Ru	0	N2	0.3	130.0	24.0	96.0	320.0	0	True	inert	2018	0.5	0.3846153846153846
10.1002/chem.200802318	diglyme	1.0	1.1	1.1	tBuOK	1.1	[Ir(cod)Cl]2	Ir	PNP ligand	Ar	0.1	70.0	24.0	38.0	380.0	0	False	inert	2009	1.1	1.0
10.1021/om300692a	PhMe	2.0	2.0	1.0	KOH	1.0	RuNHC	Ru	no	Ar	0.25	100.0	72.0	79.0	316.0	0	True	inert	2012	0.5	0.5
10.1002/chem.201402952	PhMe	2.0	2.4	1.2	tBuONa	2.4	(Ir(cod)Ome)2	Ir	PN ligand	Ar	0.1	70.0	24.0	36.0	360.0	0	False	inert	2014	1.2	1.0
10.1002/chem.201001871	diglyme	1.0	1.1	1.1	tBuOK	1.1	Ir*PNP complex	Ir	no	Ar	0.3	70.0	24.0	99.0	330.0	0	True	inert	2010	1.1	1.0
10.1002/chem.201402952	diglyme	2.0	2.4	1.2	tBuOK	1.0	(Ir(cod)Ome)2	Ir	PN ligand	Ar	0.1	70.0	24.0	28.0	280.0	0	False	inert	2014	0.5	0.4166666666666667
10.1021/acs.inorgchem.7b02586	PhMe	0.5	0.55	1.1	tBuOK	0.55	Rh(I)(COD)(NHC)triazoleC6H5	Rh	no	N2	0.1	100.0	6.0	55.0	550.0	0	False	inert	2017	1.1	1.0
10.1016/j.tet.2017.03.001	neat	3.0	3.6	1.2	LiOH	1.5	Pd2((AcO)pirazoleAr3)2	Pd	PPh3 (0,4 mol%), 4A MS	Ar	0.4	100.0	24.0	26.0	65.0	0	False	inert	2017	0.5	0.4166666666666666
10.1016/j.tet.2017.03.001	neat	3.0	3.6	1.2	LiOH	1.5	Pd(OAc)2	Pd	P(2-Fu)3 (0,4 mol%), 4A MS	Ar	0.4	100.0	24.0	26.0	65.0	0	False	inert	2017	0.5	0.4166666666666666
10.1002/cctc.201801525	PhMe	1.0	1.3	1.3	KOH	0.5	Ru/С	Ru	0	N2	0.3	130.0	24.0	94.0	313.33333333333337	0	True	inert	2018	0.5	0.3846153846153846
10.1002/chem.201402952	DME	2.0	2.4	1.2	tBuONa	2.4	(Ir(cod)Ome)2	Ir	PN ligand	Ar	0.1	70.0	24.0	26.0	260.0	0	False	inert	2014	1.2	1.0
10.1002/chem.201001871	diglyme	1.0	1.1	1.1	tBuOK	1.1	Ir*PNP complex	Ir	no	Ar	0.4	70.0	24.0	99.0	247.5	0	True	inert	2010	1.1	1.0
10.1021/om300692a	PhMe	2.0	2.0	1.0	KOH	1.0	RuNHC	Ru	no	Ar	0.15	100.0	72.0	46.0	306.6666666666667	0	False	inert	2012	0.5	0.5
10.1016/j.tet.2014.10.007	dioxane	1.0	1.2	1.2	tBuOK	1.0	Ph3PAuCl	Au	AgOTf (5 mol%)	Ar	5.0	60.0	48.0	0.0	0.0	0	False	inert	2014	1.0	0.8333333333333334
10.1021/om300692a	PhMe	2.0	2.0	1.0	KOH	1.0	RuNHC	Ru	no	Ar	0.15	100.0	72.0	45.0	300.0	0	False	inert	2012	0.5	0.5
10.1016/j.tet.2017.03.001	neat	3.0	3.6	1.2	LiOH	1.5	Pd2((AcO)pirazoleAr3)2	Pd	PBnPh2 (0,4 mol%), 4A MS	Ar	0.4	100.0	24.0	24.0	60.0	0	False	inert	2017	0.5	0.4166666666666666
10.1021/cs400799n	neat	2.0	6.0	3.0	LiOH	0.4	PdCl2	Pd	cataCXiumA	Ar	1.0	100.0	24.0	55.0	55.0	0	False	inert	2013	0.2	0.0666666666666666
10.1002/chem.201402952	dioxane	2.0	2.4	1.2	tBuONa	2.4	(Ir(cod)Ome)2	Ir	PN ligand	Ar	0.1	70.0	24.0	24.0	240.0	0	False	inert	2014	1.2	1.0
10.1002/ejoc.201700486	PhMe	0.1	0.11	1.1	KOH	0.02	[RuPy(benzimidazole)2(PPh3)2Cl]+Cl-	Ru	no	no data	0.3	140.0	12.0	87.0	290.0	0	True	no_data	2017	0.1999999999999999	0.1818181818181818
10.1002/chem.201402952	THF	2.0	2.4	1.2	tBuONa	2.4	(Ir(cod)Ome)2	Ir	PN ligand	Ar	0.1	70.0	24.0	21.0	210.0	0	False	inert	2014	1.2	1.0
10.1021/om300692a	PhMe	2.0	2.0	1.0	KOH	1.0	RuNHC	Ru	no	Ar	0.15	100.0	72.0	43.0	286.6666666666667	0	False	inert	2012	0.5	0.5
10.1021/acs.inorgchem.7b02586	PhMe	0.5	0.55	1.1	tBuOK	0.55	Rh(I)(CO)2(NHC)triazoleC6H5	Rh	no	N2	0.1	100.0	6.0	53.0	530.0	0	False	inert	2017	1.1	1.0
10.1002/cctc.201700678	H2O	1.0	1.0	1.0	no base	0.0	Cp*IrCl2NHC(CH2CONEt2)2	Ir	no	N2	2.0	70.0	24.0	42.0	21.0	0	False	inert	2017	0.0	0.0
10.1002/chem.201402952	THF	2.0	2.4	1.2	tBuOK	2.4	(Ir(cod)Ome)2	Ir	PN ligand	Ar	0.1	70.0	24.0	20.0	200.0	0	False	inert	2014	1.2	1.0
10.1002/chem.201001871	diglyme	1.0	1.1	1.1	no base	0.0	Ir*PNP complex	Ir	no	Ar	0.4	70.0	24.0	0.0	0.0	0	False	inert	2010	0.0	0.0
10.1021/om300692a	PhMe	2.0	2.0	1.0	KOH	1.0	RuNHC	Ru	no	Ar	0.15	100.0	72.0	42.0	280.0	0	False	inert	2012	0.5	0.5
10.1021/om300692a	PhMe	2.0	2.0	1.0	KOH	1.0	RuNHC	Ru	no	Ar	0.25	100.0	72.0	65.0	260.0	0	False	inert	2012	0.5	0.5
10.1002/ejoc.201901310	neat	5.14	5.09	0.990272373540856	tBuOK	3.6	tBu2NNN)Ru(Cl2)(PPh3)	Ru	no	Ar	0.2	120.0	20.0	52.0	260.0	7	False	inert	2019	0.7003891050583658	0.7072691552062869
10.1021/om300692a	PhMe	2.0	2.0	1.0	KOH	1.0	RuNHC	Ru	no	Ar	0.25	100.0	72.0	64.0	256.0	0	False	inert	2012	0.5	0.5
10.1002/chem.201402952	diglyme	2.0	2.4	1.2	NaOH	2.4	(Ir(cod)Ome)2	Ir	PN ligand	Ar	0.1	70.0	24.0	19.0	190.0	0	False	inert	2014	1.2	1.0
10.1002/adsc.201701117	dioxane	0.55	0.72	1.3090909090909089	tBuOK	0.1375	RuHCl(CO)(PPh3)3	Ru	no	Ar	0.2	110.0	12.0	49.9	249.5	0	False	inert	2017	0.25	0.1909722222222222
10.1002/adsc.201701117	dioxane	0.55	0.55	1.0	tBuOK	0.1375	Ru(1,10-phenanthroline)Py(PPh3)2(PF6)	Ru	no	Ar	0.2	110.0	16.0	49.14	245.7	0	False	inert	2017	0.25	0.25
10.1002/chem.201402952	diglyme	2.0	2.2	1.1	tBuOK	1.8	(Ir(cod)Ome)2	Ir	PN ligand	Ar	0.5	70.0	24.0	93.0	186.0	0	True	inert	2014	0.9	0.8181818181818181
10.1039/c9cc02989c	PhMe	0.5	0.5	1.0	KOH	0.5	Mn(CO)3(NHC)2	Mn	no	N2	1.5	50.0	24.0	7.0	4.666666666666667	0	False	inert	2019	1.0	1.0
10.1002/chem.201001871	diglyme	1.0	1.1	1.1	tBuOK	1.0	Ir*PNP complex	Ir	no	Ar	0.4	70.0	24.0	72.0	180.0	0	True	inert	2010	1.0	0.9090909090909092
10.1002/chem.201001871	diglyme	1.0	1.1	1.1	tBuOK	0.7	Ir*PNP complex	Ir	no	Ar	0.4	70.0	24.0	68.0	170.0	0	True	inert	2010	0.7	0.6363636363636362
10.1002/chem.201402952	diglyme	2.0	2.4	1.2	tBuONa	2.4	(Ir(cod)Ome)2	Ir	PN ligand	Ar	0.1	70.0	24.0	16.0	160.0	0	False	inert	2014	1.2	1.0
10.1021/om300692a	PhMe	2.0	2.0	1.0	KOH	1.0	RuNHC	Ru	no	Ar	0.25	100.0	72.0	61.0	244.0	0	False	inert	2012	0.5	0.5
10.1002/adsc.201701117	dioxane	0.55	0.72	1.3090909090909089	KOH	0.1375	Ru(1,10-phenanthroline)Py(PPh3)2(PF6)	Ru	no	Ar	0.2	110.0	16.0	48.28	241.4	0	False	inert	2017	0.25	0.1909722222222222
10.1016/j.tet.2014.10.007	THF	1.0	1.2	1.2	tBuOK	1.0	Ph3PAuCl	Au	AgOTf (10 mol%)	Ar	10.0	66.0	48.0	0.0	0.0	0	False	inert	2014	1.0	0.8333333333333334
10.1002/cctc.201801525	PhMe	1.0	1.3	1.3	tBuOK	0.5	Ru/N-C (N-dopped carbon)	Ru	0	N2	0.3	130.0	24.0	71.0	236.66666666666669	0	True	inert	2018	0.5	0.3846153846153846
10.1016/j.ica.2015.01.002	PhMe	2.0	2.0	1.0	KOH	4.0	Ru-hydrazon (PPh3)2COH	Ru	no	no data	0.3	120.0	14.0	68.0	226.66666666666669	0	True	no_data	2015	2.0	2.0
10.1021/om300692a	PhMe	2.0	2.0	1.0	KOH	1.0	RuNHC	Ru	no	Ar	0.25	100.0	72.0	55.0	220.0	0	False	inert	2012	0.5	0.5
10.1021/om300692a	PhMe	2.0	2.0	1.0	KOH	1.0	RuNHC	Ru	no	Ar	0.25	100.0	72.0	55.0	220.0	0	False	inert	2012	0.5	0.5
10.1021/om300692a	PhMe	2.0	2.0	1.0	tBuOK	2.0	RuNHC	Ru	no	Ar	0.5	100.0	24.0	99.0	198.0	0	True	inert	2012	1.0	1.0
10.1021/om300692a	PhMe	2.0	2.0	1.0	KOH	1.0	RuNHC	Ru	no	Ar	0.5	100.0	24.0	99.0	198.0	0	True	inert	2012	0.5	0.5
10.1021/om300692a	PhMe	2.0	2.0	1.0	KOH	2.0	RuNHC	Ru	no	Ar	0.5	100.0	24.0	99.0	198.0	0	True	inert	2012	1.0	1.0
10.1016/j.tet.2017.03.001	neat	3.0	3.6	1.2	LiOH	1.5	Pd2((AcO)pirazoleAr3)2	Pd	P(2-Tol)3 (0,4 mol%), 4A MS	Ar	0.4	100.0	24.0	19.0	47.5	0	False	inert	2017	0.5	0.4166666666666666
10.1002/ejoc.201700486	PhMe	0.1	0.15	1.4999999999999998	KOH	0.02	[RuPy(benzimidazole)2(PPh3)2Cl]+Cl-	Ru	no	no data	0.5	140.0	12.0	99.0	198.0	0	True	no_data	2017	0.1999999999999999	0.1333333333333333
10.1002/ejoc.201700486	PhMe	0.1	0.15	1.4999999999999998	KOH	0.02	[RuPy(benzimidazole)2(PPh3)2Cl]+Cl-	Ru	no	no data	0.5	140.0	2.0	99.0	198.0	0	True	no_data	2017	0.1999999999999999	0.1333333333333333
10.1021/jo200559h	neat	1.0	2.0	2.0	K2CO3	1.3	Cu(OH)2-Fe3O4	Cu	no	Ar	1.3	130.0	96.0	0.0	0.0	0	False	inert	2011	1.3	0.65
10.1016/j.jorganchem.2014.01.007	PhMe	0.55	0.5	0.9090909090909092	tBuOK	0.5	[Ru(p-cymene)Cl2] / L	Ru	L = benzimidazoleC6H3Cl3	Ar	0.5	150.0	15.0	99.0	198.0	0	True	inert	2014	0.9090909090909092	1.0
10.1016/j.tet.2014.10.007	dioxane	1.0	1.2	1.2	tBuOK	1.0	Ph3PAuCl	Au	AgOTf (5 mol%)	Ar	5.0	80.0	48.0	9.0	1.8	0	False	inert	2014	1.0	0.8333333333333334
10.1016/j.ica.2015.01.002	PhMe	2.0	2.0	1.0	KOH	4.0	Ru-hydrazon (PPh3)2COH	Ru	no	no data	0.4	120.0	14.0	79.0	197.5	0	True	no_data	2015	2.0	2.0
10.1002/chem.200802318	diglyme	1.0	1.1	1.1	tBuOK	1.1	[Ir(cod)Cl]2	Ir	PNP ligand	Ar	0.6	70.0	24.0	93.0	155.0	0	True	inert	2009	1.1	1.0
10.1002/chem.201402952	PhMe	2.0	2.4	1.2	tBuOK	2.4	(Ir(cod)Ome)2	Ir	PN ligand	Ar	0.1	70.0	24.0	13.0	130.0	0	False	inert	2014	1.2	1.0
10.1002/chem.201402952	diglyme	2.0	2.4	1.2	tBuOK	0.6	(Ir(cod)Ome)2	Ir	PN ligand	Ar	0.1	70.0	24.0	13.0	130.0	0	False	inert	2014	0.3	0.25
10.1002/chem.201001871	DME	1.0	1.1	1.1	tBuOK	1.1	Ir*PNP complex	Ir	no	Ar	0.4	70.0	24.0	50.0	125.0	0	False	inert	2010	1.1	1.0
10.1016/j.tet.2014.10.007	MeCN	1.0	1.2	1.2	tBuOK	1.0	Ph3PAuCl	Au	AgOTf (10 mol%)	Ar	10.0	82.0	48.0	8.0	0.8	0	False	inert	2014	1.0	0.8333333333333334
10.1039/c3ra44364g	p-xylene	0.65	0.65	1.0	no base	0.0	Cu/Al2O3	Cu	no	N2	18.0	130.0	5.0	85.0	4.722222222222222	0	True	inert	2013	0.0	0.0
10.1021/om300692a	PhMe	2.0	2.0	1.0	tBuOK	1.0	RuNHC	Ru	no	Ar	0.5	100.0	24.0	97.0	194.0	0	True	inert	2012	0.5	0.5
10.1002/chem.201402952	diglyme	2.0	2.4	1.2	K3PO4	2.4	(Ir(cod)Ome)2	Ir	PN ligand	Ar	0.1	70.0	24.0	12.0	120.0	0	False	inert	2014	1.2	1.0
10.1002/chem.201402952	DME	2.0	2.4	1.2	tBuOK	2.4	(Ir(cod)Ome)2	Ir	PN ligand	Ar	0.1	70.0	24.0	12.0	120.0	0	False	inert	2014	1.2	1.0
10.1002/chem.201001871	diglyme	1.0	1.1	1.1	tBuOK	0.5	Ir*PNP complex	Ir	no	Ar	0.4	70.0	24.0	45.0	112.5	0	False	inert	2010	0.5	0.4545454545454545
10.1021/acs.organomet.8b00908	PhMe	1.0	1.0	1.0	no base	0.0	Cp*-S-Rh-N-anthracene-Cl	Rh	no	N2	0.5	100.0	4.0	98.0	196.0	0	True	inert	2019	0.0	0.0
10.1021/acs.inorgchem.7b02586	PhMe	0.5	0.55	1.1	tBuOK	0.55	Rh(I)(COD)(NHC)triazoleC6H5	Rh	no	Air	0.5	100.0	6.0	95.0	190.0	0	True	oxygen	2017	1.1	1.0
10.1039/d1ob00362c	PhMe	1.0	1.0	1.0	tBuOK	1.0	RuPNHC	Ru	no	Ar	0.5	110.0	2.0	97.0	194.0	0	True	inert	2021	1.0	1.0
10.1002/chem.201402952	dioxane	2.0	2.4	1.2	tBuOK	2.4	(Ir(cod)Ome)2	Ir	PN ligand	Ar	0.1	70.0	24.0	10.0	100.0	0	False	inert	2014	1.2	1.0
10.1039/d1ob00362c	PhMe	1.0	1.0	1.0	tBuOK	1.0	RuPNHC	Ru	no	Ar	0.5	110.0	2.0	97.0	194.0	0	True	inert	2021	1.0	1.0
10.1021/cs400799n	neat	2.0	6.0	3.0	LiOH	0.4	Pd(Oac)2	Pd	dppf(tBu)(1 mol%)	Ar	1.0	100.0	24.0	35.0	35.0	0	False	inert	2013	0.2	0.0666666666666666
10.1021/acs.organomet.0c00727	PhMe	0.28	0.25	0.8928571428571428	tBuOK	0.0	CoPPPNCl	Co	no	N2	3.0	65.0	24.0	22.0	7.333333333333333	0	False	inert	2021	0.0	0.0
10.1039/c5ra07225e	neat	2.0	6.0	3.0	LiOH	0.4	PdCl2	Pd	Xantphos (1mol%)	Ar	1.0	100.0	24.0	34.0	34.0	0	False	inert	2015	0.2	0.0666666666666666
10.1016/j.tet.2017.03.001	neat	3.0	3.6	1.2	LiOH	1.5	Pd2((AcO)pirazoleAr3)2	Pd	PCy3 (0,4 mol%), 4A MS	Ar	0.4	100.0	24.0	6.0	15.0	0	False	inert	2017	0.5	0.4166666666666666
10.1002/chem.201402952	diglyme	2.0	2.2	1.1	tBuOK	1.8	(Ir(cod)Ome)2	Ir	PN ligand	Ar	1.0	70.0	24.0	96.0	96.0	0	True	inert	2014	0.9	0.8181818181818181
10.1021/cs400799n	neat	2.0	6.0	3.0	LiOH	0.4	PdCl2	Pd	BINAP	Ar	1.0	100.0	24.0	11.0	11.0	0	False	inert	2013	0.2	0.0666666666666666
10.1021/acs.inorgchem.7b02586	PhMe	0.5	0.55	1.1	tBuOK	0.55	Rh(I)(CO)2(NHC)triazoleC6H5	Rh	no	Air	0.5	100.0	6.0	86.0	172.0	0	True	oxygen	2017	1.1	1.0
10.1021/cs400799n	neat	2.0	6.0	3.0	LiOH	0.4	PdCl2	Pd	DPEphos (1 mol%)	Ar	1.0	100.0	24.0	8.0	8.0	0	False	inert	2013	0.2	0.0666666666666666
10.1002/chem.201001871	diglyme	1.0	1.1	1.1	tBuOK	0.3	Ir*PNP complex	Ir	no	Ar	0.4	70.0	24.0	36.0	90.0	0	False	inert	2010	0.3	0.2727272727272727
10.1002/aoc.6032	PhMe	1.0	1.2	1.2	tBuOK	0.5	Ni/Cu-MCM-41	Ni	no	Ar		80.0	24.0	50.0		0	False	inert	2020	0.5	0.4166666666666667
10.1016/j.apcata.2020.117519	p-xylene	1.1	1.1	1.0	no base	0.0	Cu-In(3)HT-300	Cu	0	N2		154.0	24.0	14.72		0	False	inert	2020	0.0	0.0
10.1039/c9cc02989c	PhMe	0.5	0.5	1.0	K2CO3	0.5	Mn(CO)3(NHC)2	Mn	no	N2	1.5	50.0	24.0	0.0	0.0	0	False	inert	2019	1.0	1.0
10.1039/c9cc02989c	PhMe	0.5	0.5	1.0	Na2CO3	0.5	Mn(CO)3(NHC)2	Mn	no	N2	1.5	50.0	24.0	0.0	0.0	0	False	inert	2019	1.0	1.0
10.1021/acs.organomet.8b00908	PhMe	1.0	1.0	1.0	no base	0.0	C6H6-Se-Ru-N-anthracene-Cl	Ru	no	N2	0.5	100.0	6.0	96.0	192.0	0	True	inert	2019	0.0	0.0
10.1039/d1ob00362c	PhMe	1.0	1.0	1.0	tBuOK	0.75	RuPNHC	Ru	no	Ar	0.5	110.0	2.0	95.0	190.0	0	True	inert	2021	0.75	0.75
10.1002/chem.201001871	PhMe	1.0	1.1	1.1	tBuOK	1.1	Ir*PNP complex	Ir	no	Ar	0.4	70.0	24.0	34.0	85.0	0	False	inert	2010	1.1	1.0
10.1016/j.jorganchem.2019.120957	PhMe	4.0	4.0	1.0	KOH	8.0	trans-Pyr-Ru-H 1	Ru	no	N2	0.5	110.0	24.0	94.1	188.2	0	True	inert	2019	2.0	2.0
10.1021/acs.organomet.8b00908	PhMe	1.0	1.0	1.0	no base	0.0	Cp*-S-Rh-N-anthracene-Cl	Rh	no	N2	0.25	100.0	4.0	30.0	120.0	0	False	inert	2019	0.0	0.0
10.1021/acs.organomet.8b00908	PhMe	1.0	1.0	1.0	no base	0.0	Cp*-S-Rh-N-anthracene-Cl	Rh	no	N2	0.25	100.0	4.0	30.0	120.0	0	False	inert	2019	0.0	0.0
10.1021/om300692a	PhMe	2.0	2.0	1.0	KOH	1.0	RuNHC	Ru	no	Ar	0.5	100.0	15.0	94.0	188.0	0	True	inert	2012	0.5	0.5
10.1021/acs.inorgchem.9b03049	neat	1.0	1.2	1.2	tBuOK	0.2	RuNHC	Ru	no	Ar	0.5	120.0	6.0	94.0	188.0	0	True	inert	2020	0.2	0.1666666666666666
10.1021/cs400799n	neat	2.0	6.0	3.0	LiOH	0.4	PdCl2	Pd	PPh3	Ar	1.0	100.0	24.0	5.0	5.0	0	False	inert	2013	0.2	0.0666666666666666
10.1002/chem.201001871	THF	1.0	1.1	1.1	tBuOK	1.1	Ir*PNP complex	Ir	no	Ar	0.4	70.0	24.0	32.0	80.0	0	False	inert	2010	1.1	1.0
10.1002/chem.201402952	diglyme	2.0	2.4	1.2	KOH	2.4	(Ir(cod)Ome)2	Ir	PN ligand	Ar	0.1	70.0	24.0	8.0	80.0	0	False	inert	2014	1.2	1.0
10.1016/j.catcom.2015.10.028	neat	1.0	1.6	1.6	tBuOK	1.0	CymeneRuCl2	Ru	NHC ligand (1 mol%)	no data	0.5	120.0	15.0	92.15	184.3	0	True	no_data	2015	1.0	0.625
10.1021/cs400799n	neat	2.0	6.0	3.0	LiOH	0.4	PdCl2	Pd	no	Ar	1.0	100.0	24.0	3.0	3.0	0	False	inert	2013	0.2	0.0666666666666666
10.1021/cs400799n	neat	2.0	6.0	3.0	LiOH	0.4	Pd(Oac)2	Pd	no	Ar	1.0	100.0	24.0	0.0	0.0	0	False	inert	2013	0.2	0.0666666666666666
10.1016/j.tet.2017.03.001	neat	3.0	3.6	1.2	LiOH	1.5	Pd2((AcO)pirazoleAr3)2	Pd	P(tBu)3 (0,4 mol%), 4A MS	Ar	0.4	100.0	24.0	0.0	0.0	0	False	inert	2017	0.5	0.4166666666666666
10.1002/chem.201402952	diglyme	2.0	2.4	1.2	tBuOK	0.1	(Ir(cod)Ome)2	Ir	PN ligand	Ar	0.1	70.0	24.0	8.0	80.0	0	False	inert	2014	0.05	0.0416666666666666
10.1016/j.tet.2017.03.001	neat	5.3	6.4	1.207547169811321	LiOH	2.7	Pd2((AcO)pirazoleAr3)2	Pd	P(2-Fu)3 (0,4 mol%), 4A MS	Ar	0.02	110.0	48.0	93.0	4650.0	0	True	inert	2017	0.5094339622641509	0.421875
10.1016/j.tet.2017.03.001	neat	5.3	6.4	1.207547169811321	LiOH	2.7	Pd2((AcO)pirazoleAr3)2	Pd	P(2-Fu)3 (0,4 mol%), 4A MS	Ar	0.02	110.0	24.0	83.0	4150.0	0	True	inert	2017	0.5094339622641509	0.421875
10.1016/j.tet.2017.03.001	neat	5.3	6.4	1.207547169811321	LiOH	2.7	Pd2((AcO)pirazoleAr3)2	Pd	P(2-Fu)3 (0,4 mol%), 4A MS	Ar	0.05	110.0	24.0	87.0	1740.0	0	True	inert	2017	0.5094339622641509	0.421875
10.1016/j.tet.2017.03.001	neat	5.3	6.4	1.207547169811321	LiOH	2.7	Pd2((AcO)pirazoleAr3)2	Pd	P(2-Fu)3 (0,4 mol%), 4A MS	Ar	0.1	110.0	24.0	92.0	920.0	0	True	inert	2017	0.5094339622641509	0.421875
10.1016/j.tet.2017.03.001	neat	5.3	6.4	1.207547169811321	LiOH	2.7	Pd2((AcO)pirazoleAr3)2	Pd	P(2-Fu)3 (0,4 mol%), 4A MS	Ar	0.2	110.0	24.0	96.0	480.0	0	True	inert	2017	0.5094339622641509	0.421875
10.1039/d0gc03725g	neat	3.0	6.0	2.0	no base	0.0	Fe10Pd1NC50	Pd	no	N2	0.2	110.0	16.0	74.0	370.0	0	True	inert	2020	0.0	0.0
10.1016/j.tet.2017.03.001	neat	3.0	3.6	1.2	LiOH	1.5	Pd2((AcO)pirazoleAr3)2	Pd	PPh3 (0,4 mol%), 4A MS	Ar	0.4	110.0	24.0	54.0	135.0	0	False	inert	2017	0.5	0.4166666666666666
10.1016/j.tetlet.2020.152537	PhMe	1.0	2.0	2.0	no base	0.0	Pd(Oac)2	Pd	P(borane)	N2	1.0	110.0	24.0	113.0	113.0	0	True	inert	2020	0.0	0.0
10.1021/cs400799n	neat	2.0	6.0	3.0	LiOH	0.4	PdCl2	Pd	dppf(tBu)(1 mol%)	Ar	1.0	110.0	24.0	99.0	99.0	0	True	inert	2013	0.2	0.0666666666666666
10.1039/d1ob00362c	PhMe	1.0	1.0	1.0	tBuOK	0.75	RuPNHC	Ru	no	Ar	0.5	50.0	24.0	92.0	184.0	0	True	inert	2021	0.75	0.75
10.1021/cs400799n	neat	2.0	6.0	3.0	Na2CO3	0.4	PdCl2	Pd	dppf(tBu)(1 mol%)	Ar	1.0	110.0	24.0	87.0	87.0	0	True	inert	2013	0.2	0.0666666666666666
10.1021/cs400799n	neat	2.0	6.0	3.0	NaHCO3	0.4	PdCl2	Pd	dppf(tBu)(1 mol%)	Ar	1.0	110.0	24.0	83.0	83.0	0	True	inert	2013	0.2	0.0666666666666666
10.1002/chem.201001871	diglyme	1.0	1.1	1.1	tBuOK	0.1	Ir*PNP complex	Ir	no	Ar	0.4	70.0	24.0	31.0	77.5	0	False	inert	2010	0.1	0.0909090909090909
10.1021/om300692a	PhMe	2.0	2.0	1.0	KOH	1.0	RuNHC	Ru	no	Ar	0.5	100.0	15.0	92.0	184.0	0	True	inert	2012	0.5	0.5
10.1021/acs.organomet.8b00908	dichlorobenzene	1.0	1.0	1.0	no base	0.0	Cp*-S-Rh-N-anthracene-Cl	Rh	no	N2	0.5	100.0	4.0	50.0	100.0	0	False	inert	2019	0.0	0.0
10.1021/cs400799n	neat	2.0	6.0	3.0	NaHCO3	0.4	PdCl2	Pd	Xantphos(1mol%)	Ar	1.0	110.0	24.0	44.0	44.0	0	False	inert	2013	0.2	0.0666666666666666
10.1002/chem.201001871	diglyme	1.0	1.1	1.1	tBuONa	1.1	Ir*PNP complex	Ir	no	Ar	0.4	70.0	24.0	25.0	62.5	0	False	inert	2010	1.1	1.0
10.1021/cs400799n	neat	2.0	6.0	3.0	tBuOK	0.4	PdCl2	Pd	dppf(tBu)(1 mol%)	Ar	1.0	110.0	24.0	43.0	43.0	0	False	inert	2013	0.2	0.0666666666666666
10.1021/acscatal.6b01677	p-xylene	1.0	1.0	1.0	no base	0.0	PdZn/Al2O3 (2,8 mol% Pd)	Pd	no	Ar	2.8	110.0	0.5	99.0	35.35714285714286	0	True	inert	2016	0.0	0.0
10.1021/cs400799n	neat	2.0	6.0	3.0	Cs2CO3	0.4	PdCl2	Pd	dppf(tBu)(1 mol%)	Ar	1.0	110.0	24.0	35.0	35.0	0	False	inert	2013	0.2	0.0666666666666666
10.1002/chem.201001871	diglyme	1.0	1.1	1.1	K3PO4	1.1	Ir*PNP complex	Ir	no	Ar	0.4	70.0	24.0	23.0	57.5	0	False	inert	2010	1.1	1.0
10.1002/ejoc.201700486	PhMe	0.1	0.15	1.4999999999999998	KOH	0.02	[RuPy(benzimidazole)2(PPh3)2Cl]+Cl-	Ru	no	no data	0.5	140.0	12.0	92.0	184.0	0	True	no_data	2017	0.1999999999999999	0.1333333333333333
10.1016/j.apcata.2020.117519	p-xylene	1.1	1.1	1.0	no base	0.0	Cu-Zr(3)HT-300	Cu	0	N2		154.0	24.0	70.0		0	True	inert	2020	0.0	0.0
10.1016/j.apcata.2020.117519	p-xylene	1.1	1.1	1.0	no base	0.0	Cu-La(3)HT-300	Cu	0	N2		154.0	24.0	70.0		0	True	inert	2020	0.0	0.0
10.1016/j.apcata.2020.117519	p-xylene	1.1	1.1	1.0	no base	0.0	Cu-Mn(3)HT-300	Cu	0	N2		154.0	24.0	63.0		0	False	inert	2020	0.0	0.0
10.1039/d1ob00362c	PhMe	1.0	1.0	1.0	tBuOK	0.75	RuPNHC	Ru	no	Ar	0.5	110.0	0.5	91.0	182.0	0	True	inert	2021	0.75	0.75
10.1021/acs.inorgchem.7b02586	PhMe	0.5	0.55	1.1	tBuOK	0.55	Rh(I)(COD)(NHC)triazoleC6H5	Rh	no	Air	1.0	100.0	6.0	99.0	99.0	0	True	oxygen	2017	1.1	1.0
10.1002/adsc.200700596	THF	0.5	0.5	1.0	tBuOK	0.5	[IrCODCl]2	Ir	PNP ligand (2 mol%)	Ar	2.0	70.0	24.0	77.0	38.5	THF stock soln	True	inert	2008	1.0	1.0
10.1002/chem.201001871	diglyme	1.0	1.1	1.1	NaOH	1.1	Ir*PNP complex	Ir	no	Ar	0.4	70.0	24.0	10.0	25.0	0	False	inert	2010	1.1	1.0
10.1002/chem.200901501	CF3Ph/dodecane	1.0	1.0	1.0	no base	0.0	Pd/MgO	Pd	no	N2	2.5	110.0	0.25	80.0	32.0	0	True	inert	2009	0.0	0.0
10.1021/acscatal.6b01677	p-xylene	1.0	1.0	1.0	no base	0.0	PdСu/Al2O3 (2,8 mol% Pd)	Pd	no	Ar	2.8	110.0	7.0	63.0	22.5	0	False	inert	2016	0.0	0.0
10.1002/cctc.201501346	PhMe	0.55	0.5	0.9090909090909092	HCOONa	1.5	Pd/C	Pd	no	N2	2.0	110.0	24.0	37.0	18.5	0	False	inert	2016	2.727272727272727	3.0
10.1021/cs400799n	neat	2.0	6.0	3.0	KOH	0.4	PdCl2	Pd	dppf(tBu)(1 mol%)	Ar	1.0	110.0	24.0	18.0	18.0	0	False	inert	2013	0.2	0.0666666666666666
10.1021/om300692a	PhMe	2.0	2.0	1.0	KOH	1.0	RuNHC	Ru	no	Ar	0.5	100.0	15.0	90.0	180.0	0	True	inert	2012	0.5	0.5
10.1002/cctc.201501346	PhMe	0.55	0.5	0.9090909090909092	HCOONa	1.5	Pd/C	Pd	no	N2	5.0	110.0	24.0	88.0	17.6	0	True	inert	2016	2.727272727272727	3.0
10.1021/acscatal.6b01677	p-xylene	1.0	1.0	1.0	no base	0.0	Pd2Ga/Al2O3 (2,8 mol% Pd)	Pd	no	Ar	2.8	110.0	3.0	49.0	17.5	0	False	inert	2016	0.0	0.0
10.1002/cctc.201501346	PhMe	0.55	0.5	0.9090909090909092	HCOONa	1.0	Pd/C	Pd	no	N2	5.0	110.0	24.0	86.0	17.2	0	True	inert	2016	1.818181818181818	2.0
10.1002/chem.201001871	diglyme	1.0	1.1	1.1	KOH	1.1	Ir*PNP complex	Ir	no	Ar	0.4	70.0	24.0	9.0	22.5	0	False	inert	2010	1.1	1.0
10.1039/d1ob00362c	PhMe	1.0	1.0	1.0	tBuOK	2.0	RuPNHC	Ru	no	Ar	0.5	110.0	2.0	90.0	180.0	0	True	inert	2021	2.0	2.0
10.1002/chem.201001871	DMSO	1.0	1.1	1.1	tBuOK	1.1	Ir*PNP complex	Ir	no	Ar	0.4	70.0	24.0	0.0	0.0	0	False	inert	2010	1.1	1.0
10.1002/ejoc.201700486	PhMe	0.1	0.11	1.1	KOH	0.02	[RuPy(benzimidazole)2(PPh3)2Cl]+Cl-	Ru	no	no data	0.5	140.0	12.0	90.0	180.0	0	True	no_data	2017	0.1999999999999999	0.1818181818181818
10.1021/acs.inorgchem.9b03049	neat	1.0	1.2	1.2	tBuOK	0.2	RuNHC	Ru	no	Ar	0.5	120.0	4.0	89.0	178.0	0	True	inert	2020	0.2	0.1666666666666666
10.1021/om300692a	PhMe	2.0	2.0	1.0	KOH	0.4	RuNHC	Ru	no	Ar	0.5	100.0	24.0	88.0	176.0	0	True	inert	2012	0.2	0.2
10.1021/acs.orglett.9b00832	PhMe	1.0	1.0	1.0	tBuOK	1.0	Mn(CO)5Br	Mn	bpy-6NH-i-PrP	Ar	1.0	60.0	24.0	77.2	77.2	0	True	inert	2019	1.0	1.0
10.1016/j.jorganchem.2019.120957	PhMe	4.0	4.0	1.0	KOH	8.0	cis-Pyr-Ru-H 1	Ru	no	N2	0.5	110.0	24.0	85.4	170.8	0	True	inert	2019	2.0	2.0
10.1016/j.poly.2021.115289	PhMe	0.5	0.5	1.0	tBuOK	0.375	IrNHC	Ir	0	Ar	0.5	80.0	12.0	98.0	196.0	0	True	inert	2021	0.75	0.75
10.1002/adsc.201000962	H2O	2.0	2.0	1.0	no base	0.0	Cp*Ir(NH3)3I	Ir	no	Air	1.0	80.0	4.0	51.0	51.0	0	False	oxygen	2011	0.0	0.0
10.1177/1747519821989963	PhMe	0.75	0.5	0.6666666666666666	Na2CO3	1.0	Ag@MnO2	Ag	0	Air	0.9	25.0	12.0	13.0	14.444444444444445	0	False	oxygen	2021	1.3333333333333333	2.0
10.1021/acs.inorgchem.9b03049	neat	1.0	1.2	1.2	tBuOK	0.2	RuNHC	Ru	no	Ar	0.5	120.0	4.0	85.26	170.52	0	True	inert	2020	0.2	0.1666666666666666
10.1021/om300692a	PhMe	2.0	2.0	1.0	KOH	0.3	RuNHC	Ru	no	Ar	0.5	100.0	24.0	85.0	170.0	0	True	inert	2012	0.15	0.15
10.1016/j.ica.2015.01.002	PhMe	2.0	2.0	1.0	KOH	4.0	Ru-hydrazon (PPh3)2COH	Ru	no	no data	0.5	120.0	14.0	85.0	170.0	0	True	no_data	2015	2.0	2.0
10.1039/c8gc00557e	neat	2.0	4.0	2.0	Et3N	1.0	[Cu(binap)I]2@HT	Cu	0	no data	2.0	100.0	12.0	7.0	3.5	0	False	no_data	2018	0.5	0.25
10.1021/acs.inorgchem.9b03049	neat	1.0	1.2	1.2	tBuOK	0.2	Ru-NHC-triazole(N-Mes)	Ru	no	Ar	0.5	120.0	6.0	84.0	168.0	0	True	inert	2020	0.2	0.1666666666666666
10.1002/aoc.6003	trifluoroethanol	0.6	0.5	0.8333333333333334	K2CO3	1.0	IrNN	Ir	no	N2	1.0	80.0	7.0	48.0	48.0	0	False	inert	2020	1.6666666666666667	2.0
10.1002/cctc.201501346	PhMe	0.55	0.5	0.9090909090909092	KOH	1.5	Pd/C	Pd	no	N2	5.0	110.0	24.0	79.0	15.8	0	True	inert	2016	2.727272727272727	3.0
10.1002/cctc.201501346	PhMe	0.55	0.5	0.9090909090909092	NaOAc	1.5	Pd/C	Pd	no	N2	5.0	110.0	24.0	78.0	15.6	0	True	inert	2016	2.727272727272727	3.0
10.1016/j.ica.2015.01.002	PhMe	2.0	2.0	1.0	KOH	4.0	Ru-hydrazon (PPh3)2COH	Ru	no	no data	0.5	120.0	16.0	84.0	168.0	0	True	no_data	2015	2.0	2.0
10.1002/ejoc.201700486	THF	0.1	0.11	1.1	KOH	0.02	[RuPy(benzimidazole)2(PPh3)2Cl]+Cl-	Ru	no	no data	0.3	140.0	12.0	49.0	163.33333333333334	0	False	no_data	2017	0.1999999999999999	0.1818181818181818
10.1016/j.jorganchem.2020.121537	neat	1.0	5.0	5.0	Cs2CO3	0.5	IrNN	Ir	no	N2	1.0	80.0	20.0	42.0	42.0	0	False	inert	2020	0.5	0.1
10.1021/acs.orglett.9b00832	PhMe	1.0	1.0	1.0	tBuOK	1.0	Mn(CO)5Br	Mn	bpy-6NH-i-PrP	Ar	3.0	60.0	24.0	82.3	27.433333333333334	0	True	inert	2019	1.0	1.0
10.1021/om300692a	PhMe	2.0	2.0	1.0	tBuOK	0.4	RuNHC	Ru	no	Ar	0.5	100.0	24.0	80.0	160.0	0	True	inert	2012	0.2	0.2
10.1002/cctc.201501346	PhMe	0.55	0.5	0.9090909090909092	HCOONa	2.0	Pd/C	Pd	no	N2	5.0	110.0	24.0	75.0	15.0	0	True	inert	2016	3.636363636363636	4.0
10.1021/acscatal.8b02530	THF	1.0	1.4	1.4	tBuOK	1.0	Mn-PNP-pincer	Mn	no	Ar	5.0	60.0	18.0	92.0	18.4	0	True	inert	2018	1.0	0.7142857142857143
10.1016/j.jorganchem.2020.121537	neat	1.0	5.0	5.0	Cs2CO3	0.5	IrNN	Ir	no	N2	1.0	80.0	20.0	33.0	33.0	0	False	inert	2020	0.5	0.1
10.1002/chem.201201845	PhMe	1.0	1.0	1.0	no base	0.0	IrNHC	Ir	no	Ar	2.0	80.0	3.0	99.0	49.5	0	True	inert	2012	0.0	0.0
10.1021/acs.inorgchem.9b03049	neat	1.0	1.2	1.2	tBuOK	0.2	Ru-NHC	Ru	no	Ar	0.5	120.0	4.0	78.02	156.04	0	True	inert	2020	0.2	0.1666666666666666
10.1021/acscatal.6b01677	p-xylene	1.0	1.0	1.0	no base	0.0	PdFe/Al2O3 (2,8 mol% Pd)	Pd	no	Ar	2.8	110.0	4.0	35.0	12.5	0	False	inert	2016	0.0	0.0
10.1021/om300692a	PhMe	2.0	2.0	1.0	KOH	1.0	RuNHC	Ru	no	Ar	0.5	100.0	15.0	78.0	156.0	0	True	inert	2012	0.5	0.5
10.1016/j.ica.2015.01.002	PhMe	2.0	2.0	1.0	tBuOK	4.0	Ru-hydrazon (PPh3)2COH	Ru	no	no data	0.5	120.0	16.0	77.0	154.0	0	True	no_data	2015	2.0	2.0
10.1002/cctc.201501346	PhMe	0.55	0.5	0.9090909090909092	K2CO3	1.5	Pd/C	Pd	no	N2	5.0	110.0	24.0	62.0	12.4	0	False	inert	2016	2.727272727272727	3.0
10.1002/adsc.201600689	PhMe	1.2	1.0	0.8333333333333334	tBuOK	1.3	Fe-PNP-pincer	Fe	no	Ar	1.0	80.0	16.0	79.0	79.0	0	True	inert	2016	1.0833333333333337	1.3
10.1002/cctc.201501346	PhMe	0.55	0.5	0.9090909090909092	HCOONa	1.5	Pd/C	Pd	no	N2	7.0	110.0	24.0	78.0	11.142857142857142	0	True	inert	2016	2.727272727272727	3.0
10.1002/chem.201201845	PhMe	1.0	1.0	1.0	no base	0.0	IrNHC	Ir	no	Ar	1.0	80.0	36.0	92.0	92.0	0	True	inert	2012	0.0	0.0
10.1021/acs.inorgchem.9b03049	neat	1.0	1.2	1.2	tBuOK	0.2	Ru-NHC	Ru	no	Ar	0.5	120.0	4.0	75.84	151.68	0	True	inert	2020	0.2	0.1666666666666666
10.3184/174751917x14931195075562	MeCN	0.5	0.6	1.2	Cs2CO3	0.6	(C6H5benzothiazole)2Ir+P(nBu)3(OTf)-	Ir	no	Ar	1.0	81.6	18.0	44.0	44.0	0	False	inert	2017	1.2	1.0
10.1016/j.ica.2015.01.002	PhMe	2.0	2.0	1.0	KOH	4.0	Ru-hydrazon (PPh3)2COH	Ru	no	no data	0.6	120.0	14.0	91.0	151.66666666666669	0	True	no_data	2015	2.0	2.0
10.1021/acs.inorgchem.9b03049	neat	1.0	1.2	1.2	tBuOK	0.2	Ru-NHC	Ru	no	Ar	0.5	120.0	4.0	75.65	151.3	0	True	inert	2020	0.2	0.1666666666666666
10.1002/aoc.5970	PhMe	0.5	0.5	1.0	tBuOK	0.5	Cp*IrCNCl	Ir	no	Ar	1.0	90.0	16.0	91.2	91.2	0	True	inert	2020	1.0	1.0
10.1055/s-2005-862381	PhMe	1.0	1.0	1.0	K2CO3	0.05	Cp*IrCl2	Ir	no	Ar	5.0	90.0	40.0	81.0	16.2	0	True	inert	2005	0.05	0.05
10.1002/cctc.201501346	PhMe	0.55	0.5	0.9090909090909092	K3PO4	1.5	Pd/C	Pd	no	N2	5.0	110.0	24.0	54.0	10.8	0	False	inert	2016	2.727272727272727	3.0
10.1021/cs400799n	neat	2.0	6.0	3.0	Et3N	0.4	PdCl2	Pd	dppf(tBu)(1 mol%)	Ar	1.0	110.0	24.0	9.0	9.0	0	False	inert	2013	0.2	0.0666666666666666
10.1021/om300692a	PhMe	2.0	2.0	1.0	KOH	1.0	RuNHC	Ru	no	Ar	0.5	100.0	15.0	75.0	150.0	0	True	inert	2012	0.5	0.5
10.1016/s0040-4039(03)00371-x	PhMe	1.0	1.0	1.0	K2CO3	0.05	Cp*IrCl2	Ir	no	Ar	5.0	90.0	17.0	52.0	10.4	0	False	inert	2003	0.05	0.05
10.1002/chem.201201845	PhMe	1.0	1.0	1.0	no base	0.0	IrNHC	Ir	no	Ar	1.0	90.0	6.0	93.0	93.0	0	True	inert	2012	0.0	0.0
10.1021/cs300756f	neat	0.05	49.7	994.0	no base	0.0	Ag0,3/TiO2	Ag	hv (lambda>300 nm)	N2	5.5	25.0	6.0	2.0	0.3636363636363636	irradiation	False	inert	2013	0.0	0.0
10.1021/ol303075h	PhMe	1.0	1.0	1.0	no base	0.0	Cp*Ir(pro)Cl	Ir	no	Ar	2.0	95.0	24.0	96.0	48.0	0	True	inert	2013	0.0	0.0
10.1021/ol303075h	H2O	1.0	1.0	1.0	no base	0.0	Cp*Ir(pro)Cl	Ir	no	Ar	2.0	95.0	24.0	95.0	47.5	0	True	inert	2013	0.0	0.0
10.1002/ejic.202000971	PhMe	2.0	1.0	0.5	tBuOK	2.0	Ir-ppy	Ir	no	N2	0.23	100.0	24.0	99.0	430.4347826086956	0	True	inert	2021	1.0	2.0
10.1002/cctc.201501346	PhMe	0.55	0.5	0.9090909090909092	NaHCO3	1.5	Pd/C	Pd	no	N2	5.0	110.0	24.0	43.0	8.6	0	False	inert	2016	2.727272727272727	3.0
10.1039/c8gc00557e	neat	2.0	4.0	2.0	KOH	1.0	[Cu(binap)I]2@HT	Cu	0	no data	20.0	80.0	12.0	81.0	4.05	0	True	no_data	2018	0.5	0.25
10.1016/j.apcata.2020.117519	p-xylene	1.1	1.1	1.0	no base	0.0	Cu-Ce(3)HT-300	Cu	0	N2		154.0	24.0	72.27		0	True	inert	2020	0.0	0.0
10.1021/acs.orglett.5b03461	PhMe	0.6	0.5	0.8333333333333334	no base	0.0	Co-PNP-pincer	Co	4A MS	Ar	1.0	110.0	48.0	78.0	78.0	0	True	inert	2015	0.0	0.0
10.1016/j.apcata.2020.117519	p-xylene	1.1	1.1	1.0	no base	0.0	Cu-Y(3)HT-300	Cu	0	N2		154.0	24.0	45.0		0	False	inert	2020	0.0	0.0
10.1021/acs.inorgchem.9b03049	neat	1.0	1.2	1.2	tBuOK	0.2	Ru-NHC	Ru	no	Ar	0.5	120.0	4.0	74.1	148.2	0	True	inert	2020	0.2	0.1666666666666666
10.1021/acscatal.6b01677	p-xylene	1.0	1.0	1.0	no base	0.0	Pd/Al2O3 (2,8 mol% Pd)	Pd	no	Ar	2.8	110.0	0.5	22.0	7.857142857142858	0	False	inert	2016	0.0	0.0
10.1002/cctc.201501346	PhMe	0.55	0.5	0.9090909090909092	HCOONa	0.5	Pd/C	Pd	no	N2	5.0	110.0	24.0	34.0	6.8	0	False	inert	2016	0.9090909090909092	1.0
10.1002/ejic.202000971	PhMe	2.0	1.0	0.5	KOH	2.0	Ir-ppy	Ir	no	N2	0.23	100.0	24.0	68.0	295.65217391304344	0	True	inert	2021	1.0	2.0
10.1039/c7gc01007a	PhMe	0.49	0.54	1.1020408163265307	tBuOK	0.543	Cp*IrNHC(triazole)CF3	Ir	no	Ar	0.5	100.0	6.0	80.0	160.0	0	True	inert	2017	1.1081632653061226	1.0055555555555555
10.1002/cctc.201501346	PhMe	0.55	0.5	0.9090909090909092	HCOONa	1.5	Pd/C	Pd	no	N2	10.0	110.0	24.0	64.0	6.4	0	False	inert	2016	2.727272727272727	3.0
10.1002/ejic.202000971	PhMe	2.0	1.0	0.5	NaOH	2.0	Ir-ppy	Ir	no	N2	0.23	100.0	24.0	24.0	104.34782608695652	0	False	inert	2021	1.0	2.0
10.1002/chem.201501109	trifluoroethanol	0.6	0.5	0.8333333333333334	K2CO3	0.025	Cp*[Ir]NAr ligand	Ir	no	Ar	1.0	100.0	12.0	99.0	99.0	0	True	inert	2015	0.0416666666666666	0.05
10.1021/acs.inorgchem.9b03049	neat	1.0	1.2	1.2	tBuOK	0.2	Ru-NHC	Ru	no	Ar	0.5	120.0	2.0	74.1	148.2	0	True	inert	2020	0.2	0.1666666666666666
10.1002/ejoc.201700486	dioxane	0.1	0.11	1.1	KOH	0.02	[RuPy(benzimidazole)2(PPh3)2Cl]+Cl-	Ru	no	no data	0.3	140.0	12.0	44.0	146.66666666666669	0	False	no_data	2017	0.1999999999999999	0.1818181818181818
10.1039/c7dt04326k	PhMe	1.0	1.0	1.0	no base	0.0	Cp*IrN=CH(anthracene)Cl	Ir	no	N2	0.3	100.0	4.0	99.0	330.0	0	True	inert	2018	0.0	0.0
10.1039/c7dt04326k	PhMe	1.0	1.0	1.0	no base	0.0	Cp*IrN=CH(anthracene)Cl	Ir	no	N2	0.15	100.0	4.0	30.0	200.0	0	False	inert	2018	0.0	0.0
10.1177/1747519821989963	EtOAc	0.75	0.5	0.6666666666666666	Na2CO3	1.0	Ag@MnO2	Ag	0	Air	0.9	25.0	12.0	0.0	0.0	0	False	oxygen	2021	1.3333333333333333	2.0
10.1002/ejoc.201700486	PhMe	0.1	0.11	1.1	tBuOK	0.02	[RuPy(benzimidazole)2(PPh3)2Cl]+Cl-	Ru	no	no data	0.3	140.0	12.0	44.0	146.66666666666669	0	False	no_data	2017	0.1999999999999999	0.1818181818181818
10.1039/b814234c	neat	1.0	3.0	3.0	CsOH	0.5	[(sat-NHC-Bn)Ir(CO)(PPh3)Cl]	Ir	no	N2	1.0	100.0	24.0	96.0	96.0	0	True	inert	2008	0.5	0.1666666666666666
10.1016/j.ica.2015.01.002	PhMe	2.0	2.0	1.0	NaOH	4.0	Ru-hydrazon (PPh3)2COH	Ru	no	no data	0.5	120.0	16.0	73.0	146.0	0	True	no_data	2015	2.0	2.0
10.1039/c6cy00597g	PhMe	0.1	0.21	2.1	KOH	0.1	PAFspf-IMesRu	Ru	no	N2	0.5	130.0	24.0	72.2	144.4	0	True	inert	2016	1.0	0.4761904761904762
10.1002/adsc.201000962	H2O	2.0	2.0	1.0	no base	0.0	Cp*Ir(NH3)3I	Ir	no	Air	0.5	100.0	24.0	86.0	172.0	0	True	oxygen	2011	0.0	0.0
10.1039/c7dt04326k	dichlorobenzene	1.0	1.0	1.0	no base	0.0	Cp*IrN=CH(anthracene)Cl	Ir	no	N2	0.3	100.0	4.0	45.0	150.0	0	False	inert	2018	0.0	0.0
10.1021/om300692a	PhMe	2.0	2.0	1.0	tBuOK	0.3	RuNHC	Ru	no	Ar	0.5	100.0	24.0	72.0	144.0	0	True	inert	2012	0.15	0.15
10.1021/acscatal.6b01677	p-xylene	1.0	1.0	1.0	no base	0.0	Pd/Al2O3 (2,8 mol% Pd)	Pd	no	Ar	2.8	110.0	5.0	7.0	2.5	0	False	inert	2016	0.0	0.0
10.1021/cs400799n	neat	2.0	6.0	3.0	NaHCO3	0.4	PdCl2	Pd	dppf(1mol%)	Ar	1.0	110.0	24.0	0.0	0.0	0	False	inert	2013	0.2	0.0666666666666666
10.1021/om300692a	PhMe	2.0	2.0	1.0	KOH	1.0	RuNHC	Ru	no	Ar	0.5	100.0	15.0	72.0	144.0	0	True	inert	2012	0.5	0.5
10.1016/j.ica.2015.01.002	PhMe	2.0	2.0	1.0	KOH	4.0	Ru-hydrazon (PPh3)2COH	Ru	no	no data	0.5	120.0	12.0	72.0	144.0	0	True	no_data	2015	2.0	2.0
10.1021/om4000743	PhMe	1.0	1.0	1.0	CsOH	0.1	Ir-Py(CH=P-Mes)2 - pincer	Ir	no	N2	1.0	100.0	24.0	94.0	94.0	0	True	inert	2013	0.1	0.1
10.1002/aoc.5970	PhMe	0.5	0.5	1.0	tBuOK	0.5	Cp*IrCNCl	Ir	no	Ar	1.0	100.0	16.0	90.25	90.25	0	True	inert	2020	1.0	1.0
10.1055/s-0033-1338797	H2O	0.5	0.5	1.0	NaHCO3	0.005	[Cp*Ir(k2-CO3)(IPr)	Ir	PB-Cp*Ir(IPr) (3)	Air	1.0	100.0	24.0	85.0	85.0	0	True	oxygen	2013	0.01	0.01
10.1021/acscatal.8b02530	THF	1.0	1.4	1.4	tBuOK	1.0	Mn-PNP-pincer	Mn	no	Ar	0.0	80.0	18.0	0.0		0	False	inert	2018	1.0	0.7142857142857143
10.1002/ejoc.201700486	PhMe	0.1	0.11	1.1	NaOH	0.02	[RuPy(benzimidazole)2(PPh3)2Cl]+Cl-	Ru	no	no data	0.3	140.0	12.0	43.0	143.33333333333334	0	False	no_data	2017	0.1999999999999999	0.1818181818181818
10.1002/adsc.201600689	PhMe	1.2	1.0	0.8333333333333334	tBuOK	1.3	Fe-PNP-pincer	Fe	no	Ar	2.0	80.0	16.0	91.0	45.5	0	True	inert	2016	1.0833333333333337	1.3
10.1021/jo00192a021	neat	40.0	193.0	4.825	no base	0.0	RuCl2(PPh3)2	Ru	no	Ar	1.0	180.0	5.0	142.0	142.0	Tribenzylamine formed	True	inert	2005	0.0	0.0
10.1021/acs.inorgchem.9b03049	neat	1.0	1.2	1.2	KOH	0.2	Ru-NHC	Ru	no	Ar	0.5	120.0	2.0	70.2	140.4	0	True	inert	2020	0.2	0.1666666666666666
10.1039/b814234c	neat	1.0	3.0	3.0	KOH	0.5	[(sat-NHC-Bn)Ir(CO)(PPh3)Cl]	Ir	no	N2	1.0	100.0	24.0	85.0	85.0	0	True	inert	2008	0.5	0.1666666666666666
10.1039/c7dt04326k	PhMe	1.0	1.0	1.0	no base	0.0	Cp*IrN=CH(anthracene)Cl	Ir	no	N2	1.0	100.0	4.0	99.0	99.0	0	True	inert	2018	0.0	0.0
10.1021/acscatal.8b02530	THF	1.0	1.4	1.4	tBuOK	1.0	Mn-PNP-pincer	Mn	no	Ar	0.1	80.0	18.0	6.0	60.0	0	False	inert	2018	1.0	0.7142857142857143
10.1002/cctc.201501346	PhMe	0.55	0.5	0.9090909090909092	no base	0.0	Pd/C	Pd	no	N2	5.0	110.0	24.0	0.0	0.0	0	False	inert	2016	0.0	0.0
10.1002/adsc.201000962	H2O	2.0	2.0	1.0	no base	0.0	Cp*Ir(NH3)3I	Ir	no	Air	1.0	100.0	6.0	95.0	95.0	0	True	oxygen	2011	0.0	0.0
10.1016/j.tet.2017.03.001	neat	10.7	12.8	1.1962616822429908	LiOH	5.3	Pd2((AcO)pirazoleAr3)2	Pd	P(2-Fu)3 (0,4 mol%), 4A MS	Ar	0.002	120.0	24.0	61.0	30500.0	0	False	inert	2017	0.4953271028037383	0.4140624999999999
10.1002/anie.201507955	PhMe	1.4	1.1	0.7857142857142858	tBuOK	1.0	Co-PNP-pincer	Co	no	Ar	0.5	80.0	24.0	53.0	106.0	0	False	inert	2015	0.7142857142857143	0.9090909090909092
10.1021/om4000743	PhMe	1.0	1.0	1.0	KOH	0.3	Ir-Py(CH=P-Mes)2 - pincer	Ir	no	N2	1.0	100.0	24.0	80.0	80.0	0	True	inert	2013	0.3	0.3
10.1002/chem.201101725	p-xylene	1.0	1.0	1.0	no base	0.0	PtSn/Al2O3 1:3	Pt	no	N2	0.5	145.0	8.0	97.0	194.0	0	True	inert	2011	0.0	0.0
10.1021/acscatal.8b02530	THF	1.0	1.4	1.4	tBuOK	1.0	Mn-PNP-pincer	Mn	no	Ar	1.0	80.0	18.0	56.0	56.0	0	False	inert	2018	1.0	0.7142857142857143
10.1016/j.catcom.2015.10.028	neat	1.0	1.6	1.6	tBuOK	0.15	CymeneRuCl2	Ru	NHC ligand (1 mol%)	no data	0.5	120.0	15.0	70.0	140.0	0	True	no_data	2015	0.15	0.0937499999999999
10.1021/acs.inorgchem.9b03049	neat	1.0	1.2	1.2	tBuOK	0.2	Ru-NHC	Ru	no	Ar	0.5	120.0	4.0	69.84	139.68	0	True	inert	2020	0.2	0.1666666666666666
10.1021/ol201422s	H2O	0.5	0.6	1.2	no base	0.0	Cp*Ir+on ionic polymer	Ir	no	Air	1.0	100.0	24.0	85.0	85.0	0	True	oxygen	2011	0.0	0.0
10.1039/c7dt04326k	dioxane	1.0	1.0	1.0	no base	0.0	Cp*IrN=CH(anthracene)Cl	Ir	no	N2	0.3	100.0	4.0	25.0	83.33333333333334	0	False	inert	2018	0.0	0.0
10.1002/ejoc.201700486	PhMe	0.1	0.11	1.1	tBuONa	0.02	[RuPy(benzimidazole)2(PPh3)2Cl]+Cl-	Ru	no	no data	0.3	140.0	12.0	41.0	136.66666666666669	0	False	no_data	2017	0.1999999999999999	0.1818181818181818
10.1021/acs.inorgchem.9b03049	neat	1.0	1.2	1.2	tBuOK	0.2	Ru-NHC	Ru	no	Ar	0.5	120.0	4.0	67.76	135.52	0	True	inert	2020	0.2	0.1666666666666666
10.1021/jo200559h	PhMe	1.0	2.0	2.0	KOH	1.3	Ru(OH)3-Fe3O4	Ru	no	Ar	0.26	130.0	48.0	35.0	134.6153846153846	0	False	inert	2011	1.3	0.65
10.1002/adsc.201000962	H2O	2.0	2.0	1.0	no base	0.0	Cp*Ir(NH3)3I	Ir	no	Air	1.0	100.0	4.0	80.0	80.0	0	True	oxygen	2011	0.0	0.0
10.1002/adsc.201000962	H2O	2.0	2.0	1.0	no base	0.0	Cp*Ir(NH3)3I	Ir	no	Ar	1.0	100.0	4.0	79.0	79.0	0	True	inert	2011	0.0	0.0
10.1039/c7dt04326k	PhF	1.0	1.0	1.0	no base	0.0	Cp*IrN=CH(anthracene)Cl	Ir	no	N2	0.3	100.0	4.0	18.0	60.0	0	False	inert	2018	0.0	0.0
10.1039/b814234c	neat	1.0	3.0	3.0	CsOH	0.15	[(sat-NHC-Bn)Ir(CO)(PPh3)Cl]	Ir	no	N2	1.0	100.0	24.0	73.0	73.0	0	True	inert	2008	0.15	0.0499999999999999
10.1016/j.ica.2015.01.002	PhMe	2.0	2.0	1.0	KOH	4.0	Ru-hydrazon (PPh3)2COH	Ru	no	no data	0.5	120.0	10.0	63.0	126.0	0	False	no_data	2015	2.0	2.0
10.1039/d1ob00362c	PhMe	1.0	1.0	1.0	tBuOK	0.75	RuPNHC	Ru	no	Ar	0.5	30.0	24.0	61.0	122.0	0	False	inert	2021	0.75	0.75
10.1039/c5ra07225e	neat	2.0	6.0	3.0	LiOH	0.4	Pd-SiO2XantPhosOAc	Pd	no	Ar	0.0105	120.0	24.0	78.0	7428.571428571428	0	True	inert	2015	0.2	0.0666666666666666
10.1016/j.tet.2014.10.007	DCE	1.0	1.2	1.2	tBuOK	1.0	Ph3PAuCl	Au	AgOTf (10 mol%)	Ar	10.0	83.0	48.0	5.0	0.5	0	False	inert	2014	1.0	0.8333333333333334
10.1177/1747519821989963	DCM	0.75	0.5	0.6666666666666666	Na2CO3	1.0	Ag@MnO2	Ag	0	Air	0.9	25.0	12.0	0.0	0.0	0	False	oxygen	2021	1.3333333333333333	2.0
10.1055/s-0033-1338797	H2O	0.5	0.5	1.0	NaHCO3	0.005	[Cp*Ir(k2-CO3)(IPr)	Ir	PB-Cp*Ir(IPr) (3)	Air	1.0	100.0	24.0	72.0	72.0	0	True	oxygen	2013	0.01	0.01
10.1039/b814234c	neat	1.0	3.0	3.0	KOH	0.75	[(sat-NHC-Bn)Ir(CO)(PPh3)Cl]	Ir	no	N2	1.0	100.0	24.0	68.0	68.0	0	True	inert	2008	0.75	0.25
10.1021/acs.inorgchem.9b03049	neat	1.0	1.2	1.2	tBuONa	0.2	Ru-NHC	Ru	no	Ar	0.5	120.0	2.0	59.84	119.68	0	False	inert	2020	0.2	0.1666666666666666
10.1002/aoc.6003	trifluoroethanol	0.6	0.5	0.8333333333333334	K2CO3	1.0	IrNN	Ir	no	N2	1.0	100.0	7.0	65.0	65.0	0	False	inert	2020	1.6666666666666667	2.0
10.1016/j.tet.2014.10.007	dioxane	1.0	1.2	1.2	tBuOK	1.0	Ph3PAuCl	Au	AgOTf (3 mol%)	Ar	3.0	100.0	48.0	37.0	12.333333333333334	0	False	inert	2014	1.0	0.8333333333333334
10.1039/c7dt04326k	THF	1.0	1.0	1.0	no base	0.0	Cp*IrN=CH(anthracene)Cl	Ir	no	N2	0.3	100.0	4.0	13.0	43.333333333333336	0	False	inert	2018	0.0	0.0
10.1021/om4000743	PhMe	1.0	1.0	1.0	tBuOK	0.3	Ir-Py(CH=P-Mes)2 - pincer	Ir	no	N2	1.0	100.0	24.0	63.0	63.0	0	False	inert	2013	0.3	0.3
10.1039/c5ra07225e	neat	2.0	6.0	3.0	LiOH	0.4	Pd-SiO2XantPhosOAc	Pd	no	Ar	0.021	120.0	24.0	98.0	4666.666666666666	0	True	inert	2015	0.2	0.0666666666666666
10.1021/acs.inorgchem.9b03049	neat	1.0	1.2	1.2	tBuOK	0.2	Ru-NHC	Ru	no	Ar	0.5	120.0	4.0	59.64	119.28	0	False	inert	2020	0.2	0.1666666666666666
10.1021/ol3001969	PhMe/THF-1:2	0.35	0.35	1.0	tBuOK	0.35	RuPNP complex	Ru	MS 4A	N2	0.5	110.0	24.0	56.0	112.0	0	False	inert	2012	1.0	1.0
10.1039/d1ob00362c	PhMe	1.0	1.0	1.0	tBuOK	0.5	RuPNHC	Ru	no	Ar	0.5	110.0	2.0	54.0	108.0	0	False	inert	2021	0.5	0.5
10.1055/s-0033-1338797	H2O	0.5	0.5	1.0	NaHCO3	0.005	[Cp*Ir(k2-CO3)(IMes)	Ir	PB-Cp*Ir(IMes) (3′)	Air	1.0	100.0	24.0	63.0	63.0	0	False	oxygen	2013	0.01	0.01
10.1016/j.catcom.2015.10.028	neat	1.0	1.6	1.6	tBuOK	1.0	CymeneRuCl2	Ru	NHC ligand (1 mol%)	no data	1.0	120.0	15.0	100.0	100.0	0	True	no_data	2015	1.0	0.625
10.1002/aoc.6003	trifluoroethanol	0.6	0.5	0.8333333333333334	Cs2CO3	1.0	IrNN	Ir	no	N2	1.0	100.0	7.0	62.0	62.0	0	False	inert	2020	1.6666666666666667	2.0
10.1016/j.catcom.2017.03.007	PhMe	1.0	2.0	2.0	tBuOK	1.0	[Ru(COD)Cl2]n	Ru	imidazole(CH2)2N(CH2PPh2)2	N2	1.0	80.0	24.0	99.0	99.0	0	True	inert	2017	1.0	0.5
10.1002/aoc.4277	PhMe	1.0	2.0	2.0	tBuOK	1.0	[Ru(COD)Cl2]n	Ru	(Me)imidazole(CH2)4Cl (1 mol%)	Ar	1.0	100.0	24.0	99.0	99.0	0	True	inert	2018	1.0	0.5
10.1021/acs.orglett.6b01647	PhMe	1.4	1.0	0.7142857142857143	tBuOK	1.3	Co-PNP-pincer	Co	no	Ar	1.0	80.0	16.0	84.0	84.0	0	True	inert	2016	0.9285714285714288	1.3
10.1002/aoc.4277	PhMe	1.0	2.0	2.0	tBuOK	1.0	[Ru(COD)Cl2]n	Ru	(Me)imidazole(CH2)4PPh2 (1 mol%)	Ar	1.0	100.0	24.0	99.0	99.0	0	True	inert	2018	1.0	0.5
10.1039/c8gc02298d	H2O	0.5	0.5	1.0	no base	0.0	Cp*Ir(imidazole)(pyridineOH)Cl 8а	Ir	no	N2	2.0	100.0	24.0	60.83	30.415	0	False	inert	2018	0.0	0.0
10.1039/c5ra07225e	neat	2.0	6.0	3.0	LiOH	0.4	Pd-SiO2XantPhosOAc	Pd	no	Ar	0.021	120.0	24.0	94.0	4476.190476190476	0	True	inert	2015	0.2	0.0666666666666666
10.1039/c5ra07225e	neat	2.0	6.0	3.0	LiOH	0.4	Pd-SiO2XantPhosOAc	Pd	no	Ar	0.042	120.0	24.0	99.0	2357.142857142857	0	True	inert	2015	0.2	0.0666666666666666
10.1039/c7dt04326k	neat	1.0	1.0	1.0	no base	0.0	Cp*IrN=CH(anthracene)Cl	Ir	no	N2	0.3	100.0	4.0	7.0	23.333333333333336	0	False	inert	2018	0.0	0.0
10.1002/ejic.201100647	neat	0.3	0.9	3.0	tBuOK	0.12	Ru(II)L1Cl(CO)2 (4)	Ru	L=C6H4(o-PPh2)(o-N=CH)C6H4(O)	N2	1.0	110.0	3.0	99.0	99.0	0	True	inert	2011	0.4	0.1333333333333333
10.1016/j.jorganchem.2014.01.007	PhMe	0.55	0.5	0.9090909090909092	tBuOK	0.5	[Ru(p-cymene)Cl2] / L	Ru	L = benzimidazoleC6H3Cl3	Ar	1.0	150.0	15.0	99.0	99.0	0	True	inert	2014	0.9090909090909092	1.0
10.1021/jo00192a021	neat	40.0	40.0	1.0	no base	0.0	RuCl2(PPh)3	Ru	no	Ar	1.0	150.0	2.0	99.0	99.0	0	True	inert	2005	0.0	0.0
10.1002/adsc.201600689	benzene	1.2	1.0	0.8333333333333334	tBuOK	1.3	Fe-PNP-pincer	Fe	no	Ar	2.0	80.0	16.0	90.0	45.0	0	True	inert	2016	1.0833333333333337	1.3
10.1039/c5ra07225e	neat	2.0	6.0	3.0	LiOH	0.2	Pd-SiO2XantPhosOAc	Pd	no	Ar	0.042	120.0	24.0	95.0	2261.904761904762	0	True	inert	2015	0.1	0.0333333333333333
10.1039/d0gc03725g	neat	3.0	6.0	2.0	no base	0.0	Fe10Pd1NC50	Pd	no	N2	0.2	120.0	16.0	98.0	490.0	0	True	inert	2020	0.0	0.0
10.1021/ol3001969	PhMe/THF-1:2	0.35	0.35	1.0	tBuOK	0.35	RuPNP complex	Ru	MS 4A	N2	1.0	110.0	24.0	96.0	96.0	0	True	inert	2012	1.0	1.0
10.1016/j.catcom.2015.10.028	PhMe	1.0	1.6	1.6	tBuOK	1.0	CymeneRuCl2	Ru	NHC ligand (1 mol%)	no data	1.0	120.0	15.0	96.0	96.0	0	True	no_data	2015	1.0	0.625
10.1002/ejic.202000971	PhMe	2.0	1.0	0.5	no base	0.0	Ir-ppy	Ir	no	N2	0.23	100.0	24.0	5.0	21.73913043478261	0	False	inert	2021	0.0	0.0
10.1002/adsc.201000962	H2O	2.0	2.0	1.0	no base	0.0	Cp*Ir(NH3)3Br	Ir	no	Air	1.0	100.0	4.0	14.0	14.0	0	False	oxygen	2011	0.0	0.0
10.1016/j.catcom.2015.10.028	neat	1.0	1.6	1.6	tBuOK	1.0	CymeneRuCl2	Ru	NHC ligand (1 mol%)	no data	1.0	100.0	15.0	95.0	95.0	0	True	no_data	2015	1.0	0.625
10.1039/d0gc03725g	neat	3.0	4.5	1.5	no base	0.0	Fe10Pd1NC50	Pd	no	N2	0.2	120.0	16.0	81.0	405.0	0	True	inert	2020	0.0	0.0
10.1002/aoc.6003	trifluoroethanol	0.6	0.5	0.8333333333333334	Cs2CO3	0.5	IrNN	Ir	no	N2	1.0	100.0	7.0	53.0	53.0	0	False	inert	2020	0.8333333333333334	1.0
10.1002/aoc.6003	trifluoroethanol	0.6	0.5	0.8333333333333334	K2CO3	0.5	IrNN	Ir	no	N2	1.0	100.0	7.0	52.0	52.0	0	False	inert	2020	0.8333333333333334	1.0
10.1002/aoc.6003	trifluoroethanol	0.6	0.5	0.8333333333333334	NaOH	1.0	IrNN	Ir	no	N2	1.0	100.0	7.0	52.0	52.0	0	False	inert	2020	1.6666666666666667	2.0
10.1016/j.catcom.2017.03.007	PhMe	1.0	2.0	2.0	tBuOK	1.0	[Ru(COD)Cl2]n	Ru	imidazole(CH2)2N(CH2PPh2)2	N2	1.0	100.0	24.0	95.0	95.0	0	True	inert	2017	1.0	0.5
10.1021/acs.organomet.8b00908	PhMe	1.0	1.0	1.0	no base	0.0	C6H6-Se-Ru-N-anthracene-Cl	Ru	no	N2	1.0	100.0	6.0	94.0	94.0	0	True	inert	2019	0.0	0.0
10.1002/adsc.201000962	H2O	2.0	2.0	1.0	no base	0.0	Cp*Ir(NH3)3Cl	Ir	no	Air	1.0	100.0	4.0	8.0	8.0	0	False	oxygen	2011	0.0	0.0
10.1016/j.catcom.2017.03.007	PhMe	1.0	1.0	1.0	tBuOK	1.0	[Ru(COD)Cl2]n	Ru	imidazole(CH2)2N(CH2PPh2)2	N2	1.0	100.0	24.0	94.0	94.0	0	True	inert	2017	1.0	1.0
10.1016/j.apcata.2020.117519	p-xylene	1.1	1.1	1.0	no base	0.0	Cu-Fe(3)HT-300	Cu	0	N2		154.0	24.0	73.0		0	True	inert	2020	0.0	0.0
10.1039/d0gc03725g	neat	3.0	3.0	1.0	no base	0.0	Fe10Pd1NC50	Pd	no	N2	0.2	120.0	16.0	65.0	325.0	0	False	inert	2020	0.0	0.0
10.1002/aoc.4277	PhMe	1.0	2.0	2.0	tBuOK	1.0	[Ru(COD)Cl2]n	Ru	(Me)imidazole(CH2)4Cl (1 mol%)	Ar	1.0	100.0	6.0	93.1	93.1	0	True	inert	2018	1.0	0.5
10.1016/j.tet.2017.03.001	neat	3.0	3.6	1.2	LiOH	1.5	Pd2((AcO)pirazoleAr3)2	Pd	PPh3 (0,4 mol%), 4A MS	Ar	0.4	120.0	24.0	91.0	227.5	0	True	inert	2017	0.5	0.4166666666666666
10.1002/ejic.201100647	neat	0.3	0.9	3.0	tBuOK	0.12	Ru(II)L1Cl2(CO)2 (6)	Ru	L=C6H4(o-PPh2)(o-N=CH)C6H4OMe	N2	1.0	110.0	4.0	93.0	93.0	0	True	inert	2011	0.4	0.1333333333333333
10.1016/j.tet.2017.03.001	neat	3.0	3.6	1.2	LiOH	1.5	Pd2((AcO)pirazoleAr3)2	Pd	PPh3 (0,4 mol%), 4A MS	Ar	0.4	120.0	24.0	82.0	205.0	0	True	inert	2017	0.5	0.4166666666666666
10.1021/acscatal.8b02530	THF	1.0	1.4	1.4	tBuOK	1.0	Mn-PNP-pincer	Mn	no	Ar	0.5	80.0	18.0	23.0	46.0	0	False	inert	2018	1.0	0.7142857142857143
10.1016/j.apcata.2020.117519	p-xylene	1.1	1.1	1.0	no base	0.0	Cu-Fe(3)HT-300	Cu	0	Air		154.0	24.0	52.0		0	False	oxygen	2020	0.0	0.0
10.1016/j.apcata.2020.117519	p-xylene	1.1	1.1	1.0	no base	0.0	Cu-Fe(3)HT-300	Cu	0	O2		154.0	24.0	27.0		0	False	oxygen	2020	0.0	0.0
10.1039/c7dt04326k	PhMe	1.0	1.0	1.0	no base	0.0	[(η5-Cp*)IrCl(μ-Cl)]2	Ir	no	N2	1.0	100.0	4.0	8.0	8.0	0	False	inert	2018	0.0	0.0
10.1016/j.tet.2017.03.001	PhtBu	3.0	3.6	1.2	LiOH	1.5	Pd2((AcO)pirazoleAr3)2	Pd	PPh3 (0,4 mol%), 4A MS	Ar	0.4	120.0	24.0	76.0	190.0	0	True	inert	2017	0.5	0.4166666666666666
10.1016/j.tet.2017.03.001	neat	3.0	3.6	1.2	tBuOK	1.5	Pd2((AcO)pirazoleAr3)2	Pd	PPh3 (0,4 mol%), 4A MS	Ar	0.4	120.0	24.0	76.0	190.0	0	True	inert	2017	0.5	0.4166666666666666
10.1039/b814234c	neat	1.0	3.0	3.0	no base	0.0	[(sat-NHC-Bn)Ir(CO)(PPh3)Cl]	Ir	no	N2	1.0	100.0	24.0	5.0	5.0	0	False	inert	2008	0.0	0.0
10.1021/om4000743	PhMe	1.0	1.0	1.0	no base	0.0	Ir-Py(CH=P-Mes)2 - pincer	Ir	no	N2	1.0	100.0	24.0	0.0	0.0	0	False	inert	2013	0.0	0.0
10.1016/j.catcom.2017.03.007	PhMe	1.0	2.0	2.0	tBuOK	1.0	[Ru(COD)Cl2]n	Ru	imidazole(CH2)2N(CH2PPh2)2	N2	1.0	100.0	6.0	92.15	92.15	0	True	inert	2017	1.0	0.5
10.1016/j.tet.2017.03.001	neat	3.0	3.6	1.2	LiOH	0.8	Pd2((AcO)pirazoleAr3)2	Pd	PPh3 (0,4 mol%), 4A MS	Ar	0.4	120.0	24.0	73.0	182.5	0	True	inert	2017	0.2666666666666666	0.2222222222222222
10.1039/b814234c	neat	1.0	3.0	3.0	KOH	0.15	[(sat-NHC-Bn)Ir(CO)(PPh3)Cl]	Ir	no	N2	1.0	100.0	24.0	47.0	47.0	0	False	inert	2008	0.15	0.0499999999999999
10.1002/adsc.201000962	PhMe	2.0	2.0	1.0	NaHCO3	0.01	Cp*IrCl2	Ir	no	Air	1.0	100.0	4.0	44.0	44.0	0	False	oxygen	2011	0.005	0.005
10.1021/acscatal.8b02530	THF	1.0	1.4	1.4	tBuOK	1.0	Mn-PNP-pincer	Mn	no	Ar	2.0	80.0	18.0	82.0	41.0	0	True	inert	2018	1.0	0.7142857142857143
10.1021/ol3001969	PhMe/THF-1:2	0.5	0.5	1.0	tBuOK	0.5	RuPNP complex	Ru	MS 4A	N2	1.0	110.0	24.0	92.0	92.0	0	True	inert	2012	1.0	1.0
10.1002/chem.201101725	p-xylene	1.0	1.0	1.0	no base	0.0	Pt/Al2O3	Pt	no	N2	0.25	145.0	24.0	14.0	56.0	0	False	inert	2011	0.0	0.0
10.1038/ncomms12641	PhMe	0.5	0.6	1.2	tBuOK	0.5	Mn-PNP-pincer	Mn	no	Ar	2.0	80.0	24.0	78.0	39.0	0	True	inert	2016	1.0	0.8333333333333334
10.1039/c8gc00557e	neat	2.0	4.0	2.0	KOH	1.0	[Cu(binap)I]2@HT	Cu	0	no data	10.0	80.0	12.0	85.0	8.5	0	True	no_data	2018	0.5	0.25
10.1177/1747519821989963	MeOH	0.75	0.5	0.6666666666666666	Na2CO3	1.0	Ag@MnO2	Ag	0	Air	0.9	25.0	12.0	0.0	0.0	0	False	oxygen	2021	1.3333333333333333	2.0
10.1039/d0gc03725g	neat	3.0	6.0	2.0	no base	0.0	Fe10Pd1NC50	Pd	no	air	0.2	120.0	16.0	15.0	75.0	0	False	oxygen	2020	0.0	0.0
10.1016/j.tet.2017.03.001	p-xylene	3.0	3.6	1.2	LiOH	1.5	Pd2((AcO)pirazoleAr3)2	Pd	PPh3 (0,4 mol%), 4A MS	Ar	0.4	120.0	24.0	27.0	67.5	0	False	inert	2017	0.5	0.4166666666666666
10.1038/ncomms12641	CyOMe	0.5	0.6	1.2	tBuOK	0.5	Mn-PNP-pincer	Mn	no	Ar	2.0	80.0	24.0	74.0	37.0	0	True	inert	2016	1.0	0.8333333333333334
10.1002/ejic.201100647	neat	0.3	0.9	3.0	tBuOK	0.12	Ru(II)L1Cl(dmso)2 (1)	Ru	L=C6H4(o-PPh2)(o-N=CH)C6H4(O)	N2	1.0	110.0	24.0	92.0	92.0	0	True	inert	2011	0.4	0.1333333333333333
10.1021/om4000743	PhMe	1.0	1.0	1.0	K3PO4	0.3	Ir-Py(CH=P-Mes)2 - pincer	Ir	no	N2	1.0	100.0	24.0	44.0	44.0	0	False	inert	2013	0.3	0.3
10.1002/aoc.6003	trifluoroethanol	0.6	0.5	0.8333333333333334	Cs2CO3	0.075	IrNN	Ir	no	N2	1.0	100.0	7.0	42.0	42.0	0	False	inert	2020	0.125	0.15
10.1038/ncomms12641	neat	0.5	0.6	1.2	tBuOK	0.5	Mn-PNP-pincer	Mn	no	Ar	2.0	80.0	24.0	71.0	35.5	0	True	inert	2016	1.0	0.8333333333333334
10.1002/aoc.6003	trifluoroethanol	0.6	0.5	0.8333333333333334	K2CO3	0.075	IrNN	Ir	no	N2	1.0	100.0	7.0	38.0	38.0	0	False	inert	2020	0.125	0.15
10.1016/j.tet.2017.03.001	PhMe	3.0	3.6	1.2	LiOH	1.5	Pd2((AcO)pirazoleAr3)2	Pd	PPh3 (0,4 mol%), 4A MS	Ar	0.4	120.0	24.0	19.0	47.5	0	False	inert	2017	0.5	0.4166666666666666
10.1002/anie.201507955	PhMe	1.4	1.1	0.7857142857142858	tBuOK	1.0	Co-PNP-pincer	Co	no	Ar	1.0	80.0	24.0	69.0	69.0	0	True	inert	2015	0.7142857142857143	0.9090909090909092
10.1002/ejoc.201700486	PhMe	0.1	0.11	1.1	KOH	0.02	[RuPy(benzimidazole)2(PPh3)2Cl]+Cl-	Ru	no	no data	0.3	120.0	12.0	27.0	90.0	0	False	no_data	2017	0.1999999999999999	0.1818181818181818
10.1002/ejoc.201700486	PhMe	0.1	0.11	1.1	NaH	0.02	[RuPy(benzimidazole)2(PPh3)2Cl]+Cl-	Ru	no	no data	0.3	140.0	12.0	27.0	90.0	0	False	no_data	2017	0.1999999999999999	0.1818181818181818
10.1002/adsc.201701117	dioxane	0.55	0.72	1.3090909090909089	NaOH	0.1375	Ru(1,10-phenanthroline)Py(PPh3)2(PF6)	Ru	no	Ar	0.2	110.0	12.0	17.92	89.60000000000001	0	False	inert	2017	0.25	0.1909722222222222
10.1039/b814234c	neat	1.0	3.0	3.0	LiOH	0.5	[(sat-NHC-Bn)Ir(CO)(PPh3)Cl]	Ir	no	N2	1.0	100.0	24.0	37.0	37.0	0	False	inert	2008	0.5	0.1666666666666666
10.1016/j.poly.2014.12.015	PhMe	2.0	2.0	1.0	K2CO3	4.0	Copper(I) complex	Cu	no	Air?	1.0	120.0	12.0	9.0	9.0	0	False	oxygen	2015	2.0	2.0
10.1002/aoc.6003	trifluoroethanol	0.6	0.5	0.8333333333333334	Cs2CO3	0.025	IrNN	Ir	no	N2	1.0	100.0	7.0	34.0	34.0	0	False	inert	2020	0.0416666666666666	0.05
10.1021/acs.organomet.8b00908	PhMe	1.0	1.0	1.0	no base	0.0	C6H6-Se-Ru-N-anthracene-Cl	Ru	no	N2	0.25	100.0	6.0	22.0	88.0	0	False	inert	2019	0.0	0.0
10.1002/aoc.6003	trifluoroethanol	0.6	0.5	0.8333333333333334	K2CO3	0.025	IrNN	Ir	no	N2	1.0	100.0	7.0	29.0	29.0	0	False	inert	2020	0.0416666666666666	0.05
10.1021/acscatal.8b02530	THF	1.0	1.4	1.4	tBuOK	1.0	Mn-PNP-pincer	Mn	no	Ar	3.0	80.0	18.0	99.0	33.0	0	True	inert	2018	1.0	0.7142857142857143
10.1021/acs.organomet.8b00908	PhMe	1.0	1.0	1.0	no base	0.0	C6H6-Se-Ru-N-anthracene-Cl	Ru	no	N2	0.25	100.0	6.0	22.0	88.0	0	False	inert	2019	0.0	0.0
10.1039/b814234c	neat	1.0	3.0	3.0	tBuOK	0.15	[(sat-NHC-Bn)Ir(CO)(PPh3)Cl]	Ir	no	N2	1.0	100.0	24.0	25.0	25.0	0	False	inert	2008	0.15	0.0499999999999999
10.1016/j.saa.2012.10.072	neat	0.3	0.9	3.0	tBuOK	0.12	[Ru(CO)(AsPh3)(L2)] (5)	Ru	H2L2=N,N-bis(2-pyridinecarboxamide)-1,2-benzene	N2	1.0	110.0	6.0	88.0	88.0	0	True	inert	2012	0.4	0.1333333333333333
10.1002/chem.201001848	PhMe	1.5	1.5	1.0	no base	0.0	Pd/TiO2	Pd	no	N2 5 bar	0.5	120.0	14.0	22.0	44.0	0	False	inert	2010	0.0	0.0
10.1002/adsc.201701117	dioxane	0.55	0.72	1.3090909090909089	tBuOK	0.1375	RuCl2(PPh3)3	Ru	no	Ar	0.2	110.0	12.0	17.6	88.0	0	False	inert	2017	0.25	0.1909722222222222
10.1016/j.saa.2014.03.086	neat	0.3	0.9	3.0	tBuOK	0.12	[Ru(CO)L2] (2)	Ru	H2L3 = 2, 20-Di(2-hydroxy-3-methoxybenzyliminoethyl)disulfide	N2	1.0	110.0	6.0	87.0	87.0	0	True	inert	2014	0.4	0.1333333333333333
10.1002/ejic.202000971	PhMe	2.0	1.0	0.5	Cs2CO3	2.0	Ir-ppy	Ir	no	N2	0.23	100.0	24.0	5.0	21.73913043478261	0	False	inert	2021	1.0	2.0
10.1016/j.tet.2011.02.075	dioxane	2.5	3.75	1.5	tBuOK	2.5	Cu(Oac)2	Cu	no	Ar	10.0	130.0	24.0	92.0	9.2	0	True	inert	2011	1.0	0.6666666666666666
10.1021/acs.inorgchem.7b02586	PhMe	0.5	0.55	1.1	tBuOK	0.55	Rh(I)(CO)2(NHC)triazoleC6H5	Rh	no	Air	1.0	100.0	6.0	99.0	99.0	0	True	oxygen	2017	1.1	1.0
10.1039/b814234c	neat	1.0	3.0	3.0	EtONa	0.15	[(sat-NHC-Bn)Ir(CO)(PPh3)Cl]	Ir	no	N2	1.0	100.0	24.0	20.0	20.0	0	False	inert	2008	0.15	0.0499999999999999
10.1016/j.tet.2014.10.007	dioxane	1.0	1.2	1.2	tBuOK	1.0	Ph3PAuCl	Au	AgOTf (5 mol%)	Ar	5.0	100.0	48.0	48.0	9.6	0	False	inert	2014	1.0	0.8333333333333334
10.1002/aoc.6003	trifluoroethanol	0.6	0.5	0.8333333333333334	NaOH	0.025	IrNN	Ir	no	N2	1.0	100.0	7.0	18.0	18.0	0	False	inert	2020	0.0416666666666666	0.05
10.1002/aoc.6003	trifluoroethanol	0.6	0.5	0.8333333333333334	NaOH	0.025	IrNN	Ir	no	N2	1.0	100.0	7.0	18.0	18.0	0	False	inert	2020	0.0416666666666666	0.05
10.1002/cctc.201501346	p-xylene	0.55	0.5	0.9090909090909092	HCOONa	1.5	Pd/C	Pd	no	N2	5.0	120.0	24.0	88.0	17.6	0	True	inert	2016	2.727272727272727	3.0
10.1002/cctc.201501346	DMA	0.55	0.5	0.9090909090909092	HCOONa	1.5	Pd/C	Pd	no	N2	5.0	120.0	24.0	62.0	12.4	0	False	inert	2016	2.727272727272727	3.0
10.1021/om4000743	PhMe	1.0	1.0	1.0	KOAc	0.3	Ir-Py(CH=P-Mes)2 - pincer	Ir	no	N2	1.0	100.0	24.0	15.0	15.0	0	False	inert	2013	0.3	0.3
10.1002/ejic.201100647	neat	0.3	0.9	3.0	tBuOK	0.12	Ru(II)L1Cl(dmso)2 (5)	Ru	L=C6H4(o-PPh2)(o-N=CH)C6H4OMe	N2	1.0	110.0	4.0	87.0	87.0	0	True	inert	2011	0.4	0.1333333333333333
10.1002/cctc.201801525	PhMe	1.0	1.3	1.3	EtONa	0.5	Ru/N-C (N-dopped carbon)	Ru	0	N2	0.3	130.0	24.0	26.0	86.66666666666667	0	False	inert	2018	0.5	0.3846153846153846
10.1002/anie.201507955	PhMe	1.4	1.1	0.7857142857142858	tBuOK	1.0	Co-PNP-pincer	Co	no	Ar	1.5	80.0	24.0	82.0	54.66666666666666	0	True	inert	2015	0.7142857142857143	0.9090909090909092
10.1002/aoc.6003	neat	0.6	0.5	0.8333333333333334	K2CO3	0.025	IrNN	Ir	no	N2	1.0	100.0	7.0	13.0	13.0	0	False	inert	2020	0.0416666666666666	0.05
10.1002/aoc.6003	trifluoroethanol	0.6	0.5	0.8333333333333334	tBuONa	0.025	IrNN	Ir	no	N2	1.0	100.0	7.0	10.0	10.0	0	False	inert	2020	0.0416666666666666	0.05
10.1002/aoc.3052	neat	0.3	0.9	3.0	tBuOK	0.12	[Ru(CO)(PPh3)2] / L1 (1)	Ru	quinaline(OH)CH=N-N=C(S)NHMe	N2	1.0	100.0	6.0	86.0	86.0	0	True	inert	2013	0.4	0.1333333333333333
10.1002/aoc.6003	trifluoroethanol	0.6	0.5	0.8333333333333334	KOH	0.025	IrNN	Ir	no	N2	1.0	100.0	7.0	8.0	8.0	0	False	inert	2020	0.0416666666666666	0.05
10.1039/b814234c	neat	1.0	3.0	3.0	DBU	0.15	[(sat-NHC-Bn)Ir(CO)(PPh3)Cl]	Ir	no	N2	1.0	100.0	24.0	5.0	5.0	0	False	inert	2008	0.15	0.0499999999999999
10.1016/j.saa.2012.10.072	neat	0.3	0.9	3.0	tBuOK	0.12	[Ru(CO)(PPh3)(L2)] (2)	Ru	H2L2=N,N-bis(2-pyridinecarboxamide)-1,2-benzene	N2	1.0	110.0	6.0	86.0	86.0	0	True	inert	2012	0.4	0.1333333333333333
10.1016/j.catcom.2017.03.007	PhMe	1.0	1.0	1.0	tBuOK	1.0	[Ru(COD)Cl2]n	Ru	imidazole(CH2)2N(CH2PPh2)2	N2	1.0	100.0	6.0	85.5	85.5	0	True	inert	2017	1.0	1.0
10.1038/ncomms12641	dioxane	0.5	0.6	1.2	tBuOK	0.5	Mn-PNP-pincer	Mn	no	Ar	2.0	80.0	24.0	65.0	32.5	0	False	inert	2016	1.0	0.8333333333333334
10.1002/aoc.6003	trifluoroethanol	0.6	0.5	0.8333333333333334	tBuOK	0.025	IrNN	Ir	no	N2	1.0	100.0	7.0	5.0	5.0	0	False	inert	2020	0.0416666666666666	0.05
10.1021/acs.organomet.8b00908	PhMe	1.0	1.0	1.0	no base	0.0	Cp*-S-Rh-N-anthracene-Cl	Rh	no	N2	1.0	100.0	4.0	96.0	96.0	0	True	inert	2019	0.0	0.0
10.1002/cctc.201501346	DMF	0.55	0.5	0.9090909090909092	HCOONa	1.5	Pd/C	Pd	no	N2	5.0	120.0	24.0	56.0	11.2	0	False	inert	2016	2.727272727272727	3.0
10.1002/anie.201507955	PhMe	1.4	1.1	0.7857142857142858	tBuOK	1.0	Co-PNP-pincer	Co	no	Ar	2.0	80.0	24.0	93.0	46.5	0	True	inert	2015	0.7142857142857143	0.9090909090909092
10.1002/aoc.6003	trifluoroethanol	0.6	0.5	0.8333333333333334	Na2CO3	0.025	IrNN	Ir	no	N2	1.0	100.0	7.0	4.0	4.0	0	False	inert	2020	0.0416666666666666	0.05
10.1002/aoc.3052	neat	0.3	0.9	3.0	tBuOK	0.12	[Ru(CO)(PPh3)2] / L3 (3)	Ru	quinaline(OH)CH=N-N=C(S)NHPh	N2	1.0	100.0	6.0	84.0	84.0	0	True	inert	2013	0.4	0.1333333333333333
10.1002/cctc.201501346	DMSO	0.55	0.5	0.9090909090909092	HCOONa	1.5	Pd/C	Pd	no	N2	5.0	120.0	24.0	34.0	6.8	0	False	inert	2016	2.727272727272727	3.0
10.1021/acs.orglett.6b01647	PhMe	1.4	1.0	0.7142857142857143	tBuOK	1.3	Co-PNP-pincer	Co	no	Ar	2.0	80.0	16.0	93.0	46.5	0	True	inert	2016	0.9285714285714288	1.3
10.1016/j.tet.2014.10.007	dioxane	1.0	1.2	1.2	tBuOK	1.0	Ph3PAuCl	Au	AgOTf (10 mol%)	Ar	10.0	100.0	48.0	78.0	7.8	0	True	inert	2014	1.0	0.8333333333333334
10.1021/acs.orglett.6b01647	PhMe	1.4	1.0	0.7142857142857143	tBuOK	1.3	Co-PNP-pincer	Co	no	Ar	2.0	80.0	8.0	79.0	39.5	0	True	inert	2016	0.9285714285714288	1.3
10.1016/j.saa.2014.03.086	neat	0.3	0.9	3.0	tBuOK	0.12	[Ru(CO)L2] (2)	Ru	H2L4 = 2, 2’-Di(2-acetylbenzyliminoethyl)disulfide	N2	1.0	110.0	6.0	82.0	82.0	0	True	inert	2014	0.4	0.1333333333333333
10.1002/aoc.6003	H2O	0.6	0.5	0.8333333333333334	Cs2CO3	1.0	IrNN	Ir	no	N2	1.0	100.0	7.0	3.0	3.0	0	False	inert	2020	1.6666666666666667	2.0
10.1039/d1ra04118e	heptane	1.0	5.0	5.0	no base	0.0	Pd(Oac)2	Pd	TPPMS	Air	5.0	120.0	17.0	20.0	4.0	0	False	oxygen	2021	0.0	0.0
10.1016/j.tet.2014.10.007	dioxane	1.0	1.2	1.2	tBuOK	1.0	Ph3PAuCl	Au	AgOTf (8 mol%)	Ar	8.0	100.0	48.0	59.0	7.375	0	False	inert	2014	1.0	0.8333333333333334
10.1016/j.tet.2017.03.001	benzene	3.0	3.6	1.2	LiOH	1.5	Pd2((AcO)pirazoleAr3)2	Pd	PPh3 (0,4 mol%), 4A MS	Ar	0.4	120.0	24.0	0.0	0.0	0	False	inert	2017	0.5	0.4166666666666666
10.1002/adsc.201000962	H2O	2.0	2.0	1.0	NaHCO3	0.01	Cp*IrCl2	Ir	no	Air	1.0	100.0	4.0	1.0	1.0	0	False	oxygen	2011	0.005	0.005
10.1021/acs.organomet.8b00908	dioxane	1.0	1.0	1.0	no base	0.0	Cp*-S-Rh-N-anthracene-Cl	Rh	no	N2	0.5	100.0	4.0	23.0	46.0	0	False	inert	2019	0.0	0.0
10.1002/adsc.201600689	PhMe	1.2	1.0	0.8333333333333334	tBuOK	1.3	Fe-PNP-pincer	Fe	no	Ar	2.0	80.0	8.0	69.0	34.5	0	True	inert	2016	1.0833333333333337	1.3
10.1021/om4000743	PhMe	1.0	1.0	1.0	K2CO3	0.3	Ir-Py(CH=P-Mes)2 - pincer	Ir	no	N2	1.0	100.0	24.0	1.0	1.0	0	False	inert	2013	0.3	0.3
10.1021/acs.organomet.8b00908	PhF	1.0	1.0	1.0	no base	0.0	Cp*-S-Rh-N-anthracene-Cl	Rh	no	N2	0.5	100.0	4.0	22.0	44.0	0	False	inert	2019	0.0	0.0
10.1038/ncomms12641	PhMe	0.5	0.6	1.2	tBuOK	0.375	Mn-PNP-pincer	Mn	no	Ar	3.0	80.0	24.0	97.0	32.333333333333336	0	True	inert	2016	0.75	0.625
10.1016/j.tet.2017.03.001	neat	3.0	3.6	1.2	Cs2CO3	1.5	Pd2((AcO)pirazoleAr3)2	Pd	PPh3 (0,4 mol%), 4A MS	Ar	0.4	120.0	24.0	0.0	0.0	0	False	inert	2017	0.5	0.4166666666666666
10.1055/s-0033-1338797	H2O	0.5	0.5	1.0	NaHCO3	0.005	[Cp*Ir(k2-CO3)	Ir	PB-Cp*Ir (3′′)	Air	1.0	100.0	24.0	0.9	0.9	0	False	oxygen	2013	0.01	0.01
10.1039/b814234c	neat	1.0	3.0	3.0	K2CO3	0.15	[(sat-NHC-Bn)Ir(CO)(PPh3)Cl]	Ir	no	N2	1.0	100.0	24.0	0.0	0.0	0	False	inert	2008	0.15	0.0499999999999999
10.1002/adsc.201600689	PhMe	1.2	1.0	0.8333333333333334	tBuOK	1.3	Fe-PNP-pincer	Fe	no	Ar	2.0	80.0	4.0	54.0	27.0	0	False	inert	2016	1.0833333333333337	1.3
10.1016/j.tet.2011.02.075	dioxane	2.5	3.75	1.5	tBuOK	2.5	RuCl2DMSO4	Ru	no	Ar	1.0	130.0	48.0	82.0	82.0	0	True	inert	2011	1.0	0.6666666666666666
10.1002/aoc.3052	neat	0.3	0.9	3.0	tBuOK	0.12	[Ru(CO)(PPh3)2] / L2 (2)	Ru	quinaline(OH)CH=N-N=C(S)NH2	N2	1.0	100.0	6.0	81.0	81.0	0	True	inert	2013	0.4	0.1333333333333333
10.1016/j.saa.2014.03.086	neat	0.3	0.9	3.0	tBuOK	0.12	[Ru(CO)L2] (2)	Ru	H2L2 = 2, 20-Di(2-hydroxy-5-chlorobenzyliminoethyl)disulfide	N2	1.0	110.0	6.0	81.0	81.0	0	True	inert	2014	0.4	0.1333333333333333
10.1016/j.saa.2014.03.086	neat	0.3	0.9	3.0	tBuOK	0.12	[Ru(CO)L2] (2)	Ru	H2L5 = 2, 2’-Di(2-hydroxy-5-methylbenzyliminoethyl)disulfide	N2	1.0	110.0	6.0	81.0	81.0	0	True	inert	2014	0.4	0.1333333333333333
10.1016/j.tet.2017.03.001	neat	3.0	3.6	1.2	K3PO4	1.5	Pd2((AcO)pirazoleAr3)2	Pd	PPh3 (0,4 mol%), 4A MS	Ar	0.4	120.0	24.0	0.0	0.0	0	False	inert	2017	0.5	0.4166666666666666
10.1039/b814234c	neat	1.0	3.0	3.0	Et3N	0.15	[(sat-NHC-Bn)Ir(CO)(PPh3)Cl]	Ir	no	N2	1.0	100.0	24.0	0.0	0.0	0	False	inert	2008	0.15	0.0499999999999999
10.1016/j.tet.2017.03.001	neat	3.0	3.6	1.2	KOH	1.5	Pd2((AcO)pirazoleAr3)2	Pd	PPh3 (0,4 mol%), 4A MS	Ar	0.4	120.0	24.0	0.0	0.0	0	False	inert	2017	0.5	0.4166666666666666
10.1016/j.tet.2014.10.007	dioxane	1.0	1.2	1.2	tBuOK	1.0	Ph3PAuCl	Au	AgOTf (12 mol%)	Ar	12.0	100.0	48.0	81.0	6.75	0	True	inert	2014	1.0	0.8333333333333334
10.1039/c8gc00557e	neat	2.0	4.0	2.0	K3PO4	1.0	[Cu(binap)I]2@HT	Cu	0	no data	2.0	100.0	12.0	30.0	15.0	0	False	no_data	2018	0.5	0.25
10.1021/acs.inorgchem.7b02586	PhMe	0.5	0.55	1.1	tBuOK	0.55	[Rh(COD)Cl]2	Rh	no	Air	1.0	100.0	6.0	44.0	44.0	0	False	oxygen	2017	1.1	1.0
10.1039/b814234c	neat	1.0	3.0	3.0	DMAP	0.15	[(sat-NHC-Bn)Ir(CO)(PPh3)Cl]	Ir	no	N2	1.0	100.0	24.0	0.0	0.0	0	False	inert	2008	0.15	0.0499999999999999
10.1016/j.saa.2012.10.072	neat	0.3	0.9	3.0	tBuOK	0.12	[Ru(CO)(PPh3)(L1)] (1)	Ru	H2L1=N,N-bis(2-pyridinecarboxamide)-1,2-ethane	N2	1.0	110.0	6.0	81.0	81.0	0	True	inert	2012	0.4	0.1333333333333333
10.1002/ejic.202000971	PhMe	2.0	1.0	0.5	tBuONa	2.0	Ir-ppy	Ir	no	N2	0.23	100.0	24.0	0.0	0.0	0	False	inert	2021	1.0	2.0
10.1002/aoc.3052	neat	0.3	0.9	3.0	tBuOK	0.12	[Ru(CO)(PPh3)(Py)(L3)] (9)	Ru	quinaline(OH)CH=N-N=C(S)NHPh	N2	1.0	100.0	6.0	80.0	80.0	0	True	inert	2013	0.4	0.1333333333333333
10.1038/ncomms12641	PhMe	0.5	0.6	1.2	tBuOK	0.5	Mn-PNP-pincer	Mn	no	Ar	3.0	80.0	24.0	96.0	32.0	0	True	inert	2016	1.0	0.8333333333333334
10.1002/aoc.6003	trifluoroethanol	0.6	0.5	0.8333333333333334	CaCO3	0.025	IrNN	Ir	no	N2	1.0	100.0	7.0	0.0	0.0	0	False	inert	2020	0.0416666666666666	0.05
10.1016/j.ica.2020.119864	PhMe	1.0	1.0	1.0	KOH	0.3	Ru-cat	Ru	0	Ar	1.0	110.0	12.0	80.0	80.0	0	True	inert	2020	0.3	0.3
10.1016/j.tet.2011.02.075	dioxane	2.5	3.75	1.5	K2CO3	2.5	Cu(Oac)2	Cu	no	Ar	1.0	130.0	48.0	15.0	15.0	0	False	inert	2011	1.0	0.6666666666666666
10.1016/j.tet.2011.02.075	DMSO	2.5	3.75	1.5	tBuOK	2.5	Cu(Oac)2	Cu	no	Ar	1.0	130.0	48.0	15.0	15.0	0	False	inert	2011	1.0	0.6666666666666666
10.1039/d1ob00362c	PhMe	1.0	1.0	1.0	KOH	1.0	RuPNHC	Ru	no	Ar	0.5	110.0	2.0	40.0	80.0	0	False	inert	2021	1.0	1.0
10.1016/j.catcom.2015.10.028	neat	1.0	1.6	1.6	tBuOK	0.15	CymeneRuCl2	Ru	NHC ligand (1 mol%)	no data	1.0	120.0	20.0	80.0	80.0	0	True	no_data	2015	0.15	0.0937499999999999
10.1002/adsc.201500562	PhMe	1.0	1.05	1.05	KOH	0.15	[Ru(p-cymene)Cl2]2	Ru	Ph2PNMe(CH2)3NMePPh2 (1,25 mol%)	Ar	1.25	120.0	12.0	99.0	79.2	0	True	inert	2015	0.15	0.1428571428571428
10.1016/j.saa.2014.03.086	neat	0.3	0.9	3.0	tBuOK	0.12	[Ru(CO)L1] (1)	Ru	H2L1 = 2, 20-Di(2-hydroxybenzyliminoethyl)disulfide (H2L1)	N2	1.0	110.0	6.0	79.0	79.0	0	True	inert	2014	0.4	0.1333333333333333
10.1002/aoc.6003	trifluoroethanol	0.6	0.5	0.8333333333333334	(NH4)2CO3	0.025	IrNN	Ir	no	N2	1.0	100.0	7.0	0.0	0.0	0	False	inert	2020	0.0416666666666666	0.05
10.1038/ncomms12641	THF	0.5	0.6	1.2	tBuOK	0.5	Mn-PNP-pincer	Mn	no	Ar	2.0	80.0	24.0	55.0	27.5	0	False	inert	2016	1.0	0.8333333333333334
10.1039/c8gc00557e	neat	2.0	4.0	2.0	KOH	1.0	[Cu(binap)I]2@HT	Cu	0	no data	5.0	80.0	6.0	77.0	15.4	0	True	no_data	2018	0.5	0.25
10.1016/j.jorganchem.2014.01.007	PhMe	0.55	0.5	0.9090909090909092	tBuOK	0.5	[Ru(p-cymene)Cl2] / L	Ru	L = benzimidazoleC6H3Cl3	Ar	1.0	130.0	15.0	79.0	79.0	0	True	inert	2014	0.9090909090909092	1.0
10.1002/aoc.3052	neat	0.3	0.9	3.0	tBuOK	0.12	[Ru(CO)(AsPh3)2(L3)] (6)	Ru	quinaline(OH)CH=N-N=C(S)NHPh	N2	1.0	100.0	6.0	77.0	77.0	0	True	inert	2013	0.4	0.1333333333333333
10.1021/jo200559h	PhMe	1.0	2.0	2.0	KOH	1.3	Ru(OH)3-Fe3O4	Ru	no	Ar	1.3	130.0	48.0	99.0	76.15384615384615	0	True	inert	2011	1.3	0.65
10.1002/aoc.6003	trifluoroethanol	0.6	0.5	0.8333333333333334	CsCO3	0.025	IrNN	Ir	no	N2	1.0	100.0	7.0	0.0	0.0	0	False	inert	2020	0.0416666666666666	0.05
10.1002/aoc.6003	trifluoroethanol	0.6	0.5	0.8333333333333334	NH4HCO3	0.025	IrNN	Ir	no	N2	1.0	100.0	7.0	0.0	0.0	0	False	inert	2020	0.0416666666666666	0.05
10.1002/aoc.6003	PhMe	0.6	0.5	0.8333333333333334	K2CO3	1.0	IrNN	Ir	no	N2	1.0	100.0	7.0	0.0	0.0	0	False	inert	2020	1.6666666666666667	2.0
10.1002/anie.201507955	PhMe	1.4	1.0	0.7142857142857143	tBuOK	1.2	Co-PNP-pincer	Co	no	Ar	2.5	80.0	24.0	94.0	37.6	0	True	inert	2015	0.8571428571428572	1.2
10.1021/acscatal.7b02817	iPrOH	0.25	1.0	4.0	tBuOK	0.25	NiBr2	Ni	Phen (20 mol%)	Ar	10.0	80.0	48.0	0.0	0.0	0	False	inert	2017	1.0	0.25
10.1038/ncomms12641	PhMe	0.5	0.6	1.2	tBuONa	0.5	Mn-PNP-pincer	Mn	no	Ar	2.0	80.0	24.0	45.0	22.5	0	False	inert	2016	1.0	0.8333333333333334
10.1002/aoc.6003	EtOH	0.6	0.5	0.8333333333333334	K2CO3	1.0	IrNN	Ir	no	N2	1.0	100.0	7.0	0.0	0.0	0	False	inert	2020	1.6666666666666667	2.0
10.1021/acs.organomet.8b00908	dichlorobenzene	1.0	1.0	1.0	no base	0.0	C6H6-Se-Ru-N-anthracene-Cl	Ru	no	N2	0.5	100.0	6.0	38.0	76.0	0	False	inert	2019	0.0	0.0
10.1021/acscatal.8b02530	THF	1.0	1.4	1.4	tBuOK	1.0	Mn-PNP-pincer	Mn	no	Ar	5.0	80.0	18.0	99.0	19.8	0	True	inert	2018	1.0	0.7142857142857143
10.1002/aoc.6003	DMF	0.6	0.5	0.8333333333333334	K2CO3	1.0	IrNN	Ir	no	N2	1.0	100.0	7.0	0.0	0.0	0	False	inert	2020	1.6666666666666667	2.0
10.1016/j.ica.2015.01.002	PhMe	2.0	2.0	1.0	KOH	4.0	Ru-hydrazon (PPh3)2COH	Ru	no	no data	0.5	120.0	8.0	38.0	76.0	0	False	no_data	2015	2.0	2.0
10.1002/aoc.6003	H2O	0.6	0.5	0.8333333333333334	NaOH	1.0	IrNN	Ir	no	N2	1.0	100.0	7.0	0.0	0.0	0	False	inert	2020	1.6666666666666667	2.0
10.1002/aoc.6003	H2O	0.6	0.5	0.8333333333333334	KOH	1.0	IrNN	Ir	no	N2	1.0	100.0	7.0	0.0	0.0	0	False	inert	2020	1.6666666666666667	2.0
10.1016/j.catcom.2015.10.028	neat	1.0	1.6	1.6	tBuOK	0.5	CymeneRuCl2	Ru	NHC ligand (1 mol%)	no data	1.0	120.0	15.0	76.0	76.0	0	True	no_data	2015	0.5	0.3125
10.1002/anie.201507955	PhMe	1.4	1.1	0.7857142857142858	tBuOK	1.0	Co-PNP-pincer	Co	no	Ar	2.5	80.0	24.0	94.0	37.6	0	True	inert	2015	0.7142857142857143	0.9090909090909092
10.1021/acs.orglett.6b01647	PhMe	1.4	1.0	0.7142857142857143	tBuOK	1.3	Co-PNP-pincer	Co	no	Ar	2.0	80.0	4.0	65.0	32.5	0	False	inert	2016	0.9285714285714288	1.3
10.1002/chem.201201845	PhMe	1.0	1.0	1.0	no base	0.0	IrNHC	Ir	no	Ar	1.0	100.0	6.0	99.0	99.0	0	True	inert	2012	0.0	0.0
10.1016/j.catcom.2017.03.007	PhMe	1.0	1.0	1.0	tBuOK	1.0	[Ru(COD)Cl2]n	Ru	imidazole(CH2)2N(CH2PPh2)2	N2	1.0	25.0	120.0	75.5	75.5	0	True	inert	2017	1.0	1.0
10.1021/acscatal.8b02530	THF	1.0	1.6	1.6	tBuOK	1.0	Mn-PNP-pincer	Mn	no	Ar	5.0	80.0	18.0	99.0	19.8	0	True	inert	2018	1.0	0.625
10.1002/adsc.201500562	PhMe	1.0	1.05	1.05	KOH	0.15	[Ru(p-cymene)Cl2]2	Ru	Ph2PNMe(CH2)3NMePPh2 (1,25 mol%)	Ar	1.25	150.0	12.0	94.0	75.2	0	True	inert	2015	0.15	0.1428571428571428
10.1016/j.saa.2014.03.086	neat	0.3	0.9	3.0	tBuOK	0.12	[Ru(CO)L2] (2)	Ru	H2L6 = 2, 20-Di(2-hydroxynaphthyliminoethyl)disulfide	N2	1.0	110.0	6.0	73.0	73.0	0	True	inert	2014	0.4	0.1333333333333333
10.1002/ejic.201100647	neat	0.3	0.9	3.0	tBuOK	0.12	Ru(II)L1Cl(PPh3) (3)	Ru	L=C6H4(o-PPh2)(o-N=CH)C6H4(O)	N2	1.0	110.0	4.0	72.0	72.0	0	True	inert	2011	0.4	0.1333333333333333
10.1016/j.tet.2017.03.001	neat	3.0	3.6	1.2	NaOH	1.5	Pd2((AcO)pirazoleAr3)2	Pd	PPh3 (0,4 mol%), 4A MS	Ar	0.4	120.0	24.0	0.0	0.0	0	False	inert	2017	0.5	0.4166666666666666
10.1016/j.tet.2017.03.001	neat	10.7	12.8	1.1962616822429908	LiOH	5.3	Pd2((AcO)pirazoleAr3)2	Pd	P(2-Fu)3 (0,4 mol%), 4A MS	Ar	0.002	130.0	24.0	89.0	44500.0	0	True	inert	2017	0.4953271028037383	0.4140624999999999
10.1021/cs400799n	neat	2.0	6.0	3.0	NaHCO3	0.4	PdCl2	Pd	Xantphos(1mol%)	Ar	1.0	130.0	24.0	98.0	98.0	0	True	inert	2013	0.2	0.0666666666666666
10.1002/adsc.201500562	PhMe	1.0	1.05	1.05	KOH	0.07	[Ru(p-cymene)Cl2]2	Ru	Ph2PNMe(CH2)3NMePPh2 (0,625 mol%)	Ar	1.25	120.0	12.0	90.0	72.0	0	True	inert	2015	0.07	0.0666666666666666
10.1002/adsc.201500562	PhMe	1.0	1.05	1.05	KOH	0.1	[Ru(p-cymene)Cl2]2	Ru	Ph2PNMe(CH2)3NMePPh2 (0,625 mol%)	Ar	1.25	120.0	12.0	90.0	72.0	0	True	inert	2015	0.1	0.0952380952380952
10.1002/adsc.201600689	THF	1.2	1.0	0.8333333333333334	tBuOK	1.3	Fe-PNP-pincer	Fe	no	Ar	2.0	80.0	16.0	34.0	17.0	0	False	inert	2016	1.0833333333333337	1.3
10.1002/anie.201507955	PhMe	1.0	1.1	1.1	tBuOK	1.2	Co-PNP-pincer	Co	no	Ar	2.5	80.0	24.0	74.0	29.6	0	True	inert	2015	1.2	1.0909090909090908
10.1055/s-0030-1260238	PhMe	2.5	5.0	2.0	CsOH	2.5	Pd(Oac)2	Pd	no	Air?	1.0	130.0	18.0	96.0	96.0	0	True	oxygen	2011	1.0	0.5
10.3184/174751917x14931195075562	dioxane	0.5	0.6	1.2	Cs2CO3	0.6	(C6H5benzothiazole)2Ir+P(nBu)3(OTf)-	Ir	no	Ar	1.0	101.0	18.0	81.0	81.0	0	True	inert	2017	1.2	1.0
10.1016/j.poly.2014.12.015	PhMe	2.0	2.0	1.0	NaHCO3	4.0	Copper(I) complex	Cu	no	Air?	1.0	120.0	12.0	16.0	16.0	0	False	oxygen	2015	2.0	2.0
10.1177/1747519821989963	Et2O	0.75	0.5	0.6666666666666666	Na2CO3	1.0	Ag@MnO2	Ag	0	Air	0.9	25.0	12.0	0.0	0.0	0	False	oxygen	2021	1.3333333333333333	2.0
10.1002/adsc.201500562	PhMe	1.0	1.05	1.05	KOH	0.2	[Ru(p-cymene)Cl2]2	Ru	Ph2PNMe(CH2)3NMePPh2 (0,625 mol%)	Ar	1.25	120.0	12.0	90.0	72.0	0	True	inert	2015	0.2	0.1904761904761904
10.1021/acs.joc.6b02758	tAmOH	0.5	0.6	1.2	Cs2CO3	0.1	[Ir(dpyx-N,C,N)Cl(μ-Cl)]2	Ir	0	Air	1.0	102.0	12.0	86.0	86.0	0	True	oxygen	2017	0.2	0.1666666666666666
10.1021/acscatal.8b02530	THF	1.0	1.4	1.4	tBuOK	1.0	Mn-PNP-pincer	Mn	no	Ar	5.0	80.0	18.0	99.0	19.8	0	True	inert	2018	1.0	0.7142857142857143
10.1002/anie.201507955	PhMe	1.2	1.0	0.8333333333333334	tBuOK	1.2	Co-PNP-pincer	Co	no	Ar	2.5	80.0	24.0	73.0	29.2	0	True	inert	2015	1.0	1.2
10.1021/acscatal.8b02530	THF	1.0	1.4	1.4	tBuOK	1.0	Mn-PNP-pincer	Mn	no	Ar	5.0	80.0	18.0	99.0	19.8	0	True	inert	2018	1.0	0.7142857142857143
10.1055/s-0030-1260238	dioxane	2.5	5.0	2.0	KOH	2.5	Pd(Oac)2	Pd	no	Air?	1.0	130.0	24.0	94.0	94.0	0	True	oxygen	2011	1.0	0.5
10.1055/s-0030-1260238	dioxane	2.5	5.0	2.0	CsOH	2.5	Pd(Oac)2	Pd	no	Air?	1.0	130.0	18.0	94.0	94.0	0	True	oxygen	2011	1.0	0.5
10.1002/adsc.200700596	diglyme	0.5	0.55	1.1	tBuOK	0.55	[IrCODCl]2	Ir	PNP ligand (2 mol%)	Ar	0.0	110.0	24.0	4.0	inf	THF stock soln	False	inert	2008	1.1	1.0
10.1055/s-0030-1260238	PhMe	2.5	5.0	2.0	KOH	2.5	Pd(Oac)2	Pd	no	Air?	1.0	130.0	24.0	88.0	88.0	0	True	oxygen	2011	1.0	0.5
10.1002/anie.201507955	PhMe	1.0	1.1	1.1	tBuOK	1.4	Co-PNP-pincer	Co	no	Ar	2.5	80.0	24.0	72.0	28.8	0	True	inert	2015	1.4	1.2727272727272725
10.1021/acscatal.8b02530	THF	1.0	1.0	1.0	KHMDS	1.0	Mn-PNP-pincer	Mn	no	Ar	5.0	80.0	18.0	95.0	19.0	0	True	inert	2018	1.0	1.0
10.1002/adsc.201500562	PhMe	1.0	1.05	1.05	KOH	0.15	[Ru(p-cymene)Cl2]2	Ru	Ph2PNMe(CH2)3NMePPh2 (0,625 mol%)	Ar	1.25	120.0	12.0	89.0	71.2	0	True	inert	2015	0.15	0.1428571428571428
10.1016/j.saa.2012.10.072	neat	0.3	0.9	3.0	tBuOK	0.12	[Ru(CO)(AsPh3)(L1)] (4)	Ru	H2L1=N,N-bis(2-pyridinecarboxamide)-1,2-ethane	N2	1.0	110.0	6.0	71.0	71.0	0	True	inert	2012	0.4	0.1333333333333333
10.1007/s11243-019-00313-7	PhMe	1.0	1.0	1.0	tBuOK	0.5	Ru-NHC(p-cymene)Ar (2c)	Ru	no	Ar	1.0	120.0	24.0	70.98	70.98	0	True	inert	2019	0.5	0.5
10.1016/j.poly.2019.114234	PhMe	1.0	1.5	1.5	tBuOK	1.0	Ru-NHC (3e)	Ru	no	Ar	1.0	120.0	24.0	70.2	70.2	0	True	inert	2019	1.0	0.6666666666666666
10.1002/ejoc.201700486	DCE	0.1	0.11	1.1	KOH	0.02	[RuPy(benzimidazole)2(PPh3)2Cl]+Cl-	Ru	no	no data	0.3	140.0	12.0	21.0	70.0	0	False	no_data	2017	0.1999999999999999	0.1818181818181818
10.1002/chem.201101725	p-xylene	1.0	1.0	1.0	no base	0.0	PtSn/Al2O3 1:3	Pt	no	Air	0.25	145.0	8.0	8.0	32.0	Shiff formation	False	oxygen	2011	0.0	0.0
10.1016/j.tet.2014.10.007	dioxane	1.0	1.2	1.2	tBuOK	1.0	Ph3PAuCl	Au	AgOTf (15 mol%)	Ar	15.0	100.0	48.0	82.0	5.466666666666667	0	True	inert	2014	1.0	0.8333333333333334
10.1002/adsc.201500562	PhMe	1.0	1.05	1.05	KOH	0.15	[Ru(p-cymene)Cl2]2	Ru	Ph2PNMe(CH2)3NMePPh2 (1,25 mol%)	Ar	1.25	110.0	12.0	86.0	68.8	0	True	inert	2015	0.15	0.1428571428571428
10.1016/j.poly.2021.115289	PhMe	0.5	0.5	1.0	tBuOK	0.5	IrNHC	Ir	0	Ar	0.25	110.0	12.0	76.0	304.0	0	True	inert	2021	1.0	1.0
10.1002/ejoc.201403636	PhMe	0.5	0.5	1.0	tBuOK	0.5	Ru(COD)Cl2	Ru	PTA	Air	1.25	55.0	20.0	85.54	68.432	0	True	oxygen	2015	1.0	1.0
10.1039/c8gc00557e	neat	2.0	4.0	2.0	KOH	1.0	[Cu(binap)I]2@HT	Cu	0	no data	5.0	80.0	12.0	84.0	16.8	0	True	no_data	2018	0.5	0.25
10.1021/acscatal.8b02530	THF	1.0	1.2	1.2	tBuOK	1.0	Mn-PNP-pincer	Mn	no	Ar	5.0	80.0	18.0	88.0	17.6	0	True	inert	2018	1.0	0.8333333333333334
10.1021/acscatal.7b02817	EtOH	0.25	1.0	4.0	tBuOK	0.25	NiBr2	Ni	Phen (20 mol%)	Ar	10.0	80.0	48.0	0.0	0.0	0	False	inert	2017	1.0	0.25
10.1016/j.jorganchem.2014.01.007	PhMe	0.55	0.5	0.9090909090909092	KOH	0.5	[Ru(p-cymene)Cl2] / L	Ru	L = benzimidazoleC6H3Cl3	Ar	1.0	150.0	15.0	67.0	67.0	0	True	inert	2014	0.9090909090909092	1.0
10.1021/acscatal.8b02530	THF	1.0	1.0	1.0	tBuOK	1.0	Mn-PNP-pincer	Mn	no	Ar	5.0	80.0	18.0	86.0	17.2	0	True	inert	2018	1.0	1.0
10.1016/j.tet.2011.02.075	dioxane	2.5	3.75	1.5	tBuOK	2.5	Pd(Oac)2	Pd	no	Ar	1.0	130.0	48.0	80.0	80.0	0	True	inert	2011	1.0	0.6666666666666666
10.1016/j.poly.2021.115289	PhMe	0.5	0.5	1.0	tBuOK	0.5	IrNHC	Ir	0	Ar	0.5	110.0	12.0	96.0	192.0	0	True	inert	2021	1.0	1.0
10.1016/j.poly.2021.115289	PhMe	0.5	0.5	1.0	tBuOK	0.375	IrNHC	Ir	0	Ar	0.5	110.0	12.0	95.0	190.0	0	True	inert	2021	0.75	0.75
10.1039/c8gc00557e	neat	2.0	4.0	2.0	KOH	1.0	[Cu(binap)I]2@HT	Cu	0	no data	5.0	80.0	24.0	85.0	17.0	0	True	no_data	2018	0.5	0.25
10.1016/j.catcom.2015.10.028	H2O	1.0	1.6	1.6	tBuOK	1.0	CymeneRuCl2	Ru	NHC ligand (1 mol%)	no data	1.0	120.0	15.0	66.64	66.64	0	True	no_data	2015	1.0	0.625
10.1021/acscatal.8b02530	THF	1.0	1.0	1.0	tBuOK	1.0	Mn-PNP-pincer	Mn	no	Ar	5.0	80.0	18.0	84.0	16.8	0	True	inert	2018	1.0	1.0
10.1016/j.tet.2014.10.007	dioxane	1.0	1.2	1.2	tBuOK	1.0	Ph3PAuCl	Au	Cs2CO3 (5 mol%)	Ar	5.0	100.0	48.0	26.0	5.2	0	False	inert	2014	1.0	0.8333333333333334
10.1016/j.catcom.2015.10.028	neat	1.0	1.6	1.6	tBuOK	1.0	CymeneRuCl2	Ru	NHC ligand (1 mol%)	no data	1.0	80.0	15.0	66.12	66.12	0	True	no_data	2015	1.0	0.625
10.1002/cctc.201801525	PhMe	1.0	1.3	1.3	NaOH	0.5	Ru/C	Ru	0	N2	0.2	90.0	24.0	13.0	65.0	0	False	inert	2018	0.5	0.3846153846153846
10.1002/chem.201102446	trimethylbenzene	2.0	5.0	2.5	no base	0.0	TAPC=1,3,5-triazo-2,4,6-triphosphorine-2,2,4,4,6,6-hexachloride		0	Ar	2.5	160.0	15.0	80.0	32.0	tert-amine is the major product	True	inert	2011	0.0	0.0
10.1039/c8cy01200h	CyOMe	0.5	1.0	2.0	KOH	0.25	Ni(COD)2	Ni	0	Ar	5.0	100.0	18.0	3.68	0.736	0	False	inert	2018	0.5	0.25
10.1002/adsc.201701117	tAmOH	0.55	0.72	1.3090909090909089	tBuOK	0.1375	Ru(1,10-phenanthroline)Py(PPh3)2(PF6)	Ru	no	Ar	0.2	110.0	16.0	12.96	64.8	0	False	inert	2017	0.25	0.1909722222222222
10.1016/j.catcom.2015.10.028	neat	1.0	1.6	1.6	tBuOK	1.0	CymeneRuCl2	Ru	no	no data	1.0	120.0	15.0	64.8	64.8	0	False	no_data	2015	1.0	0.625
10.1016/j.tet.2014.10.007	dioxane	1.0	1.2	1.2	tBuOK	1.0	Ph3PAuCl	Au	no	Ar	5.0	100.0	48.0	25.0	5.0	0	False	inert	2014	1.0	0.8333333333333334
10.1016/j.poly.2021.115289	PhMe	0.5	0.5	1.0	tBuOK	0.375	IrNHC	Ir	0	air	0.5	110.0	12.0	80.0	160.0	0	True	oxygen	2021	0.75	0.75
10.1002/anie.201507955	PhMe	1.0	1.1	1.1	tBuOK	1.0	Co-PNP-pincer	Co	no	Ar	2.5	80.0	24.0	71.0	28.4	0	True	inert	2015	1.0	0.9090909090909092
10.1016/j.catcom.2017.03.007	PhMe	1.0	1.0	1.0	tBuOK	1.0	Ru(PPh3)2Cl2	Ru	imidazole(CH2)2N(CH2PPh2)2	N2	1.0	100.0	24.0	64.0	64.0	0	False	inert	2017	1.0	1.0
10.1016/j.tetlet.2007.03.075	neat	1.0	96.7	96.7	K2CO3	1.0	[RuCl(PPh3)2(CH3CN)3]+[BPh4]-	Ru	no	no data	1.0	205.0	10.0	64.0	64.0	tertiary+secondary	False	no_data	2007	1.0	0.0103412616339193
10.1055/s-0030-1260238	dioxane	2.5	5.0	2.0	tBuOK	2.5	Pd(Oac)2	Pd	no	Air?	1.0	130.0	24.0	72.0	72.0	0	True	oxygen	2011	1.0	0.5
10.1177/1747519821989963	DMF	0.75	0.5	0.6666666666666666	Na2CO3	1.0	Ag@MnO2	Ag	0	Air	0.9	25.0	12.0	0.0	0.0	0	False	oxygen	2021	1.3333333333333333	2.0
10.1002/adsc.201600689	dioxane	1.2	1.0	0.8333333333333334	tBuOK	1.3	Fe-PNP-pincer	Fe	no	Ar	2.0	80.0	16.0	28.0	14.0	0	False	inert	2016	1.0833333333333337	1.3
10.1002/ejic.201900191	neat	1.0	1.5	1.5	tBuOK	1.5	Ru(NHC)C6H4OMe (2a)	Ru	no	Ar	1.5	120.0	24.0	94.0	62.66666666666666	0	True	inert	2019	1.5	1.0
10.1055/s-0030-1260238	H2O	2.5	5.0	2.0	KOH	2.5	Pd(Oac)2	Pd	no	Air?	1.0	130.0	24.0	67.0	67.0	0	True	oxygen	2011	1.0	0.5
10.1021/acs.joc.1c00510	PhMe	1.0	1.2	1.2	tBuOK	0.5	NiBr2(PPh3)2	Ni	no	Air	1.0	110.0	18.0	95.0	95.0	0	True	oxygen	2021	0.5	0.4166666666666667
10.1016/j.poly.2021.115289	PhMe	0.5	0.5	1.0	tBuOK	0.25	IrNHC	Ir	0	Ar	0.5	110.0	12.0	70.0	140.0	0	True	inert	2021	0.5	0.5
10.1002/ejic.201900191	neat	1.0	1.5	1.5	tBuOK	1.5	Ru(NHC)C6H4OMe (2a)	Ru	no	Ar	1.5	120.0	20.0	94.0	62.66666666666666	0	True	inert	2019	1.5	1.0
10.1021/acs.joc.0c00530	PhMe	0.75	1.5	2.0	KOH	0.5	NiNNN	Ni	no	N2	4.0	120.0	24.0	92.0	23.0	0	True	inert	2020	0.6666666666666666	0.3333333333333333
10.1055/s-0030-1260238	dioxane	2.5	5.0	2.0	KOH	2.5	Pd-cat1	Pd	no	Air?	1.0	130.0	24.0	60.0	60.0	0	False	oxygen	2011	1.0	0.5
10.1021/acs.joc.9b00717	PhMe	1.0	1.5	1.5	tBuOK	1.0	SmI2	Sm	no	Ar	3.0	140.0	1.0	89.0	29.666666666666668	MW	True	inert	2019	1.0	0.6666666666666666
10.1002/anie.201507955	PhMe	1.0	1.2	1.2	tBuOK	1.2	Co-PNP-pincer	Co	no	Ar	2.5	80.0	24.0	70.0	28.0	0	True	inert	2015	1.2	1.0
10.1055/s-0030-1260238	PhMe	2.5	5.0	2.0	CsOH	1.25	Pd(Oac)2	Pd	no	Air?	1.0	130.0	24.0	58.0	58.0	0	False	oxygen	2011	0.5	0.25
10.1002/adsc.201500562	PhMe	1.0	1.05	1.05	KOH	0.05	[Ru(p-cymene)Cl2]2	Ru	Ph2PNMe(CH2)3NMePPh2 (0,625 mol%)	Ar	1.25	120.0	12.0	75.0	60.0	0	True	inert	2015	0.05	0.0476190476190476
10.1002/adsc.200700596	diglyme	0.5	0.55	1.1	tBuOK	0.55	[IrCODCl]2	Ir	PNP ligand (2 mol%)	Ar	0.25	110.0	24.0	33.0	132.0	THF stock soln	False	inert	2008	1.1	1.0
10.1002/anie.201507955	PhMe	1.0	1.4	1.4	tBuOK	1.2	Co-PNP-pincer	Co	no	Ar	2.5	80.0	24.0	66.0	26.4	0	True	inert	2015	1.2	0.8571428571428572
10.1055/s-0030-1260238	neat	2.5	5.0	2.0	KOH	2.5	Pd(Oac)2	Pd	no	Air?	1.0	130.0	24.0	45.0	45.0	0	False	oxygen	2011	1.0	0.5
10.1021/jo200559h	neat	1.0	2.0	2.0	KOH	1.3	Pd(OH)2-Fe3O4	Pd	no	Ar	1.2	130.0	96.0	34.0	28.333333333333336	0	False	inert	2011	1.3	0.65
10.1021/acs.joc.9b00717	PhMe	1.0	1.5	1.5	tBuOK	1.0	SmI2	Sm	no	Ar	3.0	150.0	1.0	87.0	29.0	MW	True	inert	2019	1.0	0.6666666666666666
10.1021/acscatal.7b02817	PhMe	0.25	1.0	4.0	tBuOK	0.25	NiBr2	Ni	Phen (20 mol%)	Ar	10.0	120.0	36.0	49.0	4.9	0	False	inert	2017	1.0	0.25
10.1021/cs400799n	neat	2.0	6.0	3.0	NaHCO3	0.4	Pd(Oac)2	Pd	Xantphos(1mol%)	Ar	1.0	130.0	24.0	26.0	26.0	0	False	inert	2013	0.2	0.0666666666666666
10.1002/aoc.4277	PhMe	1.0	2.0	2.0	tBuOK	1.0	[Ru(COD)Cl2]n	Ru	(Me)imidazole(CH2)4PPh2 (1 mol%)	Ar	1.0	100.0	6.0	56.24	56.24	0	False	inert	2018	1.0	0.5
10.1021/acscatal.8b02530	THF	1.0	1.0	1.0	tBuOK	1.0	Mn-PNP-pincer	Mn	no	Ar	5.0	80.0	18.0	84.0	16.8	0	True	inert	2018	1.0	1.0
10.1021/acscatal.8b02530	THF	1.0	1.0	1.0	tBuOCs	1.0	Mn-PNP-pincer	Mn	no	Ar	5.0	80.0	18.0	77.0	15.4	0	True	inert	2018	1.0	1.0
10.1038/ncomms12641	PhMe	0.5	0.6	1.2	tBuOK	0.25	Mn-PNP-pincer	Mn	no	Ar	3.0	80.0	24.0	46.0	15.333333333333334	0	False	inert	2016	0.5	0.4166666666666667
10.1021/acs.inorgchem.9b03049	neat	1.0	1.2	1.2	tBuOK	0.0	CymeneRuCl2	Ru	no	Ar	0.5	120.0	4.0	28.0	56.0	0	False	inert	2020	0.0	0.0
10.1002/anie.201507955	PhMe	1.0	1.1	1.1	tBuOK	1.0	Co-PNP-pincer	Co	no	Ar	2.5	80.0	24.0	64.0	25.6	0	False	inert	2015	1.0	0.9090909090909092
10.1002/anie.201507955	PhMe	1.0	1.0	1.0	tBuOK	1.2	Co-PNP-pincer	Co	no	Ar	2.5	80.0	24.0	63.0	25.2	0	False	inert	2015	1.2	1.2
10.1002/adsc.201701117	diglyme	0.55	0.72	1.3090909090909089	tBuOK	0.1375	Ru(1,10-phenanthroline)Py(PPh3)2(PF6)	Ru	no	Ar	0.2	110.0	16.0	11.22	56.1	0	False	inert	2017	0.25	0.1909722222222222
10.1039/b901929d	dioxane	2.0	8.0	4.0	tBuOK	4.0	Fe3O4	Fe	no	Ar	1.0	90.0	192.0	66.0	66.0	0	True	inert	2009	2.0	0.5
10.1039/c8gc00557e	neat	2.0	4.0	2.0	tBuOK	1.0	[Cu(binap)I]2@HT	Cu	0	no data	2.0	100.0	12.0	37.0	18.5	0	False	no_data	2018	0.5	0.25
10.1021/acs.orglett.5b03461	PhMe	0.6	0.5	0.8333333333333334	no base	0.0	Co-PNP-pincer	Co	4A MS	Ar	2.0	110.0	48.0	98.0	49.0	0	True	inert	2015	0.0	0.0
10.1055/s-0030-1260238	dioxane	2.5	5.0	2.0	no base	0.0	Pd(Oac)2	Pd	no	Air?	1.0	130.0	24.0	21.0	21.0	0	False	oxygen	2011	0.0	0.0
10.1039/b901929d	dioxane	2.0	8.0	4.0	tBuOK	4.0	Fe3O4	Fe	no	Ar	20.0	90.0	168.0	88.0	4.4	0	True	inert	2009	2.0	0.5
10.1055/s-0030-1260238	dioxane	2.5	5.0	2.0	KOH	2.5	Pd-cat2	Pd	no	Air?	1.0	130.0	24.0	20.0	20.0	0	False	oxygen	2011	1.0	0.5
10.1002/anie.201507955	PhMe	1.0	1.1	1.1	KHMDS	1.0	Co-PNP-pincer	Co	no	Ar	2.5	80.0	24.0	61.0	24.4	0	False	inert	2015	1.0	0.9090909090909092
10.1002/adsc.201701117	PhMe	0.55	0.72	1.3090909090909089	tBuOK	0.1375	Ru(1,10-phenanthroline)Py(PPh3)2(PF6)	Ru	no	Ar	0.2	110.0	16.0	10.53	52.64999999999999	0	False	inert	2017	0.25	0.1909722222222222
10.1002/anie.201507955	PhMe	1.0	1.6	1.6	tBuOK	1.2	Co-PNP-pincer	Co	no	Ar	2.5	80.0	24.0	60.0	24.0	0	False	inert	2015	1.2	0.7499999999999999
10.1002/anie.201507955	PhMe	1.0	1.1	1.1	tBuOK	1.0	Co-PNP-pincer	Co	no	Ar	2.5	80.0	18.0	55.0	22.0	0	False	inert	2015	1.0	0.9090909090909092
10.1002/adsc.200700596	diglyme	0.5	0.55	1.1	tBuOK	0.55	[IrCODCl]2	Ir	PNP ligand (2 mol%)	Ar	0.5	110.0	24.0	65.0	130.0	THF stock soln	False	inert	2008	1.1	1.0
10.1039/c8cy01200h	CyOMe	0.5	1.0	2.0	KOH	0.25	Ni(COD)2	Ni	0	Ar	5.0	120.0	18.0	5.89	1.178	0	False	inert	2018	0.5	0.25
10.1002/aoc.5970	PhMe	0.5	0.5	1.0	tBuOK	0.5	Cp*IrCNCl	Ir	no	Ar	0.5	110.0	16.0	64.99	129.98	0	False	inert	2020	1.0	1.0
10.1002/anie.201507955	PhMe	1.0	1.1	1.1	tBuOK	0.8	Co-PNP-pincer	Co	no	Ar	2.5	80.0	24.0	44.0	17.6	0	False	inert	2015	0.8	0.7272727272727273
10.1002/anie.201507955	THF	1.0	1.1	1.1	tBuOK	1.0	Co-PNP-pincer	Co	no	Ar	2.5	80.0	18.0	30.0	12.0	0	False	inert	2015	1.0	0.9090909090909092
10.1002/anie.201507955	PhMe	1.0	1.1	1.1	KH	1.0	Co-PNP-pincer	Co	no	Ar	2.5	80.0	24.0	30.0	12.0	0	False	inert	2015	1.0	0.9090909090909092
10.1016/j.poly.2021.115289	PhMe	0.5	0.5	1.0	tBuOK	0.5	IrNHC	Ir	0	Ar	1.0	110.0	12.0	99.0	99.0	0	True	inert	2021	1.0	1.0
10.1002/anie.201507955	dioxane	1.0	1.1	1.1	tBuOK	1.0	Co-PNP-pincer	Co	no	Ar	2.5	80.0	18.0	24.0	9.6	0	False	inert	2015	1.0	0.9090909090909092
10.1021/acs.organomet.8b00908	DME	1.0	1.0	1.0	no base	0.0	Cp*-S-Rh-N-anthracene-Cl	Rh	no	N2	0.5	100.0	4.0	21.0	42.0	0	False	inert	2019	0.0	0.0
10.1021/acscatal.8b02530	THF	1.0	1.0	1.0	tBuOK	1.0	Mn-PNP-pincer	Mn	no	Ar	5.0	80.0	18.0	76.0	15.2	0	True	inert	2018	1.0	1.0
10.1002/aoc.4704	neat	1.0	1.5	1.5	tBuOK	1.0	Ru-benzimidazole(p-cymene)	Ru	no	Ar	1.5	120.0	24.0	76.44	50.96	0	True	inert	2018	1.0	0.6666666666666666
10.1016/j.poly.2019.114234	neat	1.0	1.5	1.5	tBuOK	1.0	Ru-NHC (3e)	Ru	no	Ar	1.0	120.0	24.0	50.4	50.4	0	False	inert	2019	1.0	0.6666666666666666
10.1177/1747519821989963	DCE	0.75	0.5	0.6666666666666666	Na2CO3	1.0	Ag@MnO2	Ag	0	Air	0.9	25.0	12.0	0.0	0.0	0	False	oxygen	2021	1.3333333333333333	2.0
10.1039/b901929d	dioxane	2.0	4.0	2.0	tBuOK	4.0	Fe3O4	Fe	no	Ar	20.0	90.0	168.0	80.0	4.0	0	True	inert	2009	2.0	1.0
10.1016/j.poly.2019.114234	neat	1.0	1.5	1.5	tBuOK	1.0	Ru-NHC (3e)	Ru	no	Ar	1.0	120.0	24.0	50.4	50.4	0	False	inert	2019	1.0	0.6666666666666666
10.1007/s11243-019-00313-7	neat	1.0	1.0	1.0	tBuOK	0.5	Ru-NHC(p-cymene)Ar (2c)	Ru	no	Ar	1.0	120.0	24.0	50.4	50.4	0	False	inert	2019	0.5	0.5
10.1021/om800821q	PhMe	1.0	1.0	1.0	NaHCO3	0.5	IrNHC 2a	Ir	MS4A	N2	1.0	110.0	45.0	98.0	98.0	0	True	inert	2008	0.5	0.5
10.1016/j.jorganchem.2014.01.007	PhMe	0.55	0.5	0.9090909090909092	tBuOK	0.5	[Ru(p-cymene)Cl2] / L	Ru	L = benzimidazoleC6H3Cl3	Ar	1.0	100.0	24.0	50.0	50.0	0	False	inert	2014	0.9090909090909092	1.0
10.1002/aoc.5970	PhMe	0.5	0.5	1.0	tBuOK	0.5	Cp*IrCNCl	Ir	no	Ar	1.0	110.0	16.0	96.03	96.03	0	True	inert	2020	1.0	1.0
10.1021/acs.joc.9b00717	PhMe	1.0	1.5	1.5	tBuOK	1.0	SmI2	Sm	no	Ar	3.0	140.0	0.67	71.0	23.666666666666668	MW	True	inert	2019	1.0	0.6666666666666666
10.1016/j.tet.2007.11.083	PhMe	1.0	1.0	1.0	NaHCO3	0.01	Cp*IrCl2	Ir	no	Ar	1.0	110.0	17.0	94.0	94.0	0	True	inert	2007	0.01	0.01
10.1002/anie.201507955	PhMe	1.0	1.1	1.1	tBuOK	0.6	Co-PNP-pincer	Co	no	Ar	2.5	80.0	24.0	23.0	9.2	0	False	inert	2015	0.6	0.5454545454545454
10.1021/acscatal.8b02530	THF	1.2	1.0	0.8333333333333334	tBuOK	1.0	Mn-PNP-pincer	Mn	no	Ar	5.0	80.0	18.0	71.0	14.2	0	True	inert	2018	0.8333333333333334	1.0
10.1038/ncomms12641	PhMe	0.5	0.6	1.2	MeONa	0.5	Mn-PNP-pincer	Mn	no	Ar	2.0	80.0	24.0	28.0	14.0	0	False	inert	2016	1.0	0.8333333333333334
10.1039/d1ob00362c	PhMe	1.0	1.0	1.0	tBuOK	0.75	RuPNHC	Ru	no	Air	0.5	110.0	2.0	25.0	50.0	0	False	oxygen	2021	0.75	0.75
10.1055/s-0030-1260238	dioxane	2.5	5.0	2.0	KOH	2.5	Pd(Oac)2	Pd	no	Air?	10.0	130.0	24.0	99.0	9.9	0	True	oxygen	2011	1.0	0.5
10.1002/ejic.201701479	PhMe	1.1	1.0	0.9090909090909092	tBuOK	2.5	Ru(NHC(CH2)2OMeCl2	Ru	no	Ar	1.0	120.0	24.0	49.0	49.0	0	False	inert	2018	2.2727272727272725	2.5
10.1021/om400126v	PhMe	1.0	1.0	1.0	CsOH	0.05	Ru-(CPh=P-Mes)2(CO)2	Ru	no	N2	0.5	110.0	24.0	24.3	48.6	0	False	inert	2013	0.05	0.05
10.1002/ejic.201900191	neat	1.0	1.5	1.5	tBuOK	1.5	Ru(NHC)C6H4OMe (2a)	Ru	no	Ar	1.0	120.0	24.0	48.1	48.1	0	False	inert	2019	1.5	1.0
10.1002/anie.201507955	diglyme	1.0	1.1	1.1	tBuOK	1.0	Co-PNP-pincer	Co	no	Ar	2.5	80.0	18.0	19.0	7.6	0	False	inert	2015	1.0	0.9090909090909092
10.1002/ejic.201900191	neat	1.0	1.5	1.5	tBuOK	1.5	Ru(NHC)C6H4OMe (2a)	Ru	no	Ar	2.0	120.0	24.0	95.0	47.5	0	True	inert	2019	1.5	1.0
10.1016/j.poly.2019.114234	PhMe	1.0	1.5	1.5	tBuOK	1.0	Ru-NHC (3e)	Ru	no	Ar	1.0	120.0	24.0	47.31	47.31	0	False	inert	2019	1.0	0.6666666666666666
10.1021/acs.joc.9b00717	PhMe	1.0	1.5	1.5	tBuOK	1.0	SmI2	Sm	no	Ar	3.0	140.0	36.0	65.0	21.666666666666668	0	False	inert	2019	1.0	0.6666666666666666
10.1016/j.poly.2019.114234	PhMe	1.0	1.5	1.5	tBuOK	1.0	Ru-NHC (3e)	Ru	no	Ar	1.0	100.0	24.0	47.3	47.3	0	False	inert	2019	1.0	0.6666666666666666
10.1021/jo200559h	neat	1.0	2.0	2.0	K2CO3	1.3	Pd(OH)2-Fe3O4	Pd	no	Ar	1.2	130.0	96.0	10.0	8.333333333333334	0	False	inert	2011	1.3	0.65
10.1002/aoc.5970	PhMe	0.5	0.6	1.2	tBuOK	0.5	Cp*IrCNCl	Ir	no	Ar	1.0	110.0	16.0	93.1	93.1	0	True	inert	2020	1.0	0.8333333333333334
10.1016/j.poly.2014.12.015	PhMe	2.0	2.0	1.0	KOH	4.0	Copper(I) complex	Cu	no	Air?	1.0	120.0	6.0	20.0	20.0	0	False	oxygen	2015	2.0	2.0
10.1007/s11243-019-00313-7	PhMe	1.0	1.0	1.0	tBuOK	0.5	Ru-NHC(p-cymene)Ar (2c)	Ru	no	Ar	1.0	100.0	24.0	46.74	46.74	0	False	inert	2019	0.5	0.5
10.1177/1747519821989963	PhMe	0.75	0.5	0.6666666666666666	Na2CO3	1.0	Ag@MnO2	Ag	0	Air	0.9	60.0	12.0	21.0	23.33333333333333	0	False	oxygen	2021	1.3333333333333333	2.0
10.1016/j.poly.2021.115289	PhMe	0.5	0.5	1.0	KOH	0.5	IrNHC	Ir	0	Ar	0.5	110.0	12.0	45.0	90.0	0	False	inert	2021	1.0	1.0
10.1002/adsc.201500562	PhMe	1.0	1.05	1.05	KOH	0.15	[Ru(p-cymene)Cl2]2	Ru	Ph2PNMe(CH2)3NMePPh2 (2,5 mol%)	Air	1.25	120.0	12.0	58.0	46.4	0	False	oxygen	2015	0.15	0.1428571428571428
10.1039/c9gc03351c	H2O	3.0	3.18	1.06	no base	0.0	Shvo's cat	Ru	TPGS-750-M (5%), NaCl (2.5%)	no data	2.0	100.0	1.0	92.0	46.0	MW	True	no_data	2019	0.0	0.0
10.1039/c8dt02972e	PhMe	1.0	1.0	1.0	tBuOK	1.0	Ru3(CO)8(PyCH2CH2O)2	Ru	4A MS	Ar	1.5	110.0	24.0	68.0	45.333333333333336	0	True	inert	2018	1.0	1.0
10.1016/j.catcom.2017.03.007	PhMe	1.0	1.0	1.0	tBuOK	1.0	[Ru(C6H6)Cl2]2	Ru	imidazole(CH2)2N(CH2PPh2)2	N2	2.0	100.0	24.0	88.0	44.0	0	True	inert	2017	1.0	1.0
10.1016/j.tet.2011.02.075	dioxane	2.5	3.75	1.5	tBuOK	2.5	Pd(Oac)2	Pd	no	Ar	10.0	130.0	48.0	80.0	8.0	0	True	inert	2011	1.0	0.6666666666666666
10.1002/aoc.6032	PhMe	1.0	1.2	1.2	K2CO3	0.5	Ni/Cu-MCM-41	Ni	no	Ar		130.0	24.0	10.0		0	False	inert	2020	0.5	0.4166666666666667
10.1039/b901929d	dioxane	2.0	8.0	4.0	tBuOK	4.0	Fe3O4 nanopowder	Fe	no	Ar	20.0	90.0	168.0	76.0	3.8	0	True	inert	2009	2.0	0.5
10.1039/c8gc00557e	neat	2.0	4.0	2.0	Na2CO3	1.0	[Cu(binap)I]2@HT	Cu	0	no data	2.0	100.0	12.0	42.0	21.0	0	False	no_data	2018	0.5	0.25
10.1055/s-0030-1260238	dioxane	2.5	5.0	2.0	KOH	2.5	PdCl2	Pd	no	Air?	10.0	130.0	48.0	61.0	6.1	0	False	oxygen	2011	1.0	0.5
10.1021/acs.organomet.8b00908	THF	1.0	1.0	1.0	no base	0.0	Cp*-S-Rh-N-anthracene-Cl	Rh	no	N2	0.5	100.0	4.0	12.0	24.0	0	False	inert	2019	0.0	0.0
10.1002/chem.201203285	PhMe	0.5	0.6	1.2	KOt-Amyl	0.05	[Ru(1)(PPh3)Cl]PF6 (7-PF6)	Ru	0	N2	2.0	100.0	18.0	88.0	44.0	0	True	inert	2013	0.1	0.0833333333333333
10.1055/s-0030-1260238	DMF	2.5	5.0	2.0	KOH	2.5	Pd(Oac)2	Pd	no	Air?	1.0	130.0	24.0	5.0	5.0	0	False	oxygen	2011	1.0	0.5
10.1002/aoc.3720	PhMe	1.0	1.5	1.5	KOH	0.2	Fe3O4@SiO2-Ag (SMNP-Ag)	Ag	no	Air?	1.0	100.0	18.0	92.0	92.0	0	True	oxygen	2017	0.2	0.1333333333333333
10.1002/aoc.3720	PhMe	1.0	1.5	1.5	K2CO3	0.2	Fe3O4@SiO2-Ag (SMNP-Ag)	Ag	no	Air?	1.0	100.0	18.0	81.0	81.0	0	True	oxygen	2017	0.2	0.1333333333333333
10.1016/j.jorganchem.2018.04.036	PhMe	1.0	1.1	1.1	KOH	0.1	[Cp*IrCl2]2	Ir	benzoxazole-(2-C6H4PPh2) (1 mol%)	N2	1.0	110.0	24.0	89.0	89.0	0	True	inert	2018	0.1	0.0909090909090909
10.1002/ejoc.200900628	neat	6.93	4.62	0.6666666666666667	K2CO3	5.8	CuAl-HT	Cu	no	Air	4.0	160.0	9.0	91.0	22.75	0	True	oxygen	2009	0.836940836940837	1.255411255411255
10.1002/aoc.3720	p-xylene	1.0	1.5	1.5	KOH	0.2	Fe3O4@SiO2-Ag (SMNP-Ag)	Ag	no	Air?	1.0	100.0	18.0	75.0	75.0	0	True	oxygen	2017	0.2	0.1333333333333333
10.1016/j.tet.2014.10.007	dioxane	1.0	1.2	1.2	KOH	1.0	Ph3PAuCl	Au	AgOTf (10 mol%)	Ar	10.0	100.0	48.0	25.0	2.5	0	False	inert	2014	1.0	0.8333333333333334
10.1039/b901929d	dioxane	2.0	8.0	4.0	tBuOK	2.0	Fe3O4	Fe	no	Ar	20.0	90.0	168.0	72.0	3.6	0	True	inert	2009	1.0	0.25
10.3184/174751917x14931195075562	PhMe	0.5	0.6	1.2	Cs2CO3	0.6	(C6H5benzothiazole)2Ir+P(nBu)3(OTf)-	Ir	no	Ar	1.0	110.0	18.0	88.0	88.0	0	True	inert	2017	1.2	1.0
10.1016/j.molcata.2014.06.004	PhMe	1.1	1.0	0.9090909090909092	tBuOK	0.5	Ir-NHC-C6H4Ac (9)	Ir	4A MS	inert	1.0	110.0	48.0	88.0	88.0	0	True	inert	2014	0.4545454545454545	0.5
10.1002/adsc.201600141	PhMe	1.1	1.0	0.9090909090909092	tBuONa	1.2	[RuCp*Cl2]n	Ru	benzotriazoleCH2C(O)NHCH(Me)COOMe	N2	2.0	110.0	48.0	88.0	44.0	0	True	inert	2016	1.0909090909090908	1.2
10.1021/acscatal.8b02530	THF	1.4	1.0	0.7142857142857143	tBuOK	1.0	Mn-PNP-pincer	Mn	no	Ar	5.0	80.0	18.0	66.0	13.2	0	True	inert	2018	0.7142857142857143	1.0
10.1038/ncomms12641	PhMe	0.5	0.6	1.2	KOH	0.5	Mn-PNP-pincer	Mn	no	Ar	2.0	80.0	24.0	25.0	12.5	0	False	inert	2016	1.0	0.8333333333333334
10.1021/acscatal.8b02530	THF	1.0	1.0	1.0	tBuOK	1.0	Mn-PNP-pincer	Mn	no	Ar	5.0	80.0	18.0	60.0	12.0	0	False	inert	2018	1.0	1.0
10.1021/acscatal.8b02530	THF	1.0	1.0	1.0	tBuOK	1.0	Mn-PNP-pincer	Mn	no	Ar	5.0	80.0	18.0	59.0	11.8	0	False	inert	2018	1.0	1.0
10.1002/ejoc.201700486	p-xylene	0.1	0.11	1.1	KOH	0.02	[RuPy(benzimidazole)2(PPh3)2Cl]+Cl-	Ru	no	no data	0.3	140.0	12.0	13.0	43.333333333333336	0	False	no_data	2017	0.1999999999999999	0.1818181818181818
10.1021/acscatal.8b02530	THF	1.0	1.0	1.0	tBuOK	1.0	Mn-PNP-pincer	Mn	no	Ar	5.0	80.0	18.0	59.0	11.8	0	False	inert	2018	1.0	1.0
10.1016/j.molcata.2014.06.004	PhMe	1.1	1.0	0.9090909090909092	KOH	1.0	Ir-NHC-C6H4Ac (9)	Ir	4A MS	inert	1.0	110.0	48.0	86.0	86.0	0	True	inert	2014	0.9090909090909092	1.0
10.1021/acs.organomet.8b00908	neat	1.0	1.0	1.0	no base	0.0	Cp*-S-Rh-N-anthracene-Cl	Rh	no	N2	0.5	100.0	4.0	10.0	20.0	0	False	inert	2019	0.0	0.0
10.1016/j.poly.2021.115289	PhMe	0.5	0.5	1.0	Cs2CO3	0.5	IrNHC	Ir	0	Ar	0.5	110.0	12.0	43.0	86.0	0	False	inert	2021	1.0	1.0
10.1021/acscatal.8b02530	THF	1.0	1.0	1.0	tBuOK	1.0	Mn-PNP-pincer	Mn	no	Ar	5.0	80.0	18.0	56.0	11.2	0	False	inert	2018	1.0	1.0
10.1021/acscatal.8b02530	THF	1.0	1.0	1.0	tBuOK	1.0	Mn-PNP-pincer	Mn	no	Ar	5.0	80.0	18.0	56.0	11.2	0	False	inert	2018	1.0	1.0
10.1039/c8gc00557e	neat	2.0	4.0	2.0	Cs2CO3	1.0	[Cu(binap)I]2@HT	Cu	0	no data	2.0	100.0	12.0	53.0	26.5	0	False	no_data	2018	0.5	0.25
10.1055/s-0030-1260238	dioxane	2.5	5.0	2.0	K2CO3	2.5	Pd(Oac)2	Pd	no	Air?	1.0	130.0	24.0	3.0	3.0	0	False	oxygen	2011	1.0	0.5
10.1002/aoc.6032	PhMe	1.0	1.2	1.2	KOH	0.5	Ni/Cu-MCM-41	Ni	no	Ar		130.0	24.0	40.0		0	False	inert	2020	0.5	0.4166666666666667
10.1021/acscatal.8b02530	PhMe	1.0	1.0	1.0	tBuOK	1.0	Mn-PNP-pincer	Mn	no	Ar	5.0	80.0	18.0	53.0	10.6	0	False	inert	2018	1.0	1.0
10.1016/j.tet.2007.11.083	PhMe	1.0	1.0	1.0	Na2CO3	0.01	Cp*IrCl2	Ir	no	Ar	1.0	110.0	17.0	85.0	85.0	0	True	inert	2007	0.01	0.01
10.1039/b901929d	PhMe	2.0	8.0	4.0	tBuOK	4.0	Fe3O4	Fe	no	Ar	20.0	90.0	168.0	65.0	3.25	0	False	inert	2009	2.0	0.5
10.1021/acscatal.8b02530	2-MeTHF	1.0	1.0	1.0	tBuOK	1.0	Mn-PNP-pincer	Mn	no	Ar	5.0	80.0	18.0	53.0	10.6	0	False	inert	2018	1.0	1.0
10.1002/cctc.201900318	PhMe	0.5	1.5	3.0	tBuOK	1.0	Ti-0.2Pd(Hy)	Pd	no	Ar	0.2	135.0	48.0	99.0	495.0	0	True	inert	2019	2.0	0.6666666666666666
10.1039/b901929d	dioxane	2.0	8.0	4.0	tBuOK	4.0	Fe2O3	Fe	no	Ar	20.0	90.0	168.0	62.0	3.1	0	False	inert	2009	2.0	0.5
10.1016/j.tet.2007.11.083	PhMe	1.0	1.0	1.0	K2CO3	0.01	Cp*IrCl2	Ir	no	Ar	1.0	110.0	17.0	85.0	85.0	0	True	inert	2007	0.01	0.01
10.1021/acscatal.8b02530	diglyme	1.0	1.0	1.0	tBuOK	1.0	Mn-PNP-pincer	Mn	no	Ar	5.0	80.0	18.0	52.0	10.4	0	False	inert	2018	1.0	1.0
10.1016/j.poly.2019.114234	PhMe	1.0	1.5	1.5	KOH	1.0	Ru-NHC (3e)	Ru	no	Ar	1.0	150.0	24.0	43.12	43.12	0	False	inert	2019	1.0	0.6666666666666666
10.1016/j.poly.2019.114234	PhMe	1.0	1.5	1.5	KOH	1.0	Ru-NHC (3e)	Ru	no	Ar	1.0	150.0	24.0	43.1	43.1	0	False	inert	2019	1.0	0.6666666666666666
10.1021/jo200559h	PhMe	1.5	1.0	0.6666666666666666	KOH	1.3	Ru(OH)3-Fe3O4	Ru	no	Ar	1.3	130.0	24.0	56.0	43.07692307692307	0	False	inert	2011	0.8666666666666667	1.3
10.1002/chem.201102446	trimethylbenzene	4.0	2.0	0.5	no base	0.0	TAPC=1,3,5-triazo-2,4,6-triphosphorine-2,2,4,4,6,6-hexachloride		0	Ar	5.0	160.0	15.0	92.0	18.4	0	True	inert	2011	0.0	0.0
10.1007/s11243-019-00313-7	PhMe	1.0	1.0	1.0	KOH	0.5	Ru-NHC(p-cymene)Ar (2c)	Ru	no	Ar	1.0	150.0	24.0	41.28	41.28	0	False	inert	2019	0.5	0.5
10.1039/b901929d	dioxane	2.0	8.0	4.0	tBuOK	4.0	FeO	Fe	no	Ar	20.0	90.0	168.0	60.0	3.0	0	False	inert	2009	2.0	0.5
10.1002/aoc.3720	PhMe	1.0	1.5	1.5	NaOH	0.2	Fe3O4@SiO2-Ag (SMNP-Ag)	Ag	no	Air?	1.0	100.0	18.0	56.0	56.0	0	False	oxygen	2017	0.2	0.1333333333333333
10.1039/c9gc03351c	H2O/THF=12/1	0.25	0.27	1.08	no base	0.0	Shvo's cat	Ru	TPGS-750-M (2.5%), NaCl (1%)	no data	2.0	100.0	1.0	80.0	40.0	MW	True	no_data	2019	0.0	0.0
10.1002/anie.201507955	PhMe	1.0	1.1	1.1	tBuONa	1.0	Co-PNP-pincer	Co	no	Ar	2.5	80.0	24.0	16.0	6.4	0	False	inert	2015	1.0	0.9090909090909092
10.1021/acs.joc.9b00717	PhMe	1.0	1.5	1.5	tBuOK	1.0	SmI2	Sm	no	Ar	5.0	140.0	1.0	89.0	17.8	MW	True	inert	2019	1.0	0.6666666666666666
10.1021/acs.organomet.8b00908	dioxane	1.0	1.0	1.0	no base	0.0	C6H6-Se-Ru-N-anthracene-Cl	Ru	no	N2	0.5	100.0	6.0	20.0	40.0	0	False	inert	2019	0.0	0.0
10.1016/j.tet.2007.11.083	PhMe	1.0	1.0	1.0	NaOAc	0.01	Cp*IrCl2	Ir	no	Ar	1.0	110.0	17.0	83.0	83.0	0	True	inert	2007	0.01	0.01
10.1039/c4ra15398g	neat	1.0	1.2	1.2	no base	0.0	RuNHC	Ru	no	Ar	1.0	130.0	18.0	40.0	40.0	0	False	inert	2014	0.0	0.0
10.1002/adsc.201701117	dioxane	0.55	0.72	1.3090909090909089	iPrONa	0.1375	Ru(1,10-phenanthroline)Py(PPh3)2(PF6)	Ru	no	Ar	0.2	110.0	12.0	7.98	39.9	0	False	inert	2017	0.25	0.1909722222222222
10.1002/cctc.201900318	PhMe	0.5	1.5	3.0	KOH	1.0	Ti-0.2Pd(Hy)	Pd	no	Ar	0.2	135.0	48.0	97.0	485.0	0	True	inert	2019	2.0	0.6666666666666666
10.1016/j.poly.2021.115289	PhMe	0.5	0.5	1.0	tBuOK	0.5	IrNHC	Ir	0	Ar	1.0	110.0	12.0	83.0	83.0	0	True	inert	2021	1.0	1.0
10.1038/ncomms12641	DMF	0.5	0.6	1.2	tBuOK	0.5	Mn-PNP-pincer	Mn	no	Ar	2.0	80.0	24.0	18.0	9.0	0	False	inert	2016	1.0	0.8333333333333334
10.1021/acscatal.8b02530	THF	1.0	1.0	1.0	tBuOK	0.8	Mn-PNP-pincer	Mn	no	Ar	5.0	80.0	18.0	43.0	8.6	0	False	inert	2018	0.8	0.8
10.1002/cctc.201900318	dioxane	0.5	1.5	3.0	KOH	1.0	Ti-0.2Pd(Hy)	Pd	no	Ar	0.2	135.0	48.0	69.0	345.0	0	True	inert	2019	2.0	0.6666666666666666
10.1039/b901929d	dioxane	2.0	8.0	4.0	tBuOK	4.0	Fe3O4	Fe	no	Ar	40.0	90.0	168.0	89.0	2.225	0	True	inert	2009	2.0	0.5
10.1002/cctc.201900318	hexane	0.5	1.5	3.0	KOH	1.0	Ti-0.2Pd(Hy)	Pd	no	Ar	0.2	135.0	48.0	59.0	295.0	0	False	inert	2019	2.0	0.6666666666666666
10.1002/ejoc.201403636	PhMe	1.0	1.06	1.06	tBuOK	1.0	Ru(cod)Cl2	Ru	PTA ligand	Air	2.5	55.0	15.0	99.0	39.6	0	True	oxygen	2015	1.0	0.9433962264150942
10.1021/ol3001969	PhMe/THF-1:2	0.35	0.35	1.0	tBuOK	0.35	RuPNP complex	Ru	MS 4A	N2	2.5	110.0	24.0	99.0	39.6	0	True	inert	2012	1.0	1.0
10.1002/ejoc.201403636	PhMe	0.5	0.5	1.0	tBuOK	0.5	Ru(COD)Cl2	Ru	PTA	Air	2.5	55.0	15.0	96.03	38.412	0	True	oxygen	2015	1.0	1.0
10.1039/c9gc03351c	H2O/Me-THF=12/1	0.25	0.27	1.08	no base	0.0	Shvo's cat	Ru	TPGS-750-M (2.5%), NaCl (1%)	no data	2.0	100.0	1.0	76.0	38.0	0	True	no_data	2019	0.0	0.0
10.1002/adsc.201600141	PhMe	1.1	1.0	0.9090909090909092	KOH	1.2	[RuCp*Cl2]n	Ru	benzotriazoleCH2C(O)NHCH(Me)COOMe	N2	2.0	110.0	48.0	76.0	38.0	0	True	inert	2016	1.0909090909090908	1.2
10.1038/ncomms12641	tAmOH	0.5	0.6	1.2	tBuOK	0.5	Mn-PNP-pincer	Mn	no	Ar	2.0	80.0	24.0	15.0	7.5	0	False	inert	2016	1.0	0.8333333333333334
10.1002/cjoc.201200462	neat	3.0	6.0	2.0	NaOH	1.2	Pd(Oac)2	Pd	no	Air	1.0	135.0	24.0	98.0	98.0	0	True	oxygen	2012	0.3999999999999999	0.1999999999999999
10.1002/ejic.201900191	neat	1.0	1.5	1.5	tBuOK	1.5	Ru(NHC)C6H4OMe (2a)	Ru	no	Ar	1.5	100.0	24.0	56.25	37.5	0	False	inert	2019	1.5	1.0
10.1016/j.apcata.2020.117519	p-xylene	1.1	1.1	1.0	no base	0.0	Cu-Fe(3)LDH	Cu	0	N2		154.0	24.0	33.12		0	False	inert	2020	0.0	0.0
10.1021/jo200559h	PhMe	1.0	2.0	2.0	KOH	1.3	Ru(OH)3-Fe3O4	Ru	no	Ar	2.6	130.0	48.0	97.0	37.30769230769231	0	True	inert	2011	1.3	0.65
10.1038/ncomms12641	PhMe	0.5	0.6	1.2	Cs2CO3	0.5	Mn-PNP-pincer	Mn	no	Ar	2.0	80.0	24.0	14.0	7.0	0	False	inert	2016	1.0	0.8333333333333334
10.1038/ncomms12641	PhMe	0.5	0.6	1.2	tBuOK	0.1	Mn-PNP-pincer	Mn	no	Ar	3.0	80.0	24.0	20.0	6.666666666666667	0	False	inert	2016	0.2	0.1666666666666666
10.1021/jo200559h	neat	1.0	2.0	2.0	KOH	1.3	Cu(OH)2-Fe3O4	Cu	no	Ar	1.3	130.0	96.0	40.0	30.769230769230766	0	False	inert	2011	1.3	0.65
10.1038/ncomms12641	PhMe	0.5	0.6	1.2	EtONa	0.5	Mn-PNP-pincer	Mn	no	Ar	2.0	80.0	24.0	12.0	6.0	0	False	inert	2016	1.0	0.8333333333333334
10.1039/c8gc00557e	neat	2.0	4.0	2.0	K2CO3	1.0	[Cu(binap)I]2@HT	Cu	0	no data	2.0	100.0	12.0	68.0	34.0	0	True	no_data	2018	0.5	0.25
10.1002/cctc.201900318	PhMe	0.5	1.5	3.0	K3PO4	1.0	Ti-0.2Pd(Hy)	Pd	no	Ar	0.2	135.0	48.0	19.0	95.0	0	False	inert	2019	2.0	0.6666666666666666
10.1002/aoc.4704	neat	1.0	1.5	1.5	tBuOK	1.0	Ru-benzimidazole(p-cymene)	Ru	no	Ar	2.5	120.0	24.0	92.2	36.88	0	True	inert	2018	1.0	0.6666666666666666
10.1002/aoc.3720	PhMe	1.0	1.5	1.5	tBuOK	0.2	Fe3O4@SiO2-Ag (SMNP-Ag)	Ag	no	Air?	1.0	100.0	18.0	34.0	34.0	0	False	oxygen	2017	0.2	0.1333333333333333
10.1002/aoc.5970	PhMe	0.5	0.5	1.0	tBuOK	0.2	Cp*IrCNCl	Ir	no	Ar	1.0	110.0	16.0	82.17	82.17	0	True	inert	2020	0.4	0.4
10.1016/j.ica.2021.120294	neat	1.0	1.5	1.5	tBuOK	1.0	Ru-NHC	Ru	0	Ar	2.5	120.0	24.0	91.14	36.456	0	True	inert	2021	1.0	0.6666666666666666
10.1002/aoc.3720	PhMe	1.0	1.5	1.5	K3PO4	0.2	Fe3O4@SiO2-Ag (SMNP-Ag)	Ag	no	Air?	1.0	100.0	18.0	30.0	30.0	0	False	oxygen	2017	0.2	0.1333333333333333
10.1016/j.poly.2019.114234	neat	1.0	1.5	1.5	tBuOK	1.0	Ru-NHC (3d)	Ru	no	Ar	2.5	120.0	24.0	91.1	36.44	0	True	inert	2019	1.0	0.6666666666666666
10.1002/aoc.6032	PhMe	1.0	1.2	1.2	LiOH	0.5	Ni/Cu-MCM-41	Ni	no	Ar		130.0	24.0	30.0		0	False	inert	2020	0.5	0.4166666666666667
10.1002/cjoc.201200462	neat	3.0	6.0	2.0	CsOH	1.2	Pd(Oac)2	Pd	no	Air	1.0	135.0	24.0	94.0	94.0	0	True	oxygen	2012	0.3999999999999999	0.1999999999999999
10.1002/aoc.3720	EtOH	1.0	1.5	1.5	KOH	0.2	Fe3O4@SiO2-Ag (SMNP-Ag)	Ag	no	Air?	1.0	100.0	18.0	21.0	21.0	0	False	oxygen	2017	0.2	0.1333333333333333
10.1002/aoc.6032	PhMe	1.0	1.2	1.2	tBuOK	0.5	Ni/Cu-MCM-41	Ni	no	Ar		130.0	24.0	92.0		0	True	inert	2020	0.5	0.4166666666666667
10.1016/j.poly.2019.114234	PhMe	1.0	1.5	1.5	tBuOK	1.0	Ru-NHC (3e)	Ru	no	Ar	2.5	120.0	24.0	89.0	35.6	0	True	inert	2019	1.0	0.6666666666666666
10.1007/s11243-019-00313-7	PhMe	1.0	1.0	1.0	tBuOK	0.5	Ru-NHC(p-cymene)Ar (2c)	Ru	no	Ar	2.5	120.0	24.0	89.0	35.6	0	True	inert	2019	0.5	0.5
10.1002/cctc.202100635	octane	0.5	0.75	1.5	tBuOK	0.5	Mn@NrGO	Mn	no	Ar	8.0	80.0	24.0	42.0	5.25	0	False	inert	2021	1.0	0.6666666666666666
10.1002/ejoc.201403636	PhMe	0.5	0.5	1.0	tBuOK	0.5	Ru(COD)Cl2	Ru	PTA	Air	2.5	40.0	15.0	88.32	35.328	0	True	oxygen	2015	1.0	1.0
10.1002/cjoc.201200462	neat	3.0	6.0	2.0	KOH	1.2	Pd(Oac)2	Pd	no	Air	1.0	135.0	24.0	75.0	75.0	0	True	oxygen	2012	0.3999999999999999	0.1999999999999999
10.1021/acscatal.8b02530	THF	1.0	1.0	1.0	tBuOK	1.5	Mn-PNP-pincer	Mn	no	Ar	5.0	80.0	18.0	21.0	4.2	0	False	inert	2018	1.5	1.5
10.1039/c8gc00557e	neat	2.0	4.0	2.0	KOH	1.0	[Cu(binap)I]2@HT	Cu	0	no data	2.0	80.0	12.0	70.0	35.0	0	True	no_data	2018	0.5	0.25
10.1016/j.tet.2011.02.075	dioxane	2.5	3.75	1.5	tBuOK	2.5	CuCl2	Cu	no	Ar	1.0	130.0	48.0	40.0	40.0	0	False	inert	2011	1.0	0.6666666666666666
10.1002/cctc.201900318	PhMe	0.5	1.5	3.0	Cs2CO3	1.0	Ti-0.2Pd(Hy)	Pd	no	Ar	0.2	135.0	48.0	11.0	55.0	0	False	inert	2019	2.0	0.6666666666666666
10.1016/j.tet.2011.02.075	dioxane	2.5	3.75	1.5	tBuOK	0.25	Cu(Oac)2	Cu	no	Ar	1.0	130.0	48.0	40.0	40.0	0	False	inert	2011	0.1	0.0666666666666666
10.1039/c8gc00557e	neat	2.0	4.0	2.0	KOH	1.0	[Cu(binap)I]2@HT	Cu	0	no data	2.0	100.0	12.0	82.0	41.0	0	True	no_data	2018	0.5	0.25
10.1002/cctc.201900318	PhMe	0.5	1.5	3.0	K2CO3	1.0	Ti-0.2Pd(Hy)	Pd	no	Ar	0.2	135.0	48.0	6.0	30.0	0	False	inert	2019	2.0	0.6666666666666666
10.1002/aoc.3720	PhMe	1.0	1.5	1.5	Na2CO3	0.2	Fe3O4@SiO2-Ag (SMNP-Ag)	Ag	no	Air?	1.0	100.0	18.0	20.0	20.0	0	False	oxygen	2017	0.2	0.1333333333333333
10.1038/ncomms12641	PhMe	0.5	0.6	1.2	tBuOK	0.05	Mn-PNP-pincer	Mn	no	Ar	3.0	80.0	24.0	12.0	4.0	0	False	inert	2016	0.1	0.0833333333333333
10.1021/acscatal.8b02530	dioxane	1.0	1.0	1.0	tBuOK	1.0	Mn-PNP-pincer	Mn	no	Ar	5.0	80.0	18.0	19.0	3.8	0	False	inert	2018	1.0	1.0
10.1016/j.tet.2007.11.083	PhMe	1.0	1.0	1.0	KHCO3	0.01	Cp*IrCl2	Ir	no	Ar	1.0	110.0	17.0	82.0	82.0	0	True	inert	2007	0.01	0.01
10.1021/ol3001969	PhMe/THF-1:2	0.35	0.35	1.0	tBuOK	0.17	RuPNP complex	Ru	MS 4A	N2	2.5	110.0	24.0	88.0	35.2	0	True	inert	2012	0.4857142857142857	0.4857142857142857
10.1002/aoc.6032	PhMe	1.0	1.2	1.2	tBuOK	0.5	Ni/Cu-MCM-41	Ni	no	Ar		130.0	24.0	75.0		0	True	inert	2020	0.5	0.4166666666666667
10.1002/adsc.200700596	diglyme	0.5	0.55	1.1	tBuOK	0.55	[IrCODCl]2	Ir	PNP ligand (2 mol%)	Ar	1.0	110.0	24.0	82.0	82.0	THF stock soln	True	inert	2008	1.1	1.0
10.1002/ejoc.201900209	PhMe	0.25	0.25	1.0	no base	0.0	Fe(Knokler's cat) with MeCN	Fe	MS 3A	Ar	5.0	100.0	24.0	92.0	18.4	0	True	inert	2019	0.0	0.0
10.1021/acscatal.8b02530	THF	1.0	1.0	1.0	NaHMDS	1.0	Mn-PNP-pincer	Mn	no	Ar	5.0	80.0	18.0	19.0	3.8	0	False	inert	2018	1.0	1.0
10.1002/cctc.201900318	MeOH	0.5	1.5	3.0	KOH	1.0	Ti-0.2Pd(Hy)	Pd	no	Ar	0.2	135.0	48.0	4.0	20.0	0	False	inert	2019	2.0	0.6666666666666666
10.1002/cctc.201900318	PhMe	0.5	1.5	3.0	no base	0.0	Ti-0.2Pd(Hy)	Pd	no	Ar	0.2	135.0	48.0	0.0	0.0	0	False	inert	2019	0.0	0.0
10.1016/j.poly.2019.114234	neat	1.0	1.5	1.5	tBuOK	1.0	Ru-NHC (3e)	Ru	no	Ar	2.5	120.0	24.0	88.0	35.2	0	True	inert	2019	1.0	0.6666666666666666
10.1080/00958972.2021.1881066	PhMe	2.0	2.0	1.0	tBuOK	1.5	FeCl2	Fe	NNNligand	N2	1.0	110.0	36.0	81.0	81.0	0	True	inert	2021	0.75	0.75
10.1002/aoc.6032	PhMe	1.0	1.2	1.2	tBuOK	0.5	Ni/Cu-MCM-41	Ni	no	Ar		130.0	24.0	94.0		0	True	inert	2020	0.5	0.4166666666666667
10.1002/anie.201507955	tAmOH	1.0	1.1	1.1	tBuOK	1.0	Co-PNP-pincer	Co	no	Ar	2.5	80.0	18.0	9.0	3.6	0	False	inert	2015	1.0	0.9090909090909092
10.1007/s11243-019-00313-7	neat	1.0	1.0	1.0	tBuOK	0.5	Ru-NHC(p-cymene)Ar (2c)	Ru	no	Ar	2.5	120.0	24.0	88.0	35.2	0	True	inert	2019	0.5	0.5
10.1021/acscatal.8b02530	THF	1.0	1.0	1.0	tBuOK	2.0	Mn-PNP-pincer	Mn	no	Ar	5.0	80.0	18.0	15.0	3.0	0	False	inert	2018	2.0	2.0
10.1021/jo200559h	neat	1.0	2.0	2.0	KOH	1.3	Ru(OH)3-Fe3O4	Ru	no	Ar	1.3	130.0	48.0	45.0	34.61538461538461	0	False	inert	2011	1.3	0.65
10.1021/acs.joc.9b00717	PhMe	1.0	1.5	1.5	tBuOK	1.0	SmI2	Sm	no	Ar	3.0	140.0	24.0	38.0	12.666666666666666	0	False	inert	2019	1.0	0.6666666666666666
10.1016/j.tet.2014.10.007	PhMe	1.0	1.2	1.2	tBuOK	1.0	Ph3PAuCl	Au	AgOTf (10 mol%)	Ar	10.0	100.0	48.0	18.0	1.8	0	False	inert	2014	1.0	0.8333333333333334
10.1002/chem.201102446	neat	4.0	2.0	0.5	no base	0.0	TAPC=1,3,5-triazo-2,4,6-triphosphorine-2,2,4,4,6,6-hexachloride		0	Ar	5.0	160.0	15.0	75.0	15.0	0	True	inert	2011	0.0	0.0
10.1021/acscatal.8b02530	THF	1.0	1.0	1.0	tBuOK	0.6	Mn-PNP-pincer	Mn	no	Ar	5.0	80.0	18.0	7.0	1.4	0	False	inert	2018	0.6	0.6
10.1021/acscatal.8b02530	tAmOH	1.0	1.0	1.0	tBuOK	1.0	Mn-PNP-pincer	Mn	no	Ar	5.0	80.0	18.0	5.0	1.0	0	False	inert	2018	1.0	1.0
10.1002/cctc.201900318	H2O	0.5	1.5	3.0	KOH	1.0	Ti-0.2Pd(Hy)	Pd	no	Ar	0.2	135.0	48.0	0.0	0.0	0	False	inert	2019	2.0	0.6666666666666666
10.1016/j.tetlet.2011.01.059	neat	5.0	7.5	1.5	no base	0.0	Pd/Fe2O3	Pd	no	Ar	0.17	140.0	12.0	74.0	435.2941176470588	0	True	inert	2011	0.0	0.0
10.1016/j.tetlet.2011.01.059	neat	5.0	7.5	1.5	K3PO4	0.25	Pd/Fe2O3	Pd	no	Ar	0.17	140.0	12.0	72.0	423.52941176470586	0	True	inert	2011	0.05	0.0333333333333333
10.1016/j.tet.2014.10.007	dioxane	1.0	1.2	1.2	NaOH	1.0	Ph3PAuCl	Au	AgOTf (10 mol%)	Ar	10.0	100.0	48.0	16.0	1.6	0	False	inert	2014	1.0	0.8333333333333334
10.1021/acscatal.8b02530	THF	1.0	1.0	1.0	LiHMDS	1.0	Mn-PNP-pincer	Mn	no	Ar	5.0	80.0	18.0	1.0	0.2	0	False	inert	2018	1.0	1.0
10.1016/j.ica.2021.120294	neat	1.0	1.5	1.5	tBuOK	1.0	Ru-NHC	Ru	0	Ar	2.5	120.0	24.0	85.44	34.176	0	True	inert	2021	1.0	0.6666666666666666
10.1016/j.tet.2014.10.007	dioxane	1.0	1.2	1.2	K3PO4	1.0	Ph3PAuCl	Au	AgOTf (10 mol%)	Ar	10.0	100.0	48.0	8.0	0.8	0	False	inert	2014	1.0	0.8333333333333334
10.1016/j.molcata.2014.06.004	PhMe	1.1	1.0	0.9090909090909092	tBuOK	1.0	Ir-NHC-C6H4Ac (9)	Ir	4A MS	inert	1.0	110.0	48.0	82.0	82.0	0	True	inert	2014	0.9090909090909092	1.0
10.1002/anie.201507955	PhMe	1.0	1.1	1.1	tBuOK	0.4	Co-PNP-pincer	Co	no	Ar	2.5	80.0	24.0	6.0	2.4	0	False	inert	2015	0.4	0.3636363636363636
10.1002/anie.201507955	MeCN	1.0	1.1	1.1	tBuOK	1.0	Co-PNP-pincer	Co	no	Ar	2.5	80.0	18.0	0.0	0.0	0	False	inert	2015	1.0	0.9090909090909092
10.1021/acscatal.8b02530	THF	1.0	1.0	1.0	tBuOLi	1.0	Mn-PNP-pincer	Mn	no	Ar	5.0	80.0	18.0	0.0	0.0	0	False	inert	2018	1.0	1.0
10.1039/c6gc00938g	neat	3.0	2.0	0.6666666666666666	no base	0.0	PhCH2Br		no	N2	5.0	150.0	24.0	69.16	13.832	0	True	inert	2016	0.0	0.0
10.1021/acscatal.8b02530	THF	1.0	1.0	1.0	tBuONa	1.0	Mn-PNP-pincer	Mn	no	Ar	5.0	80.0	18.0	0.0	0.0	0	False	inert	2018	1.0	1.0
10.1021/acscatal.8b02530	THF	1.0	1.0	1.0	LiOH	1.0	Mn-PNP-pincer	Mn	no	Ar	5.0	80.0	18.0	0.0	0.0	0	False	inert	2018	1.0	1.0
10.1016/j.ica.2015.01.002	PhMe	2.0	2.0	1.0	NaHCO3	4.0	Ru-hydrazon (PPh3)2COH	Ru	no	no data	0.5	120.0	16.0	17.0	34.0	0	False	no_data	2015	2.0	2.0
10.1021/acscatal.8b02530	THF	1.0	1.0	1.0	NaOH	1.0	Mn-PNP-pincer	Mn	no	Ar	5.0	80.0	18.0	0.0	0.0	0	False	inert	2018	1.0	1.0
10.1021/acscatal.8b02530	THF	1.0	1.0	1.0	KOH	1.0	Mn-PNP-pincer	Mn	no	Ar	5.0	80.0	18.0	0.0	0.0	0	False	inert	2018	1.0	1.0
10.1016/j.tetlet.2011.01.059	neat	5.0	7.5	1.5	tBuOK	0.25	Pd/Fe2O3	Pd	no	Ar	0.17	140.0	12.0	66.0	388.235294117647	0	True	inert	2011	0.05	0.0333333333333333
10.1080/00958972.2021.1881066	PhMe	2.0	2.0	1.0	tBuOK	2.0	FeCl2	Fe	NNNligand	N2	2.0	110.0	36.0	96.03	48.015	0	True	inert	2021	1.0	1.0
10.1002/aoc.6032	EtOH	1.0	1.2	1.2	tBuOK	0.5	Ni/Cu-MCM-41	Ni	no	Ar		130.0	24.0	0.0		0	False	inert	2020	0.5	0.4166666666666667
10.1016/j.tetlet.2011.01.059	neat	5.0	7.5	1.5	K2CO3	0.25	Pd/Fe2O3	Pd	no	Ar	0.17	140.0	12.0	65.0	382.35294117647055	0	False	inert	2011	0.05	0.0333333333333333
10.1016/j.molcata.2014.06.004	PhMe	1.1	1.0	0.9090909090909092	tBuOK	1.0	Ir-NHC-C6H4Ac (8)	Ir	4A MS	inert	1.0	110.0	48.0	80.0	80.0	0	True	inert	2014	0.9090909090909092	1.0
10.1016/j.molcata.2014.06.004	PhMe	1.1	1.0	0.9090909090909092	tBuOK	1.0	Ir-NHC-C6H4Ac (5)	Ir	4A MS	inert	1.0	110.0	48.0	79.0	79.0	0	True	inert	2014	0.9090909090909092	1.0
10.1002/anie.201507955	DMF	1.0	1.1	1.1	tBuOK	1.0	Co-PNP-pincer	Co	no	Ar	2.5	80.0	18.0	0.0	0.0	0	False	inert	2015	1.0	0.9090909090909092
10.1002/anie.201507955	PhMe	1.0	1.1	1.1	KOH	1.0	Co-PNP-pincer	Co	no	Ar	2.5	80.0	24.0	0.0	0.0	0	False	inert	2015	1.0	0.9090909090909092
10.1039/c6gc00938g	neat	2.0	3.0	1.5	no base	0.0	PhCH2Br		no	N2	7.5	160.0	24.0	89.3	11.906666666666666	0	True	inert	2016	0.0	0.0
10.1002/aoc.6032	DMF	1.0	1.2	1.2	tBuOK	0.5	Ni/Cu-MCM-41	Ni	no	Ar		130.0	24.0	10.0		0	False	inert	2020	0.5	0.4166666666666667
10.1002/aoc.6032	dioxane	1.0	1.2	1.2	tBuOK	0.5	Ni/Cu-MCM-41	Ni	no	Ar		130.0	24.0	5.0		0	False	inert	2020	0.5	0.4166666666666667
10.3390/molecules21081042	neat	1.0	1.0	1.0	no base	0.0	Pd@[nBu4][Br] (Pd NPs)	Pd	no	Ar	0.2	140.0	24.0	48.0	240.0	0	False	inert	2016	0.0	0.0
10.1021/acscatal.8b02530	THF	1.0	1.0	1.0	Cs2CO3	1.0	Mn-PNP-pincer	Mn	no	Ar	5.0	80.0	18.0	0.0	0.0	0	False	inert	2018	1.0	1.0
10.1021/acscatal.8b02530	THF	1.0	1.0	1.0	tBuOK	0.0	Mn-PNP-pincer	Mn	no	Ar	5.0	80.0	18.0	0.0	0.0	0	False	inert	2018	0.0	0.0
10.1002/ejoc.201403636	PhMe	0.5	0.5	1.0	tBuOK	0.5	C6H6RuCl2	Ru	PTA	Air	2.5	55.0	15.0	82.77	33.108	0	True	oxygen	2015	1.0	1.0
10.1016/j.molcata.2014.06.004	PhMe	1.1	1.0	0.9090909090909092	tBuOK	1.0	Ir-NHC-C6H4Ac (6)	Ir	4A MS	inert	1.0	110.0	48.0	78.0	78.0	0	True	inert	2014	0.9090909090909092	1.0
10.1021/acscatal.8b02530	THF	1.0	1.0	1.0	tBuOK	0.05	Mn-PNP-pincer	Mn	no	Ar	5.0	80.0	18.0	0.0	0.0	0	False	inert	2018	0.05	0.05
10.1021/acs.joc.9b00717	PhMe	1.0	1.5	1.5	NaOH	1.0	SmI2	Sm	no	Ar	3.0	140.0	1.0	31.0	10.333333333333334	MW	False	inert	2019	1.0	0.6666666666666666
10.1021/jo200559h	PhMe	1.5	1.0	0.6666666666666666	KOH	1.3	Ru(OH)3-Fe3O4	Ru	no	Ar	1.3	150.0	48.0	42.0	32.30769230769231	0	False	inert	2011	0.8666666666666667	1.3
10.3390/molecules21081042	neat	1.0	1.0	1.0	no base	0.0	Pd@[nBu4][Br] (Pd NPs)	Pd	no	Ar	0.5	140.0	24.0	71.0	142.0	0	True	inert	2016	0.0	0.0
10.1016/j.poly.2019.114234	PhMe	1.0	1.5	1.5	KOH	1.0	Ru-NHC (3e)	Ru	no	Ar	1.0	120.0	24.0	32.12	32.12	0	False	inert	2019	1.0	0.6666666666666666
10.1016/j.molcata.2014.06.004	PhMe	1.1	1.0	0.9090909090909092	tBuOK	1.0	Ir-NHC-C6H4Ac (10)	Ir	4A MS	inert	1.0	110.0	48.0	77.0	77.0	0	True	inert	2014	0.9090909090909092	1.0
10.1080/00958972.2021.1881066	PhMe	2.0	2.0	1.0	tBuOK	1.5	FeCl2	Fe	NNNligand	N2	2.0	110.0	36.0	96.03	48.015	0	True	inert	2021	0.75	0.75
10.1002/cctc.201902179	neat	1.0	1.3	1.3	KOH	0.6	rGO/α-MnO2@rGO/δ-MnO2	Mn	no	Air		100.0	10.0	98.0		0	True	oxygen	2020	0.6	0.4615384615384615
10.1016/j.molcata.2014.06.004	PhMe	1.1	1.0	0.9090909090909092	tBuOK	1.0	Ir-NHC-C6H4Ac (7)	Ir	4A MS	inert	1.0	110.0	48.0	76.0	76.0	0	True	inert	2014	0.9090909090909092	1.0
10.3390/molecules21081042	anisole	1.0	2.0	2.0	no base	0.0	Pd@[nBu4][Br] (Pd NPs)	Pd	no	Ar	1.0	140.0	24.0	99.0	99.0	0	True	inert	2016	0.0	0.0
10.1002/aoc.6032	mesitylene	1.0	1.2	1.2	tBuOK	0.5	Ni/Cu-MCM-41	Ni	no	Ar		130.0	24.0	75.0		0	True	inert	2020	0.5	0.4166666666666667
10.1039/c6gc00938g	neat	2.0	3.0	1.5	no base	0.0	PhCH2Br		no	Air	7.5	160.0	24.0	82.0	10.933333333333334	0	True	oxygen	2016	0.0	0.0
10.1080/00958972.2021.1881066	PhMe	2.0	2.0	1.0	tBuOK	1.0	FeCl2	Fe	NNNligand	N2	2.0	110.0	36.0	92.15	46.075	0	True	inert	2021	0.5	0.5
10.1080/00958972.2021.1881066	PhMe	2.0	2.0	1.0	KOH	2.0	FeCl2	Fe	NNNligand	N2	2.0	110.0	36.0	73.26	36.63	0	True	inert	2021	1.0	1.0
10.3390/molecules21081042	PhMe	1.0	2.0	2.0	no base	0.0	Pd@[nBu4][Br] (Pd NPs)	Pd	no	Ar	1.0	140.0	24.0	97.0	97.0	0	True	inert	2016	0.0	0.0
10.1016/j.poly.2019.114234	PhMe	1.0	1.5	1.5	KOH	1.0	Ru-NHC (3e)	Ru	no	Ar	1.0	100.0	24.0	32.1	32.1	0	False	inert	2019	1.0	0.6666666666666666
10.1016/j.tet.2014.10.007	dioxane	1.0	1.2	1.2	K2CO3	1.0	Ph3PAuCl	Au	AgOTf (10 mol%)	Ar	10.0	100.0	48.0	6.0	0.6	0	False	inert	2014	1.0	0.8333333333333334
10.1002/anie.201507955	PhMe	1.0	1.1	1.1	NaOH	1.0	Co-PNP-pincer	Co	no	Ar	2.5	80.0	24.0	0.0	0.0	0	False	inert	2015	1.0	0.9090909090909092
10.1016/j.molcata.2014.06.004	PhMe	1.1	1.0	0.9090909090909092	K2CO3	1.0	Ir-NHC-C6H4Ac (9)	Ir	4A MS	inert	1.0	110.0	48.0	76.0	76.0	0	True	inert	2014	0.9090909090909092	1.0
10.1002/aoc.6032	PhMe	1.0	1.2	1.2	no base	0.0	Ni/Cu-MCM-41	Ni	no	Ar		130.0	24.0	0.0		0	False	inert	2020	0.0	0.0
10.1016/j.ica.2021.120294	neat	1.0	1.5	1.5	tBuOK	1.0	Ru-NHC	Ru	0	Ar	2.5	120.0	24.0	80.19	32.076	0	True	inert	2021	1.0	0.6666666666666666
10.1021/acscatal.7b02817	PhMe	0.25	1.0	4.0	tBuOK	0.25	NiBr2	Ni	Phen (5 mol%)	Ar	2.5	130.0	48.0	70.0	28.0	0	True	inert	2017	1.0	0.25
10.1080/00958972.2021.1881066	PhMe	2.0	2.0	1.0	tBuOK	0.8	FeCl2	Fe	NNNligand	N2	2.0	110.0	36.0	66.96	33.48	0	True	inert	2021	0.4	0.4
10.1002/anie.201507955	PhMe	1.0	1.1	1.1	tBuOLi	1.0	Co-PNP-pincer	Co	no	Ar	2.5	80.0	24.0	0.0	0.0	0	False	inert	2015	1.0	0.9090909090909092
10.1021/ol503587n	PhMe	0.76	0.84	1.1052631578947367	no base	0.0	Ph4Cp(O)Fe(CO)3	Fe	Me3NO (=cat mol%)	Ar	2.0	110.0	48.0	52.0	26.0	0	False	inert	2015	0.0	0.0
10.1021/jo200559h	neat	1.0	2.0	2.0	KOH	1.3	Ni(OH)2-Fe3O4	Ni	no	Ar	1.2	130.0	96.0	24.0	20.0	0	False	inert	2011	1.3	0.65
10.1021/ja807323a	PhMe	1.0	1.0	1.0	K2CO3	0.1	[Ru(p-cymene)Cl2]2	Ru	dppf (2.5 mol%) or DPEphos (2.5 mol%), MS	N2	2.5	110.0	24.0	80.0	32.0	0	True	inert	2009	0.1	0.1
10.1002/ejoc.201900209	PhMe	0.25	0.25	1.0	no base	0.0	Fe(Knokler's cat) with MeCN	Fe	MS 3A	Ar	5.0	110.0	24.0	99.0	19.8	0	True	inert	2019	0.0	0.0
10.3390/molecules21081042	neat	1.0	2.0	2.0	no base	0.0	Pd@[nBu4][Br] (Pd NPs)	Pd	no	Ar	1.0	140.0	24.0	86.0	86.0	0	True	inert	2016	0.0	0.0
10.1016/j.poly.2014.12.015	PhMe	2.0	2.0	1.0	tBuOK	4.0	Copper(I) complex	Cu	no	Air?	1.0	120.0	12.0	42.0	42.0	0	False	oxygen	2015	2.0	2.0
10.1016/j.poly.2021.115289	PhMe	0.5	0.5	1.0	tBuOK	0.5	IrNHC	Ir	0	Ar	1.0	110.0	12.0	75.0	75.0	0	True	inert	2021	1.0	1.0
10.1016/j.tet.2011.02.075	PhMe	2.5	3.75	1.5	tBuOK	2.5	Cu(Oac)2	Cu	no	Ar	1.0	90.0	48.0	48.0	48.0	0	False	inert	2011	1.0	0.6666666666666666
10.1002/cctc.201902179	neat	1.0	1.3	1.3	K2CO3	0.3	rGO/α-MnO2@rGO/δ-MnO2	Mn	no	Air		100.0	16.0	40.0		0	False	oxygen	2020	0.3	0.2307692307692307
10.1021/acs.joc.9b00717	PhMe	1.0	1.5	1.5	tBuOK	1.0	SmI2	Sm	no	Ar	3.0	110.0	1.0	27.0	9.0	MW	False	inert	2019	1.0	0.6666666666666666
10.1080/00958972.2021.1881066	PhMe	2.0	2.0	1.0	tBuOK	2.0	FeI2	Fe	NNNligand	N2	2.0	110.0	36.0	38.19	19.095	0	False	inert	2021	1.0	1.0
10.1002/chem.201102446	trimethylbenzene	4.0	2.0	0.5	no base	0.0	TAPC=1,3,5-triazo-2,4,6-triphosphorine-2,2,4,4,6,6-hexachloride		0	Ar	5.0	140.0	12.0	45.0	9.0	0	False	inert	2011	0.0	0.0
10.1021/ol503587n	PhMe	0.76	1.52	2.0	no base	0.0	Ph4Cp(O)Fe(CO)3	Fe	Me3NO (=cat mol%)	Ar	5.0	110.0	48.0	90.0	18.0	0	True	inert	2015	0.0	0.0
10.1002/anie.201507955	PhMe	1.0	1.1	1.1	LiOH	1.0	Co-PNP-pincer	Co	no	Ar	2.5	80.0	24.0	0.0	0.0	0	False	inert	2015	1.0	0.9090909090909092
10.1080/00958972.2021.1881066	PhMe	2.0	2.0	1.0	tBuOK	2.0	FeBr2	Fe	NNNligand	N2	2.0	110.0	36.0	35.88	17.94	0	False	inert	2021	1.0	1.0
10.1021/ol503587n	PhMe	0.76	1.52	2.0	no base	0.0	Ph4Cp(O)Fe(CO)3	Fe	Me3NO (=cat mol%)	Ar	10.0	110.0	48.0	99.0	9.9	0	True	inert	2015	0.0	0.0
10.1021/ol503587n	PhMe	0.76	1.37	1.8026315789473688	no base	0.0	Ph4Cp(O)Fe(CO)3	Fe	Me3NO (=cat mol%)	Ar	10.0	110.0	48.0	99.0	9.9	0	True	inert	2015	0.0	0.0
10.1021/ol503587n	PhMe	0.76	1.14	1.4999999999999998	no base	0.0	Ph4Cp(O)Fe(CO)3	Fe	Me3NO (=cat mol%)	Ar	10.0	110.0	48.0	97.0	9.7	0	True	inert	2015	0.0	0.0
10.1021/acs.joc.8b01109	neat	0.5	6.76	13.52	no base	0.0	Co2Rh2/C	Rh	0	N2	5.0	100.0	24.0	99.0	19.8	0	True	inert	2018	0.0	0.0
10.1002/cctc.201902179	neat	1.0	1.3	1.3	K2CO3	0.3	rGO/α-MnO2@rGO/δ-MnO2	Mn	no	Air		100.0	16.0	48.0		0	False	oxygen	2020	0.3	0.2307692307692307
10.3390/molecules21081042	neat	1.0	5.0	5.0	no base	0.0	Pd@[nBu4][Br] (Pd NPs)	Pd	no	Ar	1.0	140.0	24.0	86.0	86.0	0	True	inert	2016	0.0	0.0
10.1021/ol503587n	PhMe	0.76	1.52	2.0	no base	0.0	Ph4Cp(O)Fe(CO)3	Fe	Me3NO (=cat mol%)	Ar	10.0	110.0	24.0	95.0	9.5	0	True	inert	2015	0.0	0.0
10.1021/acscatal.7b02817	PhMe	0.25	1.0	4.0	tBuOK	0.25	NiBr2	Ni	Phen (10 mol%)	Ar	5.0	130.0	48.0	79.0	15.8	0	True	inert	2017	1.0	0.25
10.1039/c6gc00938g	neat	2.0	4.0	2.0	no base	0.0	PhCH2Br		no	N2	10.0	150.0	24.0	86.5	8.65	0	True	inert	2016	0.0	0.0
10.1021/ol503587n	PhMe	0.76	0.76	1.0	no base	0.0	Ph4Cp(O)Fe(CO)3	Fe	Me3NO (=cat mol%)	Ar	10.0	110.0	48.0	90.0	9.0	0	True	inert	2015	0.0	0.0
10.1021/acscatal.9b02977	PhMe	0.25	1.0	4.0	tBuOK	0.25	Ni(Azo)2	Ni	no	Ar	5.0	130.0	24.0	75.0	15.0	0	True	inert	2019	1.0	0.25
10.1039/c6gc00938g	neat	2.0	3.0	1.5	no base	0.0	PhCH2Cl		no	Air	7.5	160.0	24.0	63.0	8.4	0	False	oxygen	2016	0.0	0.0
10.3390/molecules21081042	neat	1.0	1.0	1.0	no base	0.0	Pd@[nBu4][Br] (Pd NPs)	Pd	no	Ar	1.0	140.0	24.0	78.0	78.0	0	True	inert	2016	0.0	0.0
10.1021/ol503587n	PhMe	0.76	1.22	1.6052631578947367	no base	0.0	Ph4Cp(O)Fe(CO)3	Fe	Me3NO (=cat mol%)	Ar	10.0	110.0	48.0	89.0	8.9	0	True	inert	2015	0.0	0.0
10.1002/ejic.201701479	PhMe	1.1	1.0	0.9090909090909092	tBuOK	2.5	Ru(NHC(CH2)2OMeCl2	Ru	no	Ar	2.5	120.0	24.0	80.0	32.0	0	True	inert	2018	2.2727272727272725	2.5
10.1016/j.tet.2011.02.075	dioxane	2.5	3.75	1.5	tBuOK	2.5	CuCl	Cu	no	Ar	1.0	130.0	48.0	50.0	50.0	0	False	inert	2011	1.0	0.6666666666666666
10.1021/acscatal.9b02977	PhMe	0.25	1.0	4.0	tBuOK	0.25	Ni(Azo)2	Ni	no	Ar	7.0	130.0	24.0	86.0	12.285714285714286	0	True	inert	2019	1.0	0.25
10.1002/anie.201507955	PhMe	1.0	1.1	1.1	tBuOK	0.0	Co-PNP-pincer	Co	no	Ar	2.5	80.0	24.0	0.0	0.0	0	False	inert	2015	0.0	0.0
10.3390/molecules21081042	mesitylene	1.0	2.0	2.0	no base	0.0	Pd@[nBu4][Br] (Pd NPs)	Pd	no	Ar	1.0	140.0	24.0	78.0	78.0	0	True	inert	2016	0.0	0.0
10.1021/acscatal.9b02977	PhMe	0.25	1.0	4.0	tBuOK	0.19	Ni(Azo)2	Ni	no	Ar	7.0	130.0	24.0	78.0	11.142857142857142	0	True	inert	2019	0.76	0.19
10.1002/aoc.5970	PhMe	0.5	0.5	1.0	tBuOK	0.5	Cp*IrCNCl	Ir	no	Ar	1.0	110.0	16.0	73.6	73.6	0	True	inert	2020	1.0	1.0
10.1002/anie.201507955	PhMe	1.0	1.1	1.1	tBuOK	0.2	Co-PNP-pincer	Co	no	Ar	2.5	80.0	24.0	0.0	0.0	0	False	inert	2015	0.2	0.1818181818181818
10.1021/ol503587n	PhMe	0.76	0.91	1.1973684210526316	no base	0.0	Ph4Cp(O)Fe(CO)3	Fe	Me3NO (=cat mol%)	Ar	10.0	110.0	48.0	88.0	8.8	0	True	inert	2015	0.0	0.0
10.1021/acscatal.7b02817	PhMe	0.25	1.0	4.0	tBuOK	0.25	NiBr2	Ni	Phen (15 mol%)	Ar	7.5	130.0	48.0	82.0	10.933333333333334	0	True	inert	2017	1.0	0.25
10.1016/j.molcata.2014.06.004	PhMe	1.1	1.0	0.9090909090909092	NaHCO3	1.0	Ir-NHC-C6H4Ac (9)	Ir	4A MS	inert	1.0	110.0	48.0	73.0	73.0	0	True	inert	2014	0.9090909090909092	1.0
10.1021/acscatal.7b02817	PhMe	0.25	1.0	4.0	tBuOK	0.25	NiBr2	Ni	Phen (20 mol%)	Ar	10.0	130.0	48.0	99.0	9.9	0	True	inert	2017	1.0	0.25
10.1016/j.tetlet.2014.05.068	anisole	1.2	0.4	0.3333333333333333	no base	0.0	ReH7(Pcy3)2	Re	no	CO	10.0	150.0	24.0	80.0	8.0	0	True	inert	2014	0.0	0.0
10.3390/molecules21081042	PhMe	1.0	2.0	2.0	no base	0.0	Pd@[C16NMe3][Br] (Pd NPs)	Pd	no	Ar	1.0	140.0	24.0	63.0	63.0	0	False	inert	2016	0.0	0.0
10.3390/molecules21081042	PhMe	1.0	2.0	2.0	no base	0.0	Pd@[C16NMe3][PF6] (Pd NPs)	Pd	no	Ar	1.0	140.0	24.0	62.0	62.0	0	False	inert	2016	0.0	0.0
10.1039/c8gc00557e	neat	2.0	4.0	2.0	KOH	1.0	[Cu(binap)I]2@HT	Cu	0	no data	1.0	80.0	12.0	56.0	56.0	0	False	no_data	2018	0.5	0.25
10.1016/j.tet.2011.02.075	dioxane	2.5	3.75	1.5	tBuOK	2.5	Cu(Otf)2	Cu	no	Ar	1.0	130.0	48.0	60.0	60.0	0	False	inert	2011	1.0	0.6666666666666666
10.1002/chem.201001848	PhMe	1.5	1.5	1.0	no base	0.0	Ru/TiO2	Ru	no	N2 5 bar	0.5	120.0	14.0	16.0	32.0	0	False	inert	2010	0.0	0.0
10.1021/ol503587n	PhMe	0.76	0.99	1.3026315789473684	no base	0.0	Ph4Cp(O)Fe(CO)3	Fe	Me3NO (=cat mol%)	Ar	10.0	110.0	48.0	81.0	8.1	0	True	inert	2015	0.0	0.0
10.1021/acs.organomet.0c00727	PhMe	0.28	0.25	0.8928571428571428	tBuOK	0.275	CoPPPNCl	Co	no	N2	3.0	85.0	24.0	93.0	31.0	0	True	inert	2021	0.9821428571428572	1.1
10.1039/d1nj01539g	neat	1.0	1.5	1.5	tBuOK	1.0	Rubenzimidazole	Ru	no	Ar	2.5	120.0	24.0	80.0	32.0	0	True	inert	2021	1.0	0.6666666666666666
10.1002/cctc.201902179	neat	1.0	1.3	1.3	K2CO3	0.6	rGO/α-MnO2@rGO/δ-MnO2	Mn	no	Air		100.0	16.0	50.0		0	False	oxygen	2020	0.6	0.4615384615384615
10.1002/adsc.201600141	PhMe	1.1	1.0	0.9090909090909092	tBuONa	1.2	[RuCp*Cl2]n	Ru	benzotriazoleCH2C(O)NHCH(Me)COOH	N2	2.0	110.0	48.0	63.0	31.5	0	False	inert	2016	1.0909090909090908	1.2
10.1007/s11243-019-00313-7	PhMe	1.0	1.0	1.0	KOH	0.5	Ru-NHC(p-cymene)Ar (2c)	Ru	no	Ar	1.0	100.0	24.0	30.53	30.53	0	False	inert	2019	0.5	0.5
10.1016/j.apcata.2011.11.017	PhMe	0.5	0.5	1.0	no base	0.0	Au/ZrO2	Au	no	N2	1.5	110.0	22.0	46.0	30.666666666666668	0	False	inert	2011	0.0	0.0
10.1016/j.apcata.2011.11.017	PhMe	0.5	0.5	1.0	no base	0.0	Au/ZrO2	Au	no	N2	4.0	110.0	22.0	80.0	20.0	0	True	inert	2011	0.0	0.0
10.1002/cctc.201902179	neat	1.0	1.3	1.3	K2CO3	1.0	rGO/α-MnO2@rGO/δ-MnO2	Mn	no	Air		100.0	16.0	50.0		0	False	oxygen	2020	1.0	0.7692307692307692
10.1021/acscatal.9b02977	PhMe	0.25	1.0	4.0	tBuOK	0.13	Ni(Azo)2	Ni	no	Ar	7.0	130.0	24.0	65.0	9.285714285714286	0	False	inert	2019	0.52	0.13
10.1002/aoc.3720	dioxane	1.0	1.5	1.5	KOH	0.2	Fe3O4@SiO2-Ag (SMNP-Ag)	Ag	no	Air?	1.0	100.0	18.0	16.0	16.0	0	False	oxygen	2017	0.2	0.1333333333333333
10.3390/molecules21081042	neat	2.0	1.0	0.5	no base	0.0	Pd@[nBu4][Br] (Pd NPs)	Pd	no	Ar	1.0	140.0	24.0	60.0	60.0	0	False	inert	2016	0.0	0.0
10.3390/molecules21081042	PhMe	1.0	2.0	2.0	no base	0.0	Pd@[C16NMe3][NTf2] (Pd NPs)	Pd	no	Ar	1.0	140.0	24.0	51.0	51.0	0	False	inert	2016	0.0	0.0
10.1016/j.tet.2007.11.083	neat	1.0	1.0	1.0	NaHCO3	0.01	Cp*IrCl2	Ir	no	Ar	1.0	110.0	17.0	67.0	67.0	0	True	inert	2007	0.01	0.01
10.1016/j.tetlet.2014.05.068	anisole	1.2	0.4	0.3333333333333333	no base	0.0	ReH7(Pcy3)2	Re	MS 4A	CO	10.0	150.0	24.0	67.0	6.7	0	True	inert	2014	0.0	0.0
10.1021/acscatal.7b02817	PhMe	0.25	1.0	4.0	tBuOK	0.25	NiCl2	Ni	Phen (20 mol%)	Ar	10.0	130.0	48.0	87.0	8.7	0	True	inert	2017	1.0	0.25
10.1002/cctc.201902179	neat	1.0	1.3	1.3	K2CO3	1.0	rGO/α-MnO2@rGO/δ-MnO2	Mn	no	Air		100.0	16.0	50.0		0	False	oxygen	2020	1.0	0.7692307692307692
10.1002/cctc.201902179	neat	1.0	1.3	1.3	KOH	0.3	rGO/α-MnO2@rGO/δ-MnO2	Mn	no	Air		100.0	12.0	63.0		0	False	oxygen	2020	0.3	0.2307692307692307
10.3390/molecules21081042	diglyme	1.0	2.0	2.0	no base	0.0	Pd@[nBu4][Br] (Pd NPs)	Pd	no	Ar	1.0	140.0	24.0	46.0	46.0	0	False	inert	2016	0.0	0.0
10.1021/ol503587n	PhMe	0.76	0.84	1.1052631578947367	no base	0.0	Ph4Cp(O)Fe(CO)3	Fe	Me3NO (=cat mol%)	Ar	10.0	110.0	48.0	78.0	7.8	0	True	inert	2015	0.0	0.0
10.1002/ejoc.201900209	PhMe	0.25	0.25	1.0	no base	0.0	Fe(Knokler's cat) with MeCN	Fe	MS 3A	Air	5.0	110.0	48.0	7.0	1.4	0	False	oxygen	2019	0.0	0.0
10.1016/j.tet.2011.02.075	dioxane	2.5	3.75	1.5	tBuOK	2.5	CuI	Cu	no	Ar	1.0	130.0	96.0	60.0	60.0	0	False	inert	2011	1.0	0.6666666666666666
10.1039/c6gc00938g	neat	2.0	3.0	1.5	no base	0.0	PhCH2Br		no	N2	7.5	150.0	24.0	49.0	6.533333333333333	0	False	inert	2016	0.0	0.0
10.1021/acscatal.7b02817	PhMe	0.25	1.0	4.0	tBuOK	0.1875	NiBr2	Ni	Phen (20 mol%)	Ar	10.0	130.0	36.0	85.0	8.5	0	True	inert	2017	0.75	0.1875
10.1039/c6gc00938g	neat	3.0	2.0	0.6666666666666666	no base	0.0	PhCH2Br		no	N2	10.0	150.0	24.0	64.8	6.48	0	False	inert	2016	0.0	0.0
10.1021/acs.organomet.0c00727	PhMe	0.28	0.25	0.8928571428571428	tBuOK	0.3125	CoPPPNCl	Co	no	N2	3.0	85.0	24.0	93.0	31.0	0	True	inert	2021	1.1160714285714284	1.25
10.1021/acs.organomet.0c00727	PhMe	0.28	0.25	0.8928571428571428	tBuONa	0.275	CoPPPNCl	Co	no	N2	3.0	85.0	24.0	89.0	29.666666666666668	0	True	inert	2021	0.9821428571428572	1.1
10.3390/molecules21081042	ethylene glycol	1.0	2.0	2.0	no base	0.0	Pd@[nBu4][Br] (Pd NPs)	Pd	no	Ar	1.0	140.0	24.0	44.0	44.0	0	False	inert	2016	0.0	0.0
10.3390/molecules21081042	PhMe	1.0	2.0	2.0	no base	0.0	Pd@[BnNMe3][Br] (Pd NPs)	Pd	no	Ar	1.0	140.0	24.0	43.0	43.0	0	False	inert	2016	0.0	0.0
10.1016/j.poly.2014.12.015	PhMe	2.0	2.0	1.0	KOH	4.0	Copper(I) complex	Cu	no	Air?	1.0	120.0	12.0	62.0	62.0	0	False	oxygen	2015	2.0	2.0
10.3390/molecules21081042	H2O	1.0	2.0	2.0	no base	0.0	Pd@[nBu4][Br] (Pd NPs)	Pd	no	Ar	1.0	140.0	24.0	33.0	33.0	0	False	inert	2016	0.0	0.0
10.1016/j.poly.2021.115289	PhMe	0.5	0.5	1.0	tBuOK	0.5	IrNHC	Ir	0	Ar	1.0	110.0	12.0	64.0	64.0	0	False	inert	2021	1.0	1.0
10.1021/om200883e	PhMe	1.0	1.0	1.0	KOH	1.0	Cp*Ir(SCH2CH2)3	Ir	no	Ar	1.0	110.0	45.0	63.0	63.0	0	False	inert	2011	1.0	1.0
10.1002/ejoc.201900209	PhMe	0.25	0.25	1.0	no base	0.0	Fe(Knokler's cat) with MeCN	Fe	MS 3A	Air	7.5	110.0	48.0	9.0	1.2	0	False	oxygen	2019	0.0	0.0
10.1002/cctc.201902179	neat	1.0	1.3	1.3	KOH	0.6	rGO/α-MnO2@rGO/δ-MnO2	Mn	no	Air		100.0	12.0	78.0		0	True	oxygen	2020	0.6	0.4615384615384615
10.1002/cctc.201902179	neat	1.0	1.3	1.3	KOH	0.3	rGO/α-MnO2@rGO/δ-MnO2	Mn	no	Air		100.0	12.0	75.0		0	True	oxygen	2020	0.3	0.2307692307692307
10.1002/aoc.3720	PhMe	1.0	1.5	1.5	LiOH	0.2	Fe3O4@SiO2-Ag (SMNP-Ag)	Ag	no	Air?	1.0	100.0	18.0	15.0	15.0	0	False	oxygen	2017	0.2	0.1333333333333333
10.1080/00958972.2021.1881066	PhMe	2.0	2.0	1.0	K2CO3	2.0	FeCl2	Fe	NNNligand	N2	2.0	110.0	36.0	0.54	0.27	0	False	inert	2021	1.0	1.0
10.1021/acscatal.7b02817	PhMe	0.25	1.0	4.0	tBuOK	0.25	Ni(cod)2	Ni	Phen (20 mol%)	Ar	10.0	130.0	48.0	83.0	8.3	0	True	inert	2017	1.0	0.25
10.1080/00958972.2021.1881066	PhMe	2.0	2.0	1.0	tBuONa	2.0	FeCl2	Fe	NNNligand	N2	2.0	110.0	36.0	0.4	0.2	0	False	inert	2021	1.0	1.0
10.1016/j.poly.2019.114234	neat	1.0	1.5	1.5	tBuOK	1.0	Ru-NHC (3a)	Ru	no	Ar	2.5	120.0	24.0	76.0	30.4	0	True	inert	2019	1.0	0.6666666666666666
10.1021/acscatal.9b02977	PhMe	0.25	1.0	4.0	tBuOK	0.25	Ni(Azo)2	Ni	no	Ar	10.0	130.0	24.0	83.0	8.3	0	True	inert	2019	1.0	0.25
10.1016/j.apcata.2011.11.017	PhMe	0.5	0.5	1.0	no base	0.0	Au/WO3	Au	no	N2	1.5	110.0	22.0	19.0	12.666666666666666	0	False	inert	2011	0.0	0.0
10.1016/j.tetlet.2014.05.068	anisole	1.2	0.4	0.3333333333333333	no base	0.0	ReH7(Pcy3)2	Re	LiCl	CO	10.0	150.0	24.0	51.0	5.1	0	False	inert	2014	0.0	0.0
10.1246/bcsj.20150217	neat	1.0	4.0	4.0	tBuOK	2.0	Fe(III)(Pc)Cl	Fe	no	N2	10.0	130.0	12.0	91.0	9.1	MW	True	inert	2015	2.0	0.5
10.1016/j.tetlet.2016.05.018	p-xylene	0.25	0.25	1.0	no base	0.0	Pd(COD)ClSnCl3	Pd	no	Air	3.0	140.0	24.0	90.0	30.0	0	True	oxygen	2016	0.0	0.0
10.1016/j.tetlet.2016.05.018	p-xylene	0.25	0.25	1.0	no base	0.0	Pd(COD)ClSnCl3	Pd	no	Ar	3.0	140.0	24.0	88.0	29.33333333333333	0	True	inert	2016	0.0	0.0
10.1016/j.tetlet.2014.05.068	PhMe	1.2	0.4	0.3333333333333333	no base	0.0	ReH7(Pcy3)2	Re	no	CO	10.0	150.0	24.0	50.0	5.0	0	False	inert	2014	0.0	0.0
10.1016/j.tetlet.2014.05.068	anisole	1.2	0.4	0.3333333333333333	no base	0.0	ReH7(Pcy3)2	Re	MgSO4	CO	10.0	150.0	24.0	50.0	5.0	0	False	inert	2014	0.0	0.0
10.1002/chem.201001848	PhMe	1.5	1.5	1.0	no base	0.0	Au/TiO2-VS	Au	no	N2 5 bar	0.5	120.0	14.0	92.0	184.0	0	True	inert	2010	0.0	0.0
10.1002/adsc.201200732	PhMe	1.0	1.1	1.1	NaHCO3	0.5	IrNHC on silica	Ir	no	N2	1.5	110.0	48.0	93.0	62.0	0	True	inert	2013	0.5	0.4545454545454545
10.1002/aoc.5970	PhMe	0.5	0.5	1.0	KOH	0.5	Cp*IrCNCl	Ir	no	Ar	1.0	110.0	16.0	58.41	58.41	0	False	inert	2020	1.0	1.0
10.1002/aoc.5970	PhMe	0.5	0.5	1.0	tBuOK	0.125	Cp*IrCNCl	Ir	no	Ar	1.0	110.0	16.0	58.2	58.2	0	False	inert	2020	0.25	0.25
10.1016/j.poly.2021.115289	PhMe	0.5	0.5	1.0	tBuOK	0.5	IrNHC	Ir	0	Ar	1.0	110.0	12.0	58.0	58.0	0	False	inert	2021	1.0	1.0
10.1021/acscatal.7b02817	PhMe	0.25	1.0	4.0	tBuOK	0.25	Ni(acac)2	Ni	Phen (20 mol%)	Ar	10.0	130.0	48.0	81.0	8.1	0	True	inert	2017	1.0	0.25
10.1016/j.tetlet.2014.05.068	DMF	1.2	0.4	0.3333333333333333	no base	0.0	ReH7(Pcy3)2	Re	no	CO	10.0	150.0	24.0	48.0	4.8	0	False	inert	2014	0.0	0.0
10.1246/bcsj.20150217	neat	1.0	4.0	4.0	tBuOK	2.0	Fe(III)(Pc)Cl	Fe	no	N2	10.0	130.0	6.0	66.0	6.6	MW	True	inert	2015	2.0	0.5
10.1246/bcsj.20150217	neat	1.0	4.0	4.0	tBuOK	2.0	FeF3	Fe	no	N2	10.0	130.0	12.0	60.0	6.0	MW	False	inert	2015	2.0	0.5
10.1002/chem.201001848	PhMe	1.5	1.5	1.0	no base	0.0	Au/TiO2-WGC	Au	no	N2 5 bar	0.5	120.0	14.0	64.0	128.0	0	False	inert	2010	0.0	0.0
10.1002/cctc.201902179	neat	1.0	1.3	1.3	KOH	0.3	rGO/α-MnO2@rGO/δ-MnO2	Mn	no	Air		100.0	12.0	80.0		0	True	oxygen	2020	0.3	0.2307692307692307
10.1016/j.tetlet.2014.05.068	anisole	1.2	0.4	0.3333333333333333	no base	0.0	ReH7(Pcy3)2	Re	MgBr2	CO	10.0	150.0	24.0	46.0	4.6	0	False	inert	2014	0.0	0.0
10.1021/acs.organomet.0c00727	PhMe	0.28	0.25	0.8928571428571428	NaOH	0.0	CoPPPNCl	Co	no	N2	3.0	85.0	24.0	79.0	26.33333333333333	0	True	inert	2021	0.0	0.0
10.1002/chem.201001848	PhMe	1.5	1.5	1.0	no base	0.0	Au/Al2O3	Au	no	N2 5 bar	0.5	120.0	14.0	36.0	72.0	0	False	inert	2010	0.0	0.0
10.1002/aoc.4704	PhMe	1.0	1.5	1.5	tBuOK	1.0	Ru-benzimidazole(p-cymene)	Ru	no	Ar	1.5	90.0	24.0	45.44	30.293333333333333	0	False	inert	2018	1.0	0.6666666666666666
10.1016/j.poly.2014.12.015	PhMe	2.0	2.0	1.0	KOH	4.0	Copper(I) complex	Cu	no	Air?	1.0	120.0	18.0	84.0	84.0	0	True	oxygen	2015	2.0	2.0
10.1002/chem.201102446	trimethylbenzene	3.4	1.7	0.5	no base	0.0	((PhNH)2P=N)3 (5a)		0	Ar	5.0	160.0	15.0	22.0	4.4	0	False	inert	2011	0.0	0.0
10.1016/j.tetlet.2014.05.068	THF	1.2	0.4	0.3333333333333333	no base	0.0	ReH7(Pcy3)2	Re	no	CO	10.0	150.0	24.0	42.0	4.2	0	False	inert	2014	0.0	0.0
10.1002/cctc.201902179	neat	1.0	1.3	1.3	KOH	1.0	rGO/α-MnO2@rGO/δ-MnO2	Mn	no	Air		100.0	12.0	98.0		0	True	oxygen	2020	1.0	0.7692307692307692
10.1002/adsc.201200881	neat	3.0	4.5	1.5	CsOH	1.2	PhCHO		no	Air	20.0	150.0	24.0	94.0	4.7	0	True	oxygen	2013	0.3999999999999999	0.2666666666666666
10.1016/j.tetlet.2014.05.068	DCM	1.2	0.4	0.3333333333333333	no base	0.0	ReH7(Pcy3)2	Re	no	CO	10.0	150.0	24.0	40.0	4.0	0	False	inert	2014	0.0	0.0
10.1016/j.tetlet.2014.05.068	PhCl	1.2	0.4	0.3333333333333333	no base	0.0	ReH7(Pcy3)2	Re	no	CO	10.0	150.0	24.0	40.0	4.0	0	False	inert	2014	0.0	0.0
10.1021/acscatal.9b02977	PhMe	0.25	1.0	4.0	tBuOK	0.25	Ni(Azo)2	Ni	no	Ar	2.5	130.0	24.0	20.0	8.0	0	False	inert	2019	1.0	0.25
10.1002/cctc.201902179	neat	1.0	1.3	1.3	K2CO3	0.3	rGO/α-MnO2@rGO/δ-MnO2	Mn	no	Air		100.0	16.0	48.0		0	False	oxygen	2020	0.3	0.2307692307692307
10.1002/cctc.201902179	neat	1.0	1.3	1.3	K2CO3	0.6	rGO/α-MnO2@rGO/δ-MnO2	Mn	no	Air		100.0	16.0	50.0		0	False	oxygen	2020	0.6	0.4615384615384615
10.1246/bcsj.20150217	neat	1.0	4.0	4.0	tBuOK	2.0	FeCl3	Fe	no	N2	10.0	130.0	12.0	59.0	5.9	MW	False	inert	2015	2.0	0.5
10.1246/bcsj.20150217	neat	1.0	4.0	4.0	tBuOK	2.0	Fe(acac)3	Fe	no	N2	10.0	130.0	12.0	58.0	5.8	MW	False	inert	2015	2.0	0.5
10.1016/j.poly.2014.12.015	PhMe	2.0	2.0	1.0	KOH	4.0	Copper(I) complex	Cu	no	Air?	1.0	120.0	24.0	84.0	84.0	0	True	oxygen	2015	2.0	2.0
10.1002/cctc.201902179	neat	1.0	1.3	1.3	K2CO3	0.6	rGO/α-MnO2@rGO/δ-MnO2	Mn	no	Air		100.0	16.0	50.0		0	False	oxygen	2020	0.6	0.4615384615384615
10.1002/cctc.201902179	neat	1.0	1.3	1.3	KOH	0.3	rGO/α-MnO2@rGO/δ-MnO2	Mn	no	Air		100.0	10.0	75.0		0	True	oxygen	2020	0.3	0.2307692307692307
10.1246/bcsj.20150217	neat	1.0	4.0	4.0	tBuOK	0.5	Fe(III)(Pc)Cl	Fe	no	N2	10.0	130.0	12.0	51.0	5.1	MW	False	inert	2015	0.5	0.125
10.1021/acs.organomet.0c00727	PhMe	0.28	0.25	0.8928571428571428	tBuOK	0.1875	CoPPPNCl	Co	no	N2	3.0	85.0	24.0	78.0	26.0	0	True	inert	2021	0.6696428571428571	0.75
10.1016/j.poly.2021.115289	PhMe	0.5	0.5	1.0	NaOH	0.5	IrNHC	Ir	0	Ar	0.5	110.0	12.0	28.0	56.0	0	False	inert	2021	1.0	1.0
10.1021/acscatal.7b02817	PhMe	0.25	0.75	3.0	tBuOK	0.25	NiBr2	Ni	Phen (20 mol%)	Ar	10.0	130.0	48.0	76.0	7.6	0	True	inert	2017	1.0	0.3333333333333333
10.1016/j.tet.2011.02.075	PhMe	2.5	3.75	1.5	tBuOK	2.5	Cu(Oac)2	Cu	no	Ar	1.0	130.0	48.0	84.0	84.0	0	True	inert	2011	1.0	0.6666666666666666
10.1039/c5ra07681a	PhMe	1.0	1.5	1.5	KOH	0.5	9H-xanthen-9-one		no	Ar	25.0	150.0	4.0	96.0	3.84	0	True	inert	2015	0.5	0.3333333333333333
10.1246/bcsj.20150217	neat	1.0	4.0	4.0	tBuOK	2.0	Fe(III)(Pc)Cl	Fe	no	N2	10.0	130.0	12.0	48.0	4.8	0	False	inert	2015	2.0	0.5
10.1021/acs.organomet.0c00727	PhMe	0.28	0.25	0.8928571428571428	KOH	0.275	CoPPPNCl	Co	no	N2	3.0	85.0	24.0	78.0	26.0	0	True	inert	2021	0.9821428571428572	1.1
10.1021/acscatal.9b02977	PhMe	0.25	1.0	4.0	tBuONa	0.25	no		no	Ar	2.5	130.0	24.0	8.0	3.2	0	False	inert	2019	1.0	0.25
10.1246/bcsj.20150217	neat	1.0	4.0	4.0	tBuOK	2.0	FeCl2	Fe	no	N2	10.0	130.0	12.0	38.0	3.8	MW	False	inert	2015	2.0	0.5
10.1246/bcsj.20150217	neat	1.0	4.0	4.0	tBuOK	2.0	Fe(II)(Pc)	Fe	no	N2	10.0	130.0	12.0	31.0	3.1	MW	False	inert	2015	2.0	0.5
10.1016/j.tetlet.2016.05.018	p-xylene	0.25	0.25	1.0	no base	0.0	PdCl2(COD) + SnCl2	Pd	no	Air	3.0	140.0	24.0	87.0	29.0	0	True	oxygen	2016	0.0	0.0
10.3390/molecules21081042	PhMe	1.0	2.0	2.0	no base	0.0	Pd@(Et4N][Br] (Pd NPs)	Pd	no	Ar	1.0	140.0	24.0	28.0	28.0	0	False	inert	2016	0.0	0.0
10.1016/j.tetlet.2014.05.068	anisole	1.2	0.4	0.3333333333333333	no base	0.0	ReH7(PPh3)2	Re	no	CO	10.0	150.0	24.0	30.0	3.0	0	False	inert	2014	0.0	0.0
10.1246/bcsj.20150217	neat	1.0	4.0	4.0	tBuOK	2.0	Ferrocene	Fe	no	N2	10.0	130.0	12.0	27.0	2.7	MW	False	inert	2015	2.0	0.5
10.1002/cctc.201902179	neat	1.0	1.3	1.3	KOH	0.3	rGO/α-MnO2@rGO/δ-MnO2	Mn	no	Air		100.0	10.0	98.0		0	True	oxygen	2020	0.3	0.2307692307692307
10.1016/j.tet.2011.02.075	dioxane	2.5	3.75	1.5	tBuOK	2.5	Al(OiPr)3	Al	no	Ar	10.0	130.0	48.0	30.0	3.0	0	False	inert	2011	1.0	0.6666666666666666
10.1246/bcsj.20150217	neat	1.0	4.0	4.0	KOH	2.0	FeCl3	Fe	no	N2	10.0	130.0	12.0	11.0	1.1	MW	False	inert	2015	2.0	0.5
10.1002/aoc.5970	PhMe	0.5	0.5	1.0	K2CO3	0.5	Cp*IrCNCl	Ir	no	Ar	1.0	110.0	16.0	53.35	53.35	0	False	inert	2020	1.0	1.0
10.1021/acscatal.7b02817	PhMe	0.25	1.0	4.0	tBuOK	0.1875	NiBr2	Ni	Phen (20 mol%)	Ar	10.0	130.0	48.0	65.0	6.5	0	False	inert	2017	0.75	0.1875
10.1246/bcsj.20150217	neat	1.0	4.0	4.0	Cs2CO3	2.0	FeCl3	Fe	no	N2	10.0	130.0	12.0	9.0	0.9	MW	False	inert	2015	2.0	0.5
10.1246/bcsj.20150217	neat	1.0	4.0	4.0	tBuONa	2.0	FeCl3	Fe	no	N2	10.0	130.0	12.0	7.0	0.7	MW	False	inert	2015	2.0	0.5
10.1246/bcsj.20150217	neat	1.0	4.0	4.0	K2CO3	2.0	FeCl3	Fe	no	N2	10.0	130.0	12.0	5.0	0.5	MW	False	inert	2015	2.0	0.5
10.1002/chem.201001848	PhMe	1.5	1.5	1.0	no base	0.0	Au/ZnO	Au	no	N2 5 bar	0.5	120.0	14.0	22.0	44.0	0	False	inert	2010	0.0	0.0
10.1002/adsc.201200732	PhMe	1.0	1.1	1.1	NaHCO3	0.5	IrNHC	Ir	no	N2	1.5	110.0	48.0	80.0	53.333333333333336	0	True	inert	2013	0.5	0.4545454545454545
10.1016/j.tetlet.2016.05.018	p-xylene	0.25	0.25	1.0	no base	0.0	PdCl2 + SnCl2	Pd	no	Air	3.0	140.0	24.0	42.0	14.0	0	False	oxygen	2016	0.0	0.0
10.1016/j.tet.2011.02.075	dioxane	2.5	3.75	1.5	tBuOK	2.5	Fe(acac)3	Fe	no	Ar	10.0	130.0	48.0	1.0	0.1	0	False	inert	2011	1.0	0.6666666666666666
10.1021/acs.orglett.6b01647	PhMe	1.4	1.0	0.7142857142857143	no base	0.0	Co-PNP-pincer	Co	3A MS	Ar	2.0	130.0	16.0	94.0	47.0	0	True	inert	2016	0.0	0.0
10.1039/c9cc04120f	PhMe	1.38	0.9	0.6521739130434784	KOH	0.27	Nano-Fe2O3	Fe	no	Ar	30.0	135.0	24.0	83.0	2.7666666666666666	0	True	inert	2019	0.1956521739130435	0.3
10.1039/c9cc04120f	PhMe	1.38	0.9	0.6521739130434784	KOH	0.27	Nano-Fe2O3	Fe	no	Ar	15.0	135.0	24.0	41.0	2.7333333333333334	0	False	inert	2019	0.1956521739130435	0.3
10.1039/c9cc04120f	PhMe	1.38	0.9	0.6521739130434784	tBuOK	0.27	Nano-Fe2O3	Fe	no	Ar	30.0	135.0	24.0	74.0	2.466666666666667	0	True	inert	2019	0.1956521739130435	0.3
10.1021/acscatal.7b02817	PhMe	0.25	0.5	2.0	tBuOK	0.25	NiBr2	Ni	Phen (20 mol%)	Ar	10.0	130.0	48.0	59.0	5.9	0	False	inert	2017	1.0	0.5
10.1021/acscatal.7b02817	PhMe	0.25	1.0	4.0	tBuOK	0.125	NiBr2	Ni	Phen (20 mol%)	Ar	10.0	130.0	48.0	40.0	4.0	0	False	inert	2017	0.5	0.125
10.1039/c5ra07681a	p-xylene	1.0	1.5	1.5	KOH	0.5	9H-xanthen-9-one		no	Ar	25.0	150.0	4.0	50.0	2.0	0	False	inert	2015	0.5	0.3333333333333333
10.1002/aoc.4704	PhMe	1.0	1.5	1.5	tBuOK	1.0	Ru-benzimidazole(p-cymene)	Ru	no	Ar	1.5	120.0	24.0	45.4	30.266666666666666	0	False	inert	2018	1.0	0.6666666666666666
10.1021/acs.organomet.8b00908	PhF	1.0	1.0	1.0	no base	0.0	C6H6-Se-Ru-N-anthracene-Cl	Ru	no	N2	0.5	100.0	6.0	15.0	30.0	0	False	inert	2019	0.0	0.0
10.1021/acscatal.7b02817	PhMe	0.25	1.0	4.0	tBuOK	0.25	NiCl2*DME	Ni	Phen (20 mol%)	Ar	10.0	130.0	48.0	35.0	3.5	0	False	inert	2017	1.0	0.25
10.1039/c9cc04120f	m-xylene	1.38	0.9	0.6521739130434784	KOH	0.27	Nano-Fe2O3	Fe	no	Ar	30.0	135.0	24.0	59.0	1.9666666666666663	0	False	inert	2019	0.1956521739130435	0.3
10.1039/c9cc04120f	PhMe	1.38	0.9	0.6521739130434784	Cs2CO3	0.27	Nano-Fe2O3	Fe	no	Ar	30.0	135.0	24.0	19.0	0.6333333333333333	0	False	inert	2019	0.1956521739130435	0.3
10.1002/chem.201001848	PhMe	1.5	1.5	1.0	no base	0.0	Au/HAP	Au	no	N2 5 bar	0.5	120.0	14.0	21.0	42.0	0	False	inert	2010	0.0	0.0
10.1002/chem.201001848	PhMe	1.5	1.5	1.0	no base	0.0	Au/MgO	Au	no	N2 5 bar	0.5	120.0	14.0	16.0	32.0	0	False	inert	2010	0.0	0.0
10.1021/acs.organomet.8b00908	DME	1.0	1.0	1.0	no base	0.0	C6H6-Se-Ru-N-anthracene-Cl	Ru	no	N2	0.5	100.0	6.0	15.0	30.0	0	False	inert	2019	0.0	0.0
10.1039/c9cc04120f	PhMe	1.38	0.9	0.6521739130434784	K2CO3	0.27	Nano-Fe2O3	Fe	no	Ar	30.0	135.0	24.0	16.0	0.5333333333333333	0	False	inert	2019	0.1956521739130435	0.3
10.1021/acscatal.7b02817	PhMe	0.25	0.25	1.0	tBuOK	0.25	NiBr2	Ni	Phen (20 mol%)	Ar	10.0	130.0	48.0	29.0	2.9	0	False	inert	2017	1.0	1.0
10.1002/chem.201001848	PhMe	1.5	1.5	1.0	no base	0.0	Au/CeO2	Au	no	N2 5 bar	0.5	120.0	14.0	15.0	30.0	0	False	inert	2010	0.0	0.0
10.1039/c9cc04120f	DCE	1.38	0.9	0.6521739130434784	KOH	0.27	Nano-Fe2O3	Fe	no	Ar	30.0	135.0	24.0	15.0	0.5	0	False	inert	2019	0.1956521739130435	0.3
10.1021/acs.organomet.6b00426	PhMe	1.0	1.0	1.0	no base	0.0	R-Cl2Ru-Ge(tBu)NtBuCPhNtBu	Ru	no	Ar	1.0	110.0	96.0	30.0	30.0	0	False	inert	2016	0.0	0.0
10.1002/chem.201102446	trimethylbenzene	3.4	1.7	0.5	no base	0.0	PhNH2*HCl (5b)		0	Ar	30.0	160.0	15.0	46.0	1.5333333333333334	0	False	inert	2011	0.0	0.0
10.1016/j.poly.2021.115289	PhMe	0.5	0.5	1.0	tBuOK	0.5	IrNHC	Ir	0	Ar	1.0	110.0	12.0	52.0	52.0	0	False	inert	2021	1.0	1.0
10.1021/acscatal.9b02977	PhMe	0.25	0.5	2.0	tBuOK	0.25	Ni(Azo)2	Ni	no	Ar	7.0	130.0	24.0	15.0	2.142857142857143	0	False	inert	2019	1.0	0.5
10.1021/acscatal.8b02530	THF	1.0	1.4	1.4	tBuOK	1.0	Mn-PNP-pincer	Mn	no	Ar	5.0	100.0	18.0	99.0	19.8	0	True	inert	2018	1.0	0.7142857142857143
10.1039/c9cc04120f	DMSO	1.38	0.9	0.6521739130434784	KOH	0.27	Nano-Fe2O3	Fe	no	Ar	30.0	135.0	24.0	13.0	0.4333333333333333	0	False	inert	2019	0.1956521739130435	0.3
10.1021/acscatal.7b02817	dioxane	0.25	1.0	4.0	tBuOK	0.25	NiBr2	Ni	Phen (20 mol%)	Ar	10.0	130.0	48.0	21.0	2.1	0	False	inert	2017	1.0	0.25
10.1002/ejoc.201403636	neat	0.5	0.5	1.0	tBuOK	0.5	C6H6RuCl2	Ru	PTA	Air	2.5	55.0	15.0	73.32	29.328	0	True	oxygen	2015	1.0	1.0
10.1039/c9cc04120f	THF	1.38	0.9	0.6521739130434784	KOH	0.27	Nano-Fe2O3	Fe	no	Ar	30.0	135.0	24.0	12.0	0.4	0	False	inert	2019	0.1956521739130435	0.3
10.1021/acscatal.9b02977	PhMe	0.25	0.25	1.0	tBuOK	0.25	Ni(Azo)2	Ni	no	Ar	7.0	130.0	24.0	10.0	1.4285714285714286	0	False	inert	2019	1.0	1.0
10.1021/ol3001969	PhMe/THF-1:2	0.35	0.35	1.0	tBuOK	0.1	RuPNP complex	Ru	MS 4A	N2	2.5	110.0	24.0	73.0	29.2	0	True	inert	2012	0.2857142857142857	0.2857142857142857
10.1002/chem.201102446	trimethylbenzene	4.0	2.0	0.5	no base	0.0	H3PO4(15)+HCl (2M solution in Et2O) (30)		0	Ar	45.0	160.0	15.0	51.0	1.1333333333333333	0	False	inert	2011	0.0	0.0
10.1039/c9cc04120f	PhMe	1.38	0.9	0.6521739130434784	KOH	0.27	Nano-Fe2O3	Fe	no	Air	30.0	135.0	24.0	0.0	0.0	0	False	oxygen	2019	0.1956521739130435	0.3
10.1039/c5ra07681a	octane	1.0	1.5	1.5	KOH	0.5	9H-xanthen-9-one		no	Ar	25.0	150.0	4.0	27.0	1.08	0	False	inert	2015	0.5	0.3333333333333333
10.1039/c3gc40137e	PhMe	1.0	1.0	1.0	tBuONa	2.0	Fe(II)(Pc)	Fe	no	N2	1.0	140.0	12.0	86.0	86.0	MW	True	inert	2013	2.0	2.0
10.1002/adsc.200700596	diglyme	0.5	0.55	1.1	tBuOK	0.55	[IrCODCl]2	Ir	PNP ligand (2 mol%)	Ar	2.0	110.0	24.0	100.0	50.0	THF stock soln	True	inert	2008	1.1	1.0
10.1002/adsc.200700596	diglyme	1.0	1.0	1.0	tBuOK	1.1	[IrCODCl]2	Ir	PNP ligand (2 mol%)	Ar	2.0	110.0	24.0	98.0	49.0	THF stock soln	True	inert	2008	1.1	1.1
10.1002/adsc.200700596	diglyme	0.5	0.55	1.1	tBuOK	0.55	[IrCODCl]2	Ir	PNP ligand (2 mol%)	Ar	2.0	110.0	24.0	98.0	49.0	THF stock soln	True	inert	2008	1.1	1.0
10.1021/acscatal.7b02817	PhMe	0.25	1.0	4.0	tBuONa	0.25	NiBr2	Ni	Phen (20 mol%)	Ar	10.0	130.0	48.0	10.0	1.0	0	False	inert	2017	1.0	0.25
10.1021/acscatal.7b02817	p-xylene	0.25	1.0	4.0	tBuOK	0.25	NiBr2	Ni	Phen (20 mol%)	Ar	10.0	130.0	48.0	10.0	1.0	0	False	inert	2017	1.0	0.25
10.1021/acs.joc.0c02407	PhMe	1.0	1.2	1.2	tBuOK	1.2	MnCl2	Mn	PPh3	N2	10.0	100.0	20.0	79.0	7.9	0	True	inert	2021	1.2	1.0
10.1002/ejoc.201403636	PhMe	0.5	0.5	1.0	tBuOK	0.5	Ru(COD)Cl2	Ru	PTA	Air	2.5	25.0	15.0	70.84	28.336	0	True	oxygen	2015	1.0	1.0
10.1002/chem.201201845	PhMe	1.0	1.0	1.0	no base	0.0	IrNHC	Ir	AgBF4	Ar	1.0	110.0	1.0	99.0	99.0	0	True	inert	2012	0.0	0.0
10.1002/chem.201101725	p-xylene	1.0	1.0	1.0	no base	0.0	PtCl2	Pt	no	N2	0.25	145.0	24.0	0.0	0.0	0	False	inert	2011	0.0	0.0
10.1080/00958972.2021.1881066	p-xylene	2.0	2.0	1.0	tBuOK	2.0	FeCl2	Fe	NNNligand	N2	2.0	140.0	36.0	50.05	25.025	0	False	inert	2021	1.0	1.0
10.1002/ejoc.201900209	PhMe	0.25	0.25	1.0	no base	0.0	Fe(Knokler's cat) with MeCN	Fe	MS 3A	Air	7.5	140.0	55.0	94.0	12.533333333333331	0	True	oxygen	2019	0.0	0.0
10.1021/ol503587n	p-xylene	0.76	1.52	2.0	no base	0.0	Ph4Cp(O)Fe(CO)3	Fe	Me3NO (=cat mol%)	Ar	10.0	140.0	24.0	98.0	9.8	0	True	inert	2015	0.0	0.0
10.1021/acs.joc.7b01990	p-xylene	1.5	1.0	0.6666666666666666	no base	0.0	Ph4Cp(O)Fe(CO)3	Fe	Me3NO (=cat mol%)	N2	10.0	140.0	16.0	90.0	9.0	0	True	inert	2017	0.0	0.0
10.1002/aoc.5970	PhMe	0.5	0.5	1.0	tBuOK	0.5	Cp*IrCNCl	Ir	no	Ar	1.0	110.0	16.0	48.64	48.64	0	False	inert	2020	1.0	1.0
10.1021/acs.joc.7b01990	neat	2.0	1.0	0.5	no base	0.0	FeC9H8(O)Ph2(CO)3	Fe	Me3NO (9 mol%)	N2	10.0	140.0	16.0	90.0	9.0	0	True	inert	2017	0.0	0.0
10.1002/chem.201001848	PhMe	1.5	1.5	1.0	no base	0.0	Au/SiO2	Au	no	N2 5 bar	0.5	120.0	14.0	6.0	12.0	0	False	inert	2010	0.0	0.0
10.1039/c1ra00560j	p-xylene	2.0	1.0	0.5	no base	0.0	Au/Al2O3	Au	no	N2	1.0	155.0	0.5	3.0	3.0	0	False	inert	2011	0.0	0.0
10.1021/acs.joc.7b01990	PhMe	1.5	1.0	0.6666666666666666	no base	0.0	Ph4Cp(O)Fe(CO)3	Fe	Me3NO (=cat mol%)	N2	10.0	140.0	16.0	87.0	8.7	0	True	inert	2017	0.0	0.0
10.1002/chem.201102446	trimethylbenzene	4.0	2.0	0.5	no base	0.0	HCl (2M solution in Et2O)		0	Ar	30.0	160.0	15.0	23.0	0.7666666666666667	0	False	inert	2011	0.0	0.0
10.1039/c5ra07681a	PhMe	1.0	1.5	1.5	NaOH	0.5	9H-xanthen-9-one		no	Ar	25.0	150.0	4.0	19.0	0.76	0	False	inert	2015	0.5	0.3333333333333333
10.1021/acs.joc.7b01990	THF	1.5	1.0	0.6666666666666666	no base	0.0	Ph4Cp(O)Fe(CO)3	Fe	Me3NO (=cat mol%)	N2	10.0	140.0	16.0	85.0	8.5	0	True	inert	2017	0.0	0.0
10.1021/acs.joc.7b01990	EtOAc	1.5	1.0	0.6666666666666666	no base	0.0	Ph4Cp(O)Fe(CO)3	Fe	Me3NO (=cat mol%)	N2	10.0	140.0	16.0	85.0	8.5	0	True	inert	2017	0.0	0.0
10.1021/acscatal.7b02817	PhMe	0.25	1.0	4.0	K2CO3	0.25	NiBr2	Ni	Phen (20 mol%)	Ar	10.0	130.0	48.0	2.0	0.2	0	False	inert	2017	1.0	0.25
10.1021/acs.joc.7b01990	CyOMe	1.5	1.0	0.6666666666666666	no base	0.0	Ph4Cp(O)Fe(CO)3	Fe	Me3NO (=cat mol%)	N2	10.0	140.0	16.0	70.0	7.0	0	True	inert	2017	0.0	0.0
10.1021/acs.joc.7b01990	Et2O	1.5	1.0	0.6666666666666666	no base	0.0	Ph4Cp(O)Fe(CO)3	Fe	Me3NO (=cat mol%)	N2	10.0	140.0	16.0	66.0	6.6	0	True	inert	2017	0.0	0.0
10.1039/c5ra07681a	mesitylene	1.0	1.5	1.5	KOH	0.5	9H-xanthen-9-one		no	Ar	25.0	150.0	4.0	15.0	0.6	0	False	inert	2015	0.5	0.3333333333333333
10.1002/chem.201001848	neat	100.0	100.0	1.0	no base	0.0	Au/TiO2-VS	Au	no	N2 5 bar	0.0083	180.0	14.0	96.0	11566.265060240965	0	True	inert	2010	0.0	0.0
10.1039/c9gc03351c	H2O/Me-THF=12/1	0.25	0.27	1.08	no base	0.0	Ru3(CO)12	Ru	Ph3CpO, TPGS-750-M (2.5%), NaCl (1%)	no data	3.0	100.0	1.0	84.0	28.0	MW	True	no_data	2019	0.0	0.0
10.1016/j.ica.2021.120294	neat	1.0	1.5	1.5	tBuOK	1.0	Ru-NHC	Ru	0	Ar	2.5	120.0	24.0	69.58	27.832	0	True	inert	2021	1.0	0.6666666666666666
10.1021/acs.organomet.0c00726	DCE	0.55	0.5	0.9090909090909092	no base	0.0	IrNHC	Ir	no	Ar	1.0	110.0	1.0	98.0	98.0	0	True	inert	2021	0.0	0.0
10.1016/j.cclet.2014.07.006	mesitylene	3.28	1.64	0.5	no base	0.0	AlCl3		no	inert	100.0	100.0	12.0	57.0	0.57	0	False	inert	2014	0.0	0.0
10.1002/ejoc.201900209	p-xylene	0.25	0.25	1.0	no base	0.0	Fe(Knokler's cat) with MeCN	Fe	MS 3A	Air	7.5	140.0	55.0	17.0	2.2666666666666666	0	False	oxygen	2019	0.0	0.0
10.1002/chem.201201837	neat	1.0	1.0	1.0	no base	0.0	Au/CeO2	Au	no	N2	0.4	180.0	5.0	85.0	212.5	0	True	inert	2012	0.0	0.0
10.1002/aoc.5970	PhMe	0.5	0.5	1.0	NaOH	0.5	Cp*IrCNCl	Ir	no	Ar	1.0	110.0	16.0	48.0	48.0	0	False	inert	2020	1.0	1.0
10.1021/acs.organomet.6b00426	PhMe	1.0	1.0	1.0	no base	0.0	Cp*-Cl2Ir-Ge(tBu)NtBuCPhNtBu	Ir	no	Ar	1.0	110.0	168.0	95.0	95.0	0	True	inert	2016	0.0	0.0
10.1002/ejoc.201900209	PhMe	0.25	0.25	1.0	no base	0.0	Fe(Knokler's cat) with MeCN	Fe	MS 3A	Air	7.5	140.0	48.0	14.0	1.8666666666666667	0	False	oxygen	2019	0.0	0.0
10.1016/j.tet.2011.02.075	dioxane	2.5	3.75	1.5	tBuOK	2.5	VCl2	V	no	Ar	10.0	130.0	48.0	5.0	0.5	0	False	inert	2011	1.0	0.6666666666666666
10.1021/acs.joc.7b01990	DCM	1.5	1.0	0.6666666666666666	no base	0.0	Ph4Cp(O)Fe(CO)3	Fe	Me3NO (=cat mol%)	N2	10.0	140.0	16.0	0.0	0.0	0	False	inert	2017	0.0	0.0
10.1016/j.apcata.2020.117519	p-xylene	1.1	1.1	1.0	no base	0.0	Fe3O4	Fe	0	N2		154.0	24.0	2.0		0	False	inert	2020	0.0	0.0
10.1039/c1ra00560j	p-xylene	2.0	1.0	0.5	no base	0.0	Cu0.95Fe0.05/Al2O3	Cu	no	N2	1.0	155.0	24.0	82.0	82.0	1 mol% Cu+ Fe	True	inert	2011	0.0	0.0
10.1002/aoc.3720	PhMe	1.0	1.5	1.5	no base	0.0	Fe3O4@SiO2-Ag (SMNP-Ag)	Ag	no	Air?	1.0	100.0	18.0	7.0	7.0	0	False	oxygen	2017	0.0	0.0
10.1039/c1ra00560j	p-xylene	2.0	1.0	0.5	no base	0.0	Fe/Al2O3	Fe	no	N2	1.0	155.0	0.5	0.0	0.0	0	False	inert	2011	0.0	0.0
10.1021/ol3001969	PhMe/THF-1:2	0.35	0.35	1.0	tBuOK	0.05	RuPNP complex	Ru	MS 4A	N2	2.5	110.0	24.0	69.0	27.6	0	True	inert	2012	0.1428571428571428	0.1428571428571428
10.1002/anie.201006660	trimethylbenzene	6.0	3.0	0.5	no base	0.0	FeBr3 / prolinone	Fe	Cp*H (5mol%)	Ar	3.0	160.0	24.0	94.0	31.33333333333333	0	True	inert	2011	0.0	0.0
10.1002/anie.201006660	trimethylbenzene	6.0	3.0	0.5	no base	0.0	FeBr3 / prolinone	Fe	Cp*H (5mol%)	Ar	3.0	160.0	18.0	82.0	27.33333333333333	0	True	inert	2011	0.0	0.0
10.1016/j.poly.2019.114234	neat	1.0	1.5	1.5	tBuOK	1.0	Ru-NHC (3b)	Ru	no	Ar	2.5	120.0	24.0	68.6	27.44	0	True	inert	2019	1.0	0.6666666666666666
10.1002/anie.201006660	trimethylbenzene	6.0	3.0	0.5	no base	0.0	FeBr3 / prolinone	Fe	no	Ar	3.0	160.0	18.0	71.0	23.666666666666668	0	True	inert	2011	0.0	0.0
10.1039/c5ra07681a	dioxane	1.0	1.5	1.5	KOH	0.5	9H-xanthen-9-one		no	Ar	25.0	150.0	4.0	5.0	0.2	0	False	inert	2015	0.5	0.3333333333333333
10.1021/acs.organomet.6b00426	PhMe	1.0	1.0	1.0	no base	0.0	Cp*-Cl2Ir-Ge(tBu)NtBuCPhNtBu	Ir	no	Ar	1.0	110.0	96.0	76.0	76.0	0	True	inert	2016	0.0	0.0
10.1002/cctc.201700678	H2O	1.0	1.0	1.0	no base	0.0	Cp*IrCl2NHC(CH2CONEt2)2	Ir	no	N2	0.5	110.0	24.0	38.0	76.0	0	False	inert	2017	0.0	0.0
10.1021/acscatal.7b02817	PhMe	0.25	1.0	4.0	tBuONa	0.25	NiCl2	Ni	Phen (20 mol%)	Ar	10.0	130.0	48.0	1.0	0.1	0	False	inert	2017	1.0	0.25
10.1002/cctc.202100635	octane	0.5	0.75	1.5	tBuOK	0.5	Mn@NrGO	Mn	no	Ar	8.0	100.0	24.0	59.0	7.375	0	False	inert	2021	1.0	0.6666666666666666
10.1002/adsc.200700596	diglyme	1.0	1.0	1.0	tBuOK	1.0	[IrCODCl]2	Ir	PNP ligand (2 mol%)	Ar	2.0	110.0	24.0	90.0	45.0	THF stock soln	True	inert	2008	1.0	1.0
10.1021/acs.organomet.0c00726	DCE	0.55	0.5	0.9090909090909092	no base	0.0	IrNHC	Ir	no	Ar	1.0	110.0	1.0	60.0	60.0	0	False	inert	2021	0.0	0.0
10.1021/acscatal.7b02817	PhMe	0.25	1.0	4.0	K3PO4	0.25	NiBr2	Ni	Phen (20 mol%)	Ar	10.0	130.0	48.0	1.0	0.1	0	False	inert	2017	1.0	0.25
10.1016/j.tet.2011.02.075	dioxane	2.5	3.75	1.5	tBuOK	2.5	NiCl2	Ni	no	Ar	10.0	130.0	48.0	1.0	0.1	0	False	inert	2011	1.0	0.6666666666666666
10.1002/anie.201006660	trimethylbenzene	6.0	3.0	0.5	no base	0.0	FeCl3 / prolinone	Fe	Cp*H (5mol%)	Ar	3.0	160.0	18.0	55.0	18.33333333333333	0	False	inert	2011	0.0	0.0
10.1021/acscatal.7b02817	PhMe	0.25	1.0	4.0	tBuONa	0.25	NiCl2*DME	Ni	Phen (20 mol%)	Ar	10.0	130.0	48.0	0.0	0.0	0	False	inert	2017	1.0	0.25
10.1002/anie.201006660	trimethylbenzene	6.0	3.0	0.5	no base	0.0	FeBr3	Fe	no	Ar	3.0	160.0	18.0	41.0	13.666666666666666	0	False	inert	2011	0.0	0.0
10.1002/chem.201102446	trimethylbenzene	4.0	2.0	0.5	no base	0.0	H3PO4		0	Ar	30.0	160.0	15.0	0.9	0.03	0	False	inert	2011	0.0	0.0
10.1039/c5ra07681a	PhMe	1.0	1.5	1.5	K2CO3	0.5	9H-xanthen-9-one		no	Ar	25.0	150.0	4.0	0.0	0.0	0	False	inert	2015	0.5	0.3333333333333333
10.1039/c5ra07681a	PhMe	1.0	1.5	1.5	Na2CO3	0.5	9H-xanthen-9-one		no	Ar	25.0	150.0	4.0	0.0	0.0	0	False	inert	2015	0.5	0.3333333333333333
10.1039/c5ra07681a	MeCN	1.0	1.5	1.5	KOH	0.5	9H-xanthen-9-one		no	Ar	25.0	150.0	4.0	0.0	0.0	0	False	inert	2015	0.5	0.3333333333333333
10.1039/c5ra07681a	THF	1.0	1.5	1.5	KOH	0.5	9H-xanthen-9-one		no	Ar	25.0	150.0	4.0	0.0	0.0	THF ring opening	False	inert	2015	0.5	0.3333333333333333
10.1039/d1nj01539g	neat	1.0	1.5	1.5	tBuOK	1.0	Rubenzimidazole	Ru	no	Ar	2.5	120.0	24.0	65.34	26.136000000000003	0	True	inert	2021	1.0	0.6666666666666666
10.1039/c8gc02298d	H2O	0.5	0.5	1.0	no base	0.0	Cp*Ir(imidazole)(pyridineOH)Cl 8а	Ir	no	N2	1.0	110.0	24.0	59.8062	59.8062	0	False	inert	2018	0.0	0.0
10.1002/adsc.200700596	diglyme	0.5	0.5	1.0	tBuOK	0.5	[IrCODCl]2	Ir	PNP ligand (2 mol%)	Ar	2.0	110.0	24.0	86.0	43.0	THF stock soln	True	inert	2008	1.0	1.0
10.1016/j.tetlet.2016.05.018	p-xylene	0.25	0.25	1.0	no base	0.0	Pd(PPh3)2ClSnCl3	Pd	no	Air	3.0	140.0	24.0	20.0	6.666666666666667	0	False	oxygen	2016	0.0	0.0
10.1016/j.tetlet.2016.05.018	PhMe	0.25	0.25	1.0	no base	0.0	Pd(COD)ClSnCl3	Pd	no	Air	3.0	140.0	24.0	0.0	0.0	0	False	oxygen	2016	0.0	0.0
10.1016/j.tetlet.2014.05.068	anisole	1.2	0.4	0.3333333333333333	no base	0.0	ReH7(Pcy3)2	Re	no	Ar	10.0	150.0	24.0	0.0	0.0	0	False	inert	2014	0.0	0.0
10.1016/j.tetlet.2014.05.068	anisole	1.2	0.4	0.3333333333333333	no base	0.0	ReH7(Pcy3)2	Re	no	Air	10.0	150.0	24.0	0.0	0.0	0	False	oxygen	2014	0.0	0.0
10.1016/j.tetlet.2014.05.068	anisole	1.2	0.4	0.3333333333333333	no base	0.0	ReH7(Pcy3)2	Re	no	H2	10.0	150.0	24.0	0.0	0.0	0	False	inert	2014	0.0	0.0
10.1016/j.tetlet.2014.05.068	anisole	1.2	0.4	0.3333333333333333	no base	0.0	ReH7(dppe)	Re	no	CO	10.0	150.0	24.0	0.0	0.0	0	False	inert	2014	0.0	0.0
10.1016/j.tetlet.2014.05.068	anisole	1.2	0.4	0.3333333333333333	no base	0.0	ReH7(dppf)	Re	no	CO	10.0	150.0	24.0	0.0	0.0	0	False	inert	2014	0.0	0.0
10.1016/j.tetlet.2014.05.068	MeCN	1.2	0.4	0.3333333333333333	no base	0.0	ReH7(Pcy3)2	Re	no	CO	10.0	150.0	24.0	0.0	0.0	0	False	inert	2014	0.0	0.0
10.1002/chem.201201837	CF3Ph/dodecane	1.0	1.0	1.0	no base	0.0	Au/CeO2	Au	no	N2	0.6	180.0	5.0	90.0	150.0	0	True	inert	2012	0.0	0.0
10.1039/c1gc16118k	PhMe	5.0	5.0	1.0	no base	0.0	Au/TiO2	Au	no	inert	0.9	180.0	3.0	96.0	106.66666666666666	flow reactor	True	inert	2011	0.0	0.0
10.1016/j.catcom.2017.03.007	PhMe	1.0	2.0	2.0	tBuOK	1.0	[Ru(COD)Cl2]n	Ru	dppe	N2	1.0	100.0	6.0	25.56	25.56	0	False	inert	2017	1.0	0.5
10.1002/ejoc.201403636	PhMe	0.5	0.5	1.0	tBuOK	0.5	Ru(COD)Cl2	Ru	PTA	Air	2.5	85.0	15.0	60.48	24.192	0	False	oxygen	2015	1.0	1.0
10.1039/d1ob00362c	PhMe	1.0	1.0	1.0	tBuONa	1.0	RuPNHC	Ru	no	Ar	0.5	110.0	2.0	12.0	24.0	0	False	inert	2021	1.0	1.0
10.1002/ejic.201900191	neat	1.0	1.5	1.5	tBuOK	1.5	Ru(NHC)C6H4OMe (2a)	Ru	no	Ar	4.0	120.0	24.0	96.0	24.0	0	True	inert	2019	1.5	1.0
10.1016/j.ica.2015.01.002	PhMe	2.0	2.0	1.0	K2CO3	4.0	Ru-hydrazon (PPh3)2COH	Ru	no	no data	0.5	120.0	16.0	12.0	24.0	0	False	no_data	2015	2.0	2.0
10.1016/j.poly.2014.12.015	PhMe	2.0	2.0	1.0	NaOH	4.0	Copper(I) complex	Cu	no	Air?	0.8	120.0	12.0	72.0	90.0	0	True	oxygen	2015	2.0	2.0
10.1021/jo200559h	PhMe	1.5	1.0	0.6666666666666666	tBuOK	1.3	Ru(OH)3-Fe3O4	Ru	no	Ar	1.3	130.0	48.0	31.0	23.846153846153847	0	False	inert	2011	0.8666666666666667	1.3
10.1021/ol3001969	PhMe/THF-1:2	0.35	0.35	1.0	K2CO3	0.1	RuPNP complex	Ru	MS 4A	N2	2.5	110.0	24.0	59.0	23.6	0	False	inert	2012	0.2857142857142857	0.2857142857142857
10.1002/adsc.201500562	PhMe	1.0	1.05	1.05	KOH	0.15	[Ru(p-cymene)Cl2]2	Ru	Ph2PNMe(CH2)3NMePPh2 (1,25 mol%)	Air	1.25	120.0	12.0	29.0	23.2	0	False	oxygen	2015	0.15	0.1428571428571428
10.1039/d1nj01539g	neat	1.0	1.5	1.5	tBuOK	1.0	Rubenzimidazole	Ru	no	Ar	2.5	120.0	24.0	56.84	22.736	0	False	inert	2021	1.0	0.6666666666666666
10.1002/ejoc.201403636	PhMe	0.5	0.5	1.0	tBuOK	0.25	C6H6RuCl2	Ru	PTA	Air	2.5	55.0	15.0	56.32	22.528	0	False	oxygen	2015	0.5	0.5
10.1039/c1ra00560j	p-xylene	2.0	1.0	0.5	no base	0.0	Pt/Al2O3	Pt	no	N2	1.0	155.0	0.5	2.0	2.0	0	False	inert	2011	0.0	0.0
10.1002/adsc.201600141	THF	1.1	1.0	0.9090909090909092	tBuONa	1.2	[RuCp*Cl2]n	Ru	benzotriazoleCH2C(O)NHCH(Me)COOMe	N2	2.0	66.0	48.0	45.0	22.5	0	False	inert	2016	1.0909090909090908	1.2
10.1002/cctc.201700678	H2O	1.0	1.0	1.0	no base	0.0	Cp*IrCl2NHC(CH2CONEt2)2	Ir	no	N2	1.0	110.0	24.0	57.0	57.0	0	False	inert	2017	0.0	0.0
10.1002/chem.201001848	PhMe	1.5	1.5	1.0	no base	0.0	TiO2 (P25)		no	N2 5 bar	0.5	120.0	14.0	0.0	0.0	0	False	inert	2010	0.0	0.0
10.1002/aoc.3720	DMF	1.0	1.5	1.5	KOH	0.2	Fe3O4@SiO2-Ag (SMNP-Ag)	Ag	no	Air?	1.0	100.0	18.0	6.0	6.0	0	False	oxygen	2017	0.2	0.1333333333333333
10.1002/aoc.3720	H2O	1.0	1.5	1.5	KOH	0.2	Fe3O4@SiO2-Ag (SMNP-Ag)	Ag	no	Air?	1.0	100.0	18.0	0.0	0.0	0	False	oxygen	2017	0.2	0.1333333333333333
10.1177/1747519821989963	PhMe	0.75	0.5	0.6666666666666666	NaOH	1.0	Ag@MnO2	Ag	0	Air	0.9	110.0	12.0	88.0	97.77777777777776	0	True	oxygen	2021	1.3333333333333333	2.0
10.1002/chem.201001915	neat	2.0	10.0	5.0	K2CO3	0.4	MoO3	Mo	no	Ar	4.5	140.0	12.0	0.0	0.0	0	False	inert	2010	0.2	0.04
10.1016/j.tet.2007.11.083	PhMe	1.0	1.0	1.0	Li2CO3	0.01	Cp*IrCl2	Ir	no	Ar	1.0	110.0	17.0	40.0	40.0	0	False	inert	2007	0.01	0.01
10.1021/acs.organomet.6b00426	PhMe	1.0	1.0	1.0	no base	0.0	Cp*-Cl2Ir-Ge(tBu)NtBuCPhNtBu	Ir	no	Ar	1.0	110.0	48.0	52.0	52.0	0	False	inert	2016	0.0	0.0
10.1002/adsc.200700596	diglyme	0.5	0.5	1.0	tBuOK	0.5	[IrCODCl]2	Ir	PNP ligand (2 mol%)	Ar	2.0	110.0	24.0	79.0	39.5	THF stock soln	True	inert	2008	1.0	1.0
10.1002/adsc.200700596	diglyme	1.0	1.0	1.0	tBuOK	0.5	[IrCODCl]2	Ir	PNP ligand (2 mol%)	Ar	2.0	110.0	24.0	79.0	39.5	THF stock soln	True	inert	2008	0.5	0.5
10.1016/j.poly.2021.115289	PhMe	0.5	0.5	1.0	tBuOK	0.5	CpIrCl2	Ir	0	Ar	1.0	110.0	12.0	39.0	39.0	0	False	inert	2021	1.0	1.0
10.1002/cctc.201700678	H2O	1.0	1.0	1.0	no base	0.0	Cp*IrCl2NHC(CH2CONEt2)2	Ir	no	N2	2.0	110.0	16.0	99.0	49.5	0	True	inert	2017	0.0	0.0
10.1002/adsc.200700596	diglyme	0.5	0.5	1.0	tBuOK	0.55	[IrCODCl]2	Ir	PNP ligand (2 mol%)	Ar	2.0	110.0	24.0	75.0	37.5	THF stock soln	True	inert	2008	1.1	1.1
10.1002/aoc.4704	PhMe	1.0	1.5	1.5	tBuOK	1.0	Ru-benzimidazole(p-cymene)	Ru	no	Ar	2.5	120.0	24.0	55.7	22.28	0	False	inert	2018	1.0	0.6666666666666666
10.1002/aoc.4704	PhMe	1.0	1.5	1.5	tBuOK	1.0	Ru-benzimidazole(p-cymene)	Ru	no	Ar	2.5	120.0	24.0	55.68	22.272	0	False	inert	2018	1.0	0.6666666666666666
10.1002/ejic.201701479	PhMe	1.1	1.0	0.9090909090909092	tBuOK	2.5	Ru(NHC(CH2)2OMeCl2	Ru	no	Ar	2.5	120.0	16.0	55.2	22.08	0	False	inert	2018	2.2727272727272725	2.5
10.1021/acs.organomet.6b00426	PhMe	1.0	1.0	1.0	no base	0.0	R-Cl2Ru-Ge(tBu)NtBuCPhNtBu	Ru	no	Ar	1.0	110.0	48.0	22.0	22.0	0	False	inert	2016	0.0	0.0
10.1039/d1nj01539g	neat	1.0	1.5	1.5	tBuOK	1.0	Rubenzimidazole	Ru	no	Ar	2.5	120.0	24.0	54.32	21.728	0	False	inert	2021	1.0	0.6666666666666666
10.1016/j.poly.2019.114234	neat	1.0	1.5	1.5	tBuOK	1.0	Ru-NHC (3с)	Ru	no	Ar	2.5	120.0	24.0	54.2	21.68	0	False	inert	2019	1.0	0.6666666666666666
10.1016/j.tet.2011.02.075	dioxane	2.5	3.75	1.5	KOH	2.5	Cu(Oac)2	Cu	no	Ar	1.0	130.0	48.0	95.0	95.0	0	True	inert	2011	1.0	0.6666666666666666
10.1021/acs.organomet.0c00727	benzene	0.28	0.25	0.8928571428571428	tBuOK	0.0	CoPPPNCl	Co	no	N2	3.0	85.0	24.0	72.0	24.0	0	True	inert	2021	0.0	0.0
10.1021/acs.organomet.0c00727	THF	0.28	0.25	0.8928571428571428	tBuOK	0.0	CoPPPNCl	Co	no	N2	3.0	85.0	24.0	48.0	16.0	0	False	inert	2021	0.0	0.0
10.1021/acs.organomet.0c00727	PhMe	0.28	0.25	0.8928571428571428	tBuOK	0.0625	CoPPPNCl	Co	no	N2	3.0	85.0	24.0	47.0	15.666666666666666	0	False	inert	2021	0.2232142857142857	0.25
10.1021/acs.organomet.0c00727	dioxane	0.28	0.25	0.8928571428571428	tBuOK	0.0	CoPPPNCl	Co	no	N2	3.0	85.0	24.0	35.0	11.666666666666666	0	False	inert	2021	0.0	0.0
10.1021/acscatal.7b02817	PhMe	0.25	1.0	4.0	tBuONa	0.25	Ni(acac)2	Ni	Phen (20 mol%)	Ar	10.0	130.0	48.0	0.0	0.0	0	False	inert	2017	1.0	0.25
10.1021/acscatal.7b02817	PhMe	0.25	1.0	4.0	tBuONa	0.25	Ni(cod)2	Ni	Phen (20 mol%)	Ar	10.0	130.0	48.0	0.0	0.0	0	False	inert	2017	1.0	0.25
10.1021/acscatal.7b02817	PhMe	0.25	1.0	4.0	Na2CO3	0.25	NiBr2	Ni	Phen (20 mol%)	Ar	10.0	130.0	48.0	0.0	0.0	0	False	inert	2017	1.0	0.25
10.1021/acscatal.7b02817	PhMe	0.25	1.0	4.0	Cs2CO3	0.25	NiBr2	Ni	Phen (20 mol%)	Ar	10.0	130.0	48.0	0.0	0.0	0	False	inert	2017	1.0	0.25
10.1021/acscatal.7b02817	PhMe	0.25	1.0	4.0	Pyridine	0.25	NiBr2	Ni	Phen (20 mol%)	Ar	10.0	130.0	48.0	0.0	0.0	0	False	inert	2017	1.0	0.25
10.1021/acscatal.7b02817	PhMe	0.25	1.0	4.0	Et3N	0.25	NiBr2	Ni	Phen (20 mol%)	Ar	10.0	130.0	48.0	0.0	0.0	0	False	inert	2017	1.0	0.25
10.1021/acscatal.7b02817	nBuOH	0.25	1.0	4.0	tBuOK	0.25	NiBr2	Ni	Phen (20 mol%)	Ar	10.0	130.0	48.0	0.0	0.0	0	False	inert	2017	1.0	0.25
10.1021/acscatal.7b02817	DMA	0.25	1.0	4.0	tBuOK	0.25	NiBr2	Ni	Phen (20 mol%)	Ar	10.0	130.0	48.0	0.0	0.0	0	False	inert	2017	1.0	0.25
10.1021/acscatal.7b02817	DMF	0.25	1.0	4.0	tBuOK	0.25	NiBr2	Ni	Phen (20 mol%)	Ar	10.0	130.0	48.0	0.0	0.0	0	False	inert	2017	1.0	0.25
10.1002/chem.201203417	p-xylene	1.0	1.0	1.0	no base	0.0	NiCuFeOx	Ni	no	Ar		144.0	24.0	94.0		0	True	inert	2013	0.0	0.0
10.1021/cs4001267	p-xylene	1.0	1.2	1.2	no base	0.0	Ni/θ-Al2O3	Ni	no	N2	1.0	144.0	3.0	99.0	99.0	0	True	inert	2013	0.0	0.0
10.1021/acscatal.9b02977	PhMe	0.25	1.0	4.0	K2CO3	0.25	Ni(Azo)2	Ni	no	Ar	7.0	130.0	24.0	0.0	0.0	0	False	inert	2019	1.0	0.25
10.1021/acscatal.9b02977	PhMe	0.25	1.0	4.0	KOH	0.25	Ni(Azo)2	Ni	no	Ar	7.0	130.0	24.0	0.0	0.0	0	False	inert	2019	1.0	0.25
10.1002/anie.201006660	trimethylbenzene	6.0	3.0	0.5	no base	0.0	FeBr3	Fe	Cp*H (5mol%)	Ar	3.0	160.0	18.0	30.0	10.0	0	False	inert	2011	0.0	0.0
10.1021/acs.organomet.0c00727	PhMe	0.28	0.25	0.8928571428571428	tBuOK	0.01875	CoPPPNCl	Co	no	N2	3.0	85.0	24.0	4.0	1.3333333333333333	0	False	inert	2021	0.0669642857142857	0.075
10.1021/acs.organomet.0c00727	PhMe	0.28	0.25	0.8928571428571428	K2CO3	0.0	CoPPPNCl	Co	no	N2	3.0	85.0	24.0	2.0	0.6666666666666666	0	False	inert	2021	0.0	0.0
10.1021/acs.organomet.0c00727	PhMe	0.28	0.25	0.8928571428571428	tBuOK	0.0	CoPPPNCl	Co	no	N2	3.0	85.0	24.0	0.0	0.0	0	False	inert	2021	0.0	0.0
10.1021/acs.orglett.5b03461	dioxane	0.6	0.5	0.8333333333333334	no base	0.0	Co-PNP-pincer	Co	4A MS	Ar	2.0	100.0	48.0	66.0	33.0	0	True	inert	2015	0.0	0.0
10.1055/s-0036-1589064	PhMe	0.25	0.27	1.08	tBuOK	0.275	CoCl2*6H2O	Co	PPh3 (10 mol%)	Ar	5.0	100.0	18.0	55.0	11.0	0	False	inert	2017	1.1	1.0185185185185186
10.1055/s-0036-1589064	octane	0.25	0.27	1.08	tBuOK	0.275	CoCl2*6H2O	Co	PPh3 (10 mol%)	Ar	5.0	100.0	18.0	44.0	8.8	0	False	inert	2017	1.1	1.0185185185185186
10.1055/s-0036-1589064	PhMe	0.25	0.27	1.08	tBuOK	0.275	CoCl2	Co	PPh3 (10 mol%)	Ar	5.0	100.0	18.0	40.0	8.0	0	False	inert	2017	1.1	1.0185185185185186
10.1055/s-0036-1589064	THF	0.25	0.27	1.08	tBuOK	0.275	CoCl2*6H2O	Co	PPh3 (10 mol%)	Ar	5.0	100.0	18.0	32.0	6.4	0	False	inert	2017	1.1	1.0185185185185186
10.1021/acs.joc.0c02407	mesitylene	1.0	1.2	1.2	tBuOK	1.2	MnCl2	Mn	PPh3	N2	10.0	100.0	20.0	62.0	6.2	0	False	inert	2021	1.2	1.0
10.1021/acs.joc.0c02407	PhMe	1.0	1.2	1.2	tBuOK	1.2	MnCl2	Mn	P(Mes)3	N2	10.0	100.0	20.0	59.0	5.9	0	False	inert	2021	1.2	1.0
10.1021/acs.joc.0c02407	m-xylene	1.0	1.2	1.2	tBuOK	1.2	MnCl2	Mn	PPh3	N2	10.0	100.0	20.0	57.0	5.7	0	False	inert	2021	1.2	1.0
10.1021/acs.joc.0c02407	PhMe	1.0	1.2	1.2	tBuOK	1.2	MnCl2	Mn	P(tol)3	N2	10.0	100.0	20.0	51.0	5.1	0	False	inert	2021	1.2	1.0
10.1021/acs.joc.0c02407	PhMe	1.0	1.2	1.2	tBuOK	1.2	MnCl2	Mn	PEt3	N2	10.0	100.0	20.0	45.0	4.5	0	False	inert	2021	1.2	1.0
10.1021/acs.joc.0c02407	PhMe	1.0	1.2	1.2	tBuOK	1.2	MnBr2	Mn	PPh3	N2	10.0	100.0	20.0	40.0	4.0	0	False	inert	2021	1.2	1.0
10.1021/acs.joc.0c02407	PhMe	1.0	1.2	1.2	tBuOK	1.2	MnCl2	Mn	no	N2	10.0	100.0	20.0	34.0	3.4	0	False	inert	2021	1.2	1.0
10.1021/acs.joc.0c02407	PhMe	1.0	1.2	1.2	tBuOK	1.2	Mn(Oac)2	Mn	PPh3	N2	10.0	100.0	20.0	32.0	3.2	0	False	inert	2021	1.2	1.0
10.1021/acs.joc.0c02407	PhMe	1.0	1.2	1.2	tBuONa	1.2	MnCl2	Mn	PPh3	N2	10.0	100.0	20.0	32.0	3.2	0	False	inert	2021	1.2	1.0
10.1021/acs.joc.0c02407	PhMe	1.0	1.2	1.2	K3PO4	1.2	MnCl2	Mn	PPh3	N2	10.0	100.0	20.0	31.0	3.1	0	False	inert	2021	1.2	1.0
10.1021/acs.joc.0c02407	PhMe	1.0	1.2	1.2	tBuOK	1.2	MnCl2(H2O)4	Mn	PPh3	N2	10.0	100.0	20.0	28.0	2.8	0	False	inert	2021	1.2	1.0
10.1021/acs.joc.0c02407	PhMe	1.0	1.2	1.2	tBuOK	1.2	Mn(acac)2	Mn	PPh3	N2	10.0	100.0	20.0	27.0	2.7	0	False	inert	2021	1.2	1.0
10.1002/ejic.201701479	PhMe	1.1	1.0	0.9090909090909092	tBuOK	2.5	Ru(NHC(CH2)2OMeCl2	Ru	no	Ar	2.5	90.0	24.0	54.0	21.6	0	False	inert	2018	2.2727272727272725	2.5
10.1039/d1nj01539g	neat	1.0	1.5	1.5	tBuOK	1.0	Rubenzimidazole	Ru	no	Ar	2.5	120.0	24.0	53.35	21.34	0	False	inert	2021	1.0	0.6666666666666666
10.1016/j.catcom.2017.03.007	PhMe	1.0	2.0	2.0	tBuOK	1.0	[Ru(COD)Cl2]n	Ru	dppb	N2	1.0	100.0	6.0	21.0	21.0	0	False	inert	2017	1.0	0.5
10.1002/adsc.201600141	PhMe	1.1	1.0	0.9090909090909092	Na2CO3	1.2	[RuCp*Cl2]n	Ru	benzotriazoleCH2C(O)NHCH(Me)COOMe	N2	2.0	110.0	48.0	41.0	20.5	0	False	inert	2016	1.0909090909090908	1.2
10.1002/adsc.201300061	PhMe	1.0	1.0	1.0	KOH	1.0	Rh(acac)3	Rh	DABCO (0.5 mmol)	N2	1.0	110.0	14.0	95.0	95.0	0	True	inert	2013	1.0	1.0
10.1016/j.tetlet.2016.05.018	DCE	0.25	0.25	1.0	no base	0.0	Pd(COD)ClSnCl3	Pd	no	Air	3.0	140.0	24.0	0.0	0.0	0	False	oxygen	2016	0.0	0.0
10.1016/j.tetlet.2016.05.018	H2O	0.25	0.25	1.0	no base	0.0	Pd(COD)ClSnCl3	Pd	no	Air	3.0	140.0	24.0	0.0	0.0	0	False	oxygen	2016	0.0	0.0
10.1021/acs.joc.0c02407	PhMe	1.0	1.2	1.2	tBuOK	1.2	MnCl2	Mn	PCy3*HBF4	N2	10.0	100.0	20.0	23.0	2.3	0	False	inert	2021	1.2	1.0
10.1021/acs.joc.0c02407	PhMe	1.0	1.2	1.2	tBuOK	1.2	MnCl2	Mn	PtBu3HBF4	N2	10.0	100.0	20.0	22.0	2.2	0	False	inert	2021	1.2	1.0
10.1021/acs.joc.9b00717	PhMe	1.0	1.5	1.5	no base	0.0	SmI2	Sm	no	Ar	3.0	140.0	1.0	0.0	0.0	MW	False	inert	2019	0.0	0.0
10.1002/ejoc.202000229	PhMe	2.0	1.0	0.5	no base	0.0	Fe(OTf)2	Fe	no	air	5.0	160.0	2.0	39.0	7.8	microwave	False	oxygen	2020	0.0	0.0
10.1021/acs.organomet.0c00233	neat	1.0	1.0	1.0	tBuONa	1.0	NiNNN	Ni	no	Ar	0.02	140.0	72.0	47.0	2350.0	0	False	inert	2020	1.0	1.0
10.1021/acs.organomet.0c00233	dioxane	1.0	1.0	1.0	tBuONa	0.75	NiNNN	Ni	no	Ar	0.02	140.0	72.0	45.0	2250.0	0	False	inert	2020	0.75	0.75
10.1021/acs.organomet.0c00233	neat	1.0	1.0	1.0	tBuONa	0.75	NiNNN	Ni	no	Ar	0.02	140.0	72.0	43.0	2150.0	0	False	inert	2020	0.75	0.75
10.1016/j.poly.2019.114234	PhMe	1.0	1.5	1.5	tBuOK	0.5	Ru-NHC (3e)	Ru	no	Ar	2.5	120.0	24.0	50.44	20.176	0	False	inert	2019	0.5	0.3333333333333333
10.1007/s11243-019-00313-7	PhMe	1.0	1.0	1.0	tBuOK	0.5	Ru-NHC(p-cymene)Ar (2c)	Ru	no	Ar	2.5	120.0	24.0	50.44	20.176	0	False	inert	2019	0.5	0.5
10.1016/j.poly.2019.114234	PhMe	1.0	1.5	1.5	tBuOK	0.5	Ru-NHC (3e)	Ru	no	Ar	2.5	120.0	24.0	50.4	20.16	0	False	inert	2019	0.5	0.3333333333333333
10.1002/chem.201102446	trimethylbenzene	2.8	1.4	0.5	no base	0.0	((PhNH)2P=N)3 (5) PhNH2*HCl (30)		0	Ar	35.0	160.0	15.0	81.0	2.3142857142857145	0	True	inert	2011	0.0	0.0
10.1021/acs.organomet.0c00233	PhMe	1.0	1.0	1.0	tBuONa	0.75	NiNNN	Ni	no	Ar	0.02	140.0	72.0	42.0	2100.0	0	False	inert	2020	0.75	0.75
10.1021/acs.organomet.8b00908	PhMe	1.0	1.0	1.0	no base	0.0	C6H6-Se-Ru-N-anthracene-Cl	Ru	no	N2	0.5	50.0	6.0	10.0	20.0	0	False	inert	2019	0.0	0.0
10.1039/c4ra15398g	neat	1.0	1.2	1.2	no base	0.0	RuNHC	Ru	no	Ar	5.0	130.0	18.0	99.0	19.8	0	True	inert	2014	0.0	0.0
10.1007/s11243-019-00313-7	PhMe	1.0	1.0	1.0	KOH	0.5	Ru-NHC(p-cymene)Ar (2c)	Ru	no	Ar	1.0	100.0	15.0	19.24	19.24	0	False	inert	2019	0.5	0.5
10.1021/jo102521a	neat	3.0	1.0	0.3333333333333333	no base	0.0	[Ru(p-cymene)Cl2]2	Ru	DPEphos (5 mol%)	N2	5.0	115.0	2.0	91.0	18.2	MW	True	inert	2011	0.0	0.0
10.1016/j.poly.2019.114234	PhMe	1.0	1.5	1.5	KOH	1.0	Ru-NHC (3e)	Ru	no	Ar	1.0	100.0	15.0	18.0	18.0	0	False	inert	2019	1.0	0.6666666666666666
10.1016/j.poly.2019.114234	PhMe	1.0	1.5	1.5	KOH	1.0	Ru-NHC (3e)	Ru	no	Ar	1.0	100.0	15.0	18.0	18.0	0	False	inert	2019	1.0	0.6666666666666666
10.1021/acs.organomet.6b00426	PhMe	1.0	1.0	1.0	no base	0.0	R-Cl2Ru-Ge(tBu)NtBuCPhNtBu	Ru	no	Ar	1.0	110.0	24.0	18.0	18.0	0	False	inert	2016	0.0	0.0
10.1021/acscatal.5b00588	neat	1.0	1.2	1.2	NaHCO3	0.2	RuNHC	Ru	no	Ar	5.0	130.0	24.0	89.0	17.8	0	True	inert	2015	0.2	0.1666666666666666
10.1016/j.jcat.2009.01.020	mesitylene	0.25	0.38	1.52	no base	0.0	Ru(OH)x/Al2O3	Ru	no	Ar	5.0	132.0	11.0	89.0	17.8	0	True	inert	2009	0.0	0.0
10.1002/ejoc.201403636	PhMe	0.5	0.5	1.0	tBuOK	0.25	C6H6RuCl2	Ru	PPh2(CH2)8PPh2	Air	2.5	55.0	15.0	44.0	17.6	0	False	oxygen	2015	0.5	0.5
10.1002/adsc.201500562	PhMe	1.0	1.05	1.05	no base	0.0	[Ru(p-cymene)Cl2]2	Ru	Ph2PNMe(CH2)3NMePPh2 (0,625 mol%)	Ar	1.25	120.0	12.0	22.0	17.6	0	False	inert	2015	0.0	0.0
10.1002/adsc.201600141	PhMe	1.1	1.0	0.9090909090909092	tBuONa	1.2	[RuCp*Cl2]n	Ru	no	N2	2.0	110.0	48.0	35.0	17.5	0	False	inert	2016	1.0909090909090908	1.2
10.1039/c4ra15398g	neat	1.0	1.2	1.2	no base	0.0	RuNHC	Ru	PPh3 (5 mol%)	Ar	5.0	130.0	6.0	87.0	17.4	0	True	inert	2014	0.0	0.0
10.1002/ejic.201701479	PhMe	1.1	1.0	0.9090909090909092	tBuOK	2.5	Ru(NHC(CH2)2OMeCl2	Ru	no	Ar	5.0	120.0	24.0	85.0	17.0	0	True	inert	2018	2.2727272727272725	2.5
10.1021/jo200559h	dioxane	1.5	1.0	0.6666666666666666	KOH	1.3	Ru(OH)3-Fe3O4	Ru	no	Ar	1.3	130.0	24.0	22.0	16.923076923076923	0	False	inert	2011	0.8666666666666667	1.3
10.1002/aoc.4704	PhMe	1.0	1.5	1.5	K2CO3	1.0	Ru-benzimidazole(p-cymene)	Ru	no	Ar	2.5	120.0	24.0	42.21	16.884	0	False	inert	2018	1.0	0.6666666666666666
10.1016/j.tetlet.2016.05.018	MeCN	0.25	0.25	1.0	no base	0.0	Pd(COD)ClSnCl3	Pd	no	Air	3.0	140.0	24.0	0.0	0.0	0	False	oxygen	2016	0.0	0.0
10.1055/s-0030-1260238	PhMe	2.5	5.0	2.0	CsOH	2.5	Pd(Oac)2	Pd	no	Air?	0.1	150.0	12.0	63.0	630.0	0	False	oxygen	2011	1.0	0.5
10.1055/s-0030-1260238	PhMe	2.5	5.0	2.0	CsOH	2.5	Pd(Oac)2	Pd	no	Air?	0.5	150.0	12.0	98.0	196.0	0	True	oxygen	2011	1.0	0.5
10.1055/s-0030-1260238	PhMe	2.5	5.0	2.0	CsOH	2.5	Pd(Oac)2	Pd	no	Air?	1.0	150.0	12.0	98.0	98.0	0	True	oxygen	2011	1.0	0.5
10.1016/j.jcat.2019.12.012	p-xylene	0.5	1.0	2.0	no base	0.0	Pd@SiO2 (cat-1)	Pd	no	Ar	1.0	150.0	30.0	96.0	96.0	0	True	inert	2020	0.0	0.0
10.1016/j.jcat.2019.12.012	p-xylene	0.5	1.0	2.0	no base	0.0	Pd@SiO2 (cat-2)	Pd	no	Ar	1.0	150.0	30.0	90.0	90.0	0	True	inert	2020	0.0	0.0
10.1002/adsc.200700596	diglyme	0.5	1.0	2.0	tBuOK	0.55	[IrCODCl]2	Ir	PNP ligand (2 mol%)	Ar	2.0	110.0	24.0	68.0	34.0	THF stock soln	True	inert	2008	1.1	0.55
10.1002/aoc.4704	PhMe	1.0	1.5	1.5	K2CO3	1.0	Ru-benzimidazole(p-cymene)	Ru	no	Ar	2.5	120.0	24.0	42.2	16.880000000000003	0	False	inert	2018	1.0	0.6666666666666666
10.1002/aoc.4704	PhMe	1.0	1.5	1.5	KOH	1.0	Ru-benzimidazole(p-cymene)	Ru	no	Ar	2.5	120.0	24.0	42.16	16.863999999999997	0	False	inert	2018	1.0	0.6666666666666666
10.1002/ejoc.201403636	PhMe	0.5	0.5	1.0	tBuOK	0.5	Ru(COD)Cl2	Ru	PTA	Air	5.0	55.0	15.0	83.72	16.744	0	True	oxygen	2015	1.0	1.0
10.1002/aoc.4704	PhMe	1.0	1.5	1.5	KOH	1.0	Ru-benzimidazole(p-cymene)	Ru	no	Ar	2.5	120.0	24.0	41.2	16.48	0	False	inert	2018	1.0	0.6666666666666666
10.1177/1747519821989963	PhMe	0.75	0.5	0.6666666666666666	Cs2CO3	1.0	Ag@MnO2	Ag	0	Air	0.9	110.0	12.0	81.0	90.0	0	True	oxygen	2021	1.3333333333333333	2.0
10.1016/j.jcat.2019.12.012	p-xylene	0.5	1.0	2.0	no base	0.0	Pd@TiO2 (cat-4)	Pd	no	Ar	1.0	150.0	30.0	26.0	26.0	0	False	inert	2020	0.0	0.0
10.1016/j.jcat.2019.12.012	p-xylene	0.5	1.0	2.0	no base	0.0	Pd@C (cat-5)	Pd	no	Ar	1.0	150.0	30.0	20.0	20.0	0	False	inert	2020	0.0	0.0
10.1016/j.jcat.2019.12.012	p-xylene	0.5	1.0	2.0	no base	0.0	Pd@Al2O3 (cat-6)	Pd	no	Ar	1.0	150.0	30.0	15.0	15.0	0	False	inert	2020	0.0	0.0
10.1039/c1ra00560j	p-xylene	2.0	1.0	0.5	no base	0.0	Pd/Al2O3	Pd	no	N2	1.0	155.0	0.5	28.0	28.0	0	False	inert	2011	0.0	0.0
10.1016/j.tetlet.2011.01.059	neat	5.0	15.0	3.0	no base	0.0	Pd/Fe2O3	Pd	no	Ar	0.17	160.0	2.0	94.0	552.9411764705882	0	True	inert	2011	0.0	0.0
10.1039/c6gc00938g	neat	1.5	1.0	0.6666666666666666	no base	0.0	PhCH2Br		no	N2	5.0	120.0	24.0	0.0	0.0	0	False	inert	2016	0.0	0.0
10.1021/acs.organomet.8b00908	THF	1.0	1.0	1.0	no base	0.0	C6H6-Se-Ru-N-anthracene-Cl	Ru	no	N2	0.5	100.0	6.0	8.0	16.0	0	False	inert	2019	0.0	0.0
10.1039/b616859k	PhMe	1.0	1.0	1.0	K2CO3	0.1	CymeneRuCl2	Ru	dppf (5 mol%)	N2	5.0	110.0	24.0	80.0	16.0	0	True	inert	2007	0.1	0.1
10.1039/d1ob00362c	PhMe	1.0	1.0	1.0	NaOH	1.0	RuPNHC	Ru	no	Ar	0.5	110.0	2.0	8.0	16.0	0	False	inert	2021	1.0	1.0
10.1002/ejoc.202000229	PhMe	2.0	1.0	0.5	no base	0.0	Fe(NTf2)3	Fe	no	air	5.0	160.0	2.0	32.0	6.4	microwave	False	oxygen	2020	0.0	0.0
10.1002/chem.200901501	CF3Ph/dodecane	3.0	1.0	0.3333333333333333	no base	0.0	AuPd/MgO	Au,Pd	no	N2	0.8	180.0	0.25	59.0	73.75	0	False	inert	2009	0.0	0.0
10.1039/c4ra15398g	neat	1.0	1.2	1.2	no base	0.0	RuNHC	Ru	no	Ar	5.0	130.0	6.0	80.0	16.0	0	True	inert	2014	0.0	0.0
10.1002/adsc.200700596	diglyme	0.5	0.5	1.0	KH	0.5	[IrCODCl]2	Ir	PNP ligand (2 mol%)	Ar	2.0	110.0	24.0	67.0	33.5	THF stock soln	True	inert	2008	1.0	1.0
10.1002/adsc.200700596	diglyme	0.5	1.5	3.0	tBuOK	0.55	[IrCODCl]2	Ir	PNP ligand (2 mol%)	Ar	2.0	110.0	24.0	65.0	32.5	THF stock soln	False	inert	2008	1.1	0.3666666666666667
10.1021/acs.organomet.0c00726	DCE	0.55	0.5	0.9090909090909092	no base	0.0	IrNHC	Ir	no	Ar	2.0	110.0	1.0	98.0	49.0	0	True	inert	2021	0.0	0.0
10.1002/ejoc.201403636	THF	0.5	0.5	1.0	tBuOK	0.25	C6H6RuCl2	Ru	PTA	Air	2.5	55.0	15.0	39.75	15.9	0	False	oxygen	2015	0.5	0.5
10.1177/1747519821989963	PhMe	0.75	0.5	0.6666666666666666	NaOAc	1.0	Ag@MnO2	Ag	0	Air	0.9	110.0	12.0	73.0	81.11111111111111	0	True	oxygen	2021	1.3333333333333333	2.0
10.1177/1747519821989963	PhMe	0.75	0.5	0.6666666666666666	K2CO3	1.0	Ag@MnO2	Ag	0	Air	0.9	110.0	12.0	67.0	74.44444444444444	0	True	oxygen	2021	1.3333333333333333	2.0
10.1177/1747519821989963	PhMe	0.75	0.5	0.6666666666666666	Na2CO3	1.0	Ag@MnO2	Ag	0	Air	0.9	110.0	12.0	56.0	62.22222222222222	0	False	oxygen	2021	1.3333333333333333	2.0
10.1016/j.apcata.2013.09.044	PhMe	1.8	3.6	2.0	NaH	0.5	Ag/Al2O3-Ga2O3	Ag	no	Ar	3.0	110.0	26.0	82.0	27.33333333333333	0	True	inert	2013	0.2777777777777778	0.1388888888888889
10.1002/chem.201001915	neat	2.0	10.0	5.0	K2CO3	0.4	Ag2O	Ag	no	Ar	4.5	140.0	12.0	0.0	0.0	0	False	inert	2010	0.2	0.04
10.1002/cctc.200900209	p-xylene	2.0	1.0	0.5	no base	0.0	Ag/Al2O3-5	Ag	FeCl3 (5 mol%)	N2	4.0	145.0	24.0	94.0	23.5	0	True	inert	2009	0.0	0.0
10.1039/c1ra00560j	p-xylene	15.0	10.0	0.6666666666666666	no base	0.0	Cu0.95Ag0.05/Al2O3	Cu,Ag	no	N2	0.1	155.0	24.0	56.0	560.0	0.1 mol% Cu+ Ag	False	inert	2011	0.0	0.0
10.1039/c1ra00560j	p-xylene	2.0	1.0	0.5	no base	0.0	Cu0.95Ag0.05/Al2O3	Cu,Ag	no	N2	1.0	155.0	24.0	94.0	94.0	1 mol% Cu+ Ag	True	inert	2011	0.0	0.0
10.1039/c1ra00560j	p-xylene	2.0	1.0	0.5	no base	0.0	Cu0.95Ni0.05/Al2O3	Cu	no	N2	1.0	155.0	24.0	86.0	86.0	1 mol% Cu+ Ni	True	inert	2011	0.0	0.0
10.1039/c1ra00560j	p-xylene	2.0	1.0	0.5	no base	0.0	Cu0.95Ag0.05/Al2O3	Cu,Ag	no	N2	1.0	155.0	0.5	85.0	85.0	1 mol% Cu+ Ag	True	inert	2011	0.0	0.0
10.1039/c1ra00560j	p-xylene	2.0	1.0	0.5	no base	0.0	Cu0.95Zn0.05/Al2O3	Cu	no	N2	1.0	155.0	24.0	84.0	84.0	1 mol% Cu+ Zn	True	inert	2011	0.0	0.0
10.1039/c1ra00560j	p-xylene	2.0	1.0	0.5	no base	0.0	Cu0.95Co0.05/Al2O3	Cu	no	N2	1.0	155.0	24.0	79.0	79.0	1 mol% Cu+ Co	True	inert	2011	0.0	0.0
10.1039/c1ra00560j	p-xylene	2.0	1.0	0.5	no base	0.0	Cu0.95Pt0.05/Al2O3	Cu	no	N2	1.0	155.0	24.0	68.0	68.0	1 mol% Cu+ Pt	True	inert	2011	0.0	0.0
10.1016/j.jcat.2009.01.020	mesitylene	0.25	0.38	1.52	no base	0.0	Ru(OH)x/Al2O3	Ru	no	Ar	5.0	132.0	5.0	78.0	15.6	0	True	inert	2009	0.0	0.0
10.1002/aoc.4704	PhMe	1.0	1.5	1.5	tBuOK	1.0	Ru-benzimidazole(p-cymene)	Ru	no	Ar	2.5	90.0	24.0	38.43	15.372	0	False	inert	2018	1.0	0.6666666666666666
10.1002/aoc.4704	PhMe	1.0	1.5	1.5	tBuOK	1.0	Ru-benzimidazole(p-cymene)	Ru	no	Ar	2.5	90.0	24.0	38.4	15.36	0	False	inert	2018	1.0	0.6666666666666666
10.1039/c9gc03351c	H2O/THF=12/1	3.0	3.18	1.06	no base	0.0	Shvo's cat	Ru	TPGS-750-M (2.5%), NaCl (1%)	no data	5.6	100.0	1.0	85.0	15.178571428571429	MW	True	no_data	2019	0.0	0.0
10.1039/d0cy02210a	neat	1.0	5.0	5.0	NaOH	0.1	RuNC	Ru	no	Ar	2.0	60.0	24.0	29.0	14.5	0	False	inert	2021	0.1	0.02
10.1002/adsc.200700596	DME	0.5	0.5	1.0	tBuOK	0.5	[IrCODCl]2	Ir	PNP ligand (2 mol%)	Ar	2.0	110.0	24.0	62.0	31.0	THF stock soln	False	inert	2008	1.0	1.0
10.1039/c8gc02298d	H2O	0.5	0.5	1.0	no base	0.0	Cp*Ir(imidazole)(pyridineOH)Cl 8а	Ir	no	N2	2.0	110.0	24.0	93.026	46.513	0	True	inert	2018	0.0	0.0
10.1021/acs.organomet.0c00726	DCM	0.55	0.5	0.9090909090909092	no base	0.0	IrNHC	Ir	no	Ar	2.0	110.0	1.0	91.0	45.5	0	True	inert	2021	0.0	0.0
10.1002/adsc.200700596	DMF	0.5	0.5	1.0	tBuOK	0.5	[IrCODCl]2	Ir	PNP ligand (2 mol%)	Ar	2.0	110.0	24.0	60.0	30.0	THF stock soln	False	inert	2008	1.0	1.0
10.1002/adsc.200700596	diglyme	0.5	0.5	1.0	NaHMDS	0.5	[IrCODCl]2	Ir	PNP ligand (2 mol%)	Ar	2.0	110.0	24.0	59.0	29.5	THF stock soln	False	inert	2008	1.0	1.0
10.1002/adsc.200700596	diglyme	0.5	2.0	4.0	tBuOK	0.55	[IrCODCl]2	Ir	PNP ligand (2 mol%)	Ar	2.0	110.0	24.0	57.0	28.5	THF stock soln	False	inert	2008	1.1	0.275
10.1039/c8gc02298d	H2O	0.5	0.5	1.0	no base	0.0	Cp*Ir(imidazole)(pyridineOH)Cl 8а	Ir	no	N2	2.0	110.0	48.0	88.36	44.18	0	True	inert	2018	0.0	0.0
10.1021/acs.organomet.0c00726	DCE	0.55	0.5	0.9090909090909092	no base	0.0	IrNHC	Ir	no	Ar	2.0	110.0	1.0	86.0	43.0	0	True	inert	2021	0.0	0.0
10.1002/adsc.200700596	diglyme	0.5	0.5	1.0	KHMDS	0.5	[IrCODCl]2	Ir	PNP ligand (2 mol%)	Ar	2.0	110.0	24.0	48.0	24.0	THF stock soln	False	inert	2008	1.0	1.0
10.1021/acs.organomet.0c00726	PhCl	0.55	0.5	0.9090909090909092	no base	0.0	IrNHC	Ir	no	Ar	2.0	110.0	1.0	80.0	40.0	0	True	inert	2021	0.0	0.0
10.1016/j.tet.2007.11.083	PhMe	1.0	1.0	1.0	no base	0.0	Cp*IrCl2	Ir	no	Ar	1.0	110.0	17.0	32.0	32.0	0	False	inert	2007	0.0	0.0
10.1021/acs.organomet.6b00426	PhMe	1.0	1.0	1.0	no base	0.0	Cp*-Cl2Ir-Ge(tBu)NtBuCPhNtBu	Ir	no	Ar	1.0	110.0	24.0	31.0	31.0	0	False	inert	2016	0.0	0.0
10.1039/c8gc02298d	H2O	0.5	0.5	1.0	no base	0.0	Cp*Ir(imidazole)(pyridineOH)Cl 8а	Ir	no	N2	2.0	110.0	9.0	49.7	24.85	0	False	inert	2018	0.0	0.0
10.1002/adsc.200700596	dioxane	0.5	0.5	1.0	tBuOK	0.5	[IrCODCl]2	Ir	PNP ligand (2 mol%)	Ar	2.0	110.0	24.0	42.0	21.0	THF stock soln	False	inert	2008	1.0	1.0
10.1021/acs.organomet.0c00726	PhMe	0.55	0.5	0.9090909090909092	no base	0.0	IrNHC	Ir	no	Ar	2.0	110.0	1.0	44.0	22.0	0	False	inert	2021	0.0	0.0
10.1002/adsc.200700596	diglyme	0.5	0.5	1.0	K3PO4	0.5	[IrCODCl]2	Ir	PNP ligand (2 mol%)	Ar	2.0	110.0	24.0	37.0	18.5	THF stock soln	False	inert	2008	1.0	1.0
10.1002/adsc.200700596	PhMe	0.5	0.5	1.0	tBuOK	0.5	[IrCODCl]2	Ir	PNP ligand (2 mol%)	Ar	2.0	110.0	24.0	36.0	18.0	THF stock soln	False	inert	2008	1.0	1.0
10.1055/s-2005-862381	PhMe	1.0	1.0	1.0	K2CO3	0.05	Cp*IrCl2	Ir	no	Ar	5.0	110.0	17.0	88.0	17.6	0	True	inert	2005	0.05	0.05
10.1016/s0040-4039(03)00371-x	PhMe	1.0	1.0	1.0	K2CO3	0.05	Cp*IrCl2	Ir	no	Ar	5.0	110.0	17.0	88.0	17.6	0	True	inert	2003	0.05	0.05
10.1039/c1ob06743e	neat	3.0	3.9	1.3	CsOH	1.2	Cu(Oac)2	Cu	no	Air	1.0	150.0	24.0	95.0	95.0	0	True	oxygen	2012	0.3999999999999999	0.3076923076923077
10.1016/j.tet.2011.02.075	PhMe	2.5	3.75	1.5	tBuOK	2.5	Cu(Oac)2	Cu	no	Ar	1.0	170.0	24.0	95.0	95.0	0	True	inert	2011	1.0	0.6666666666666666
10.1016/j.tet.2011.02.075	dioxane	2.5	3.75	1.5	tBuOK	2.5	Cu(Oac)2	Cu	no	Ar	1.0	130.0	48.0	99.0	99.0	0	True	inert	2011	1.0	0.6666666666666666
10.1016/j.poly.2014.12.015	PhMe	2.0	2.0	1.0	KOH	4.0	Copper(I) complex	Cu	no	Air?	0.8	120.0	12.0	82.0	102.5	0	True	oxygen	2015	2.0	2.0
10.1016/j.poly.2014.12.015	PhMe	2.0	2.0	1.0	KOH	4.0	Copper(I) complex	Cu	no	Air?	0.6	120.0	12.0	76.0	126.66666666666669	0	True	oxygen	2015	2.0	2.0
10.1039/c3gc40818c	neat	1.0	1.5	1.5	KOH	1.8	Cu/Magnetitt	Cu	no	Air	0.27	100.0	10.0	99.0	366.6666666666666	0	True	oxygen	2013	1.8	1.2
10.1039/d1nj00861g	H2O	1.0	1.2	1.2	KOH	1.0	Cu-PC@OFM	Cu	TBAF	Ar		110.0	48.0	89.0		0	True	inert	2021	1.0	0.8333333333333334
10.1016/j.apcata.2020.117519	p-xylene	1.1	1.1	1.0	no base	0.0	Cu/Fe3O4(3)imp	Cu	0	N2		154.0	24.0	50.4		0	False	inert	2020	0.0	0.0
10.1016/j.apcata.2020.117519	p-xylene	1.1	1.1	1.0	no base	0.0	Cu/Fe3O4(3)co-p	Cu	0	N2		154.0	24.0	28.52		0	False	inert	2020	0.0	0.0
10.1016/j.apcata.2020.117519	p-xylene	1.1	1.1	1.0	no base	0.0	Cu/Fe3O4(3)pm	Cu	0	N2		154.0	24.0	3.8		0	False	inert	2020	0.0	0.0
10.1016/j.apcata.2020.117519	p-xylene	1.1	1.1	1.0	no base	0.0	Cu LCH HT-300	Cu	0	N2		154.0	24.0	18.0		0	False	inert	2020	0.0	0.0
10.1016/j.apcata.2020.117519	p-xylene	1.1	1.1	1.0	no base	0.0	Cu powder	Cu	0	N2		154.0	24.0	3.0		0	False	inert	2020	0.0	0.0
10.1039/c003410j	PhMe	1.2	1.0	0.8333333333333334	DABCO	2.0	Fe-HMS	Fe	no	no data	27.0	160.0	1.5	90.0	3.333333333333333	MW	True	no_data	2010	1.6666666666666667	2.0
10.1016/j.apcata.2020.117519	p-xylene	1.1	1.1	1.0	no base	0.0	No Catalyst		0	N2		154.0	24.0	0.0		0	False	inert	2020	0.0	0.0
10.1039/c1ra00560j	p-xylene	2.0	1.0	0.5	no base	0.0	Cu/Al2O3	Cu	no	N2	1.0	155.0	0.5	27.0	27.0	0	False	inert	2011	0.0	0.0
10.1039/c1ra00560j	p-xylene	2.0	1.0	0.5	no base	0.0	Cu(Oac)2	Cu	no	N2	1.0	155.0	0.5	0.0	0.0	0	False	inert	2011	0.0	0.0
10.1039/c1ra00560j	p-xylene	2.0	1.0	0.5	no base	0.0	Cu powder	Cu	no	N2	1.0	155.0	0.5	0.0	0.0	0	False	inert	2011	0.0	0.0
10.1016/j.catcom.2020.106085	neat	10.0	10.0	1.0	no base	0.0	NH2-MIL-125		0	Air	10.0	100.0	15.0	0.0	0.0	0	False	oxygen	2020	0.0	0.0
10.1016/j.catcom.2020.106085	neat	10.0	10.0	1.0	no base	0.0	NH2-MIL-125		0	Air	10.0	120.0	15.0	0.0	0.0	0	False	oxygen	2020	0.0	0.0
10.1016/j.catcom.2020.106085	neat	10.0	10.0	1.0	no base	0.0	NH2-MIL-125		0	Air	10.0	140.0	15.0	15.0	1.5	0	False	oxygen	2020	0.0	0.0
10.1016/j.catcom.2020.106085	neat	10.0	10.0	1.0	no base	0.0	NH2-MIL-125		0	Air	10.0	160.0	15.0	92.15	9.215	0	True	oxygen	2020	0.0	0.0
10.1016/j.catcom.2020.106085	neat	10.0	10.0	1.0	no base	0.0	NH2-MIL-125		0	Air	10.0	180.0	15.0	66.24	6.624	0	True	oxygen	2020	0.0	0.0
10.1016/j.catcom.2020.106085	neat	10.0	10.0	1.0	no base	0.0	NH2-MIL-125		0	Air	5.0	160.0	15.0	59.4	11.88	0	False	oxygen	2020	0.0	0.0
10.1016/j.catcom.2020.106085	neat	10.0	10.0	1.0	no base	0.0	NH2-MIL-125		0	Air	2.5	160.0	15.0	29.7	11.88	0	False	oxygen	2020	0.0	0.0
10.1016/j.catcom.2020.106085	neat	10.0	20.0	2.0	no base	0.0	NH2-MIL-125		0	Air	10.0	160.0	15.0	8.82	0.882	0	False	oxygen	2020	0.0	0.0
10.1016/j.catcom.2020.106085	neat	20.0	10.0	0.5	no base	0.0	NH2-MIL-125		0	Air	10.0	160.0	15.0	1.76	0.176	0	False	oxygen	2020	0.0	0.0
10.1016/j.catcom.2020.106085	neat	10.0	10.0	1.0	no base	0.0	NH2-MIL-125		0	Air	10.0	160.0	1.0	24.75	2.475	0	False	oxygen	2020	0.0	0.0
10.1016/j.catcom.2020.106085	neat	10.0	10.0	1.0	no base	0.0	NH2-MIL-125		0	Air	10.0	160.0	2.0	29.7	2.97	0	False	oxygen	2020	0.0	0.0
10.1016/j.catcom.2020.106085	neat	10.0	10.0	1.0	no base	0.0	NH2-MIL-125		0	Air	10.0	160.0	3.0	49.5	4.95	0	False	oxygen	2020	0.0	0.0
10.1016/j.catcom.2020.106085	neat	10.0	10.0	1.0	no base	0.0	NH2-MIL-125		0	Air	10.0	160.0	6.0	74.25	7.425	0	True	oxygen	2020	0.0	0.0
10.1016/j.catcom.2020.106085	neat	10.0	10.0	1.0	no base	0.0	NH2-MIL-125		0	Air	10.0	160.0	9.0	83.16	8.315999999999999	0	True	oxygen	2020	0.0	0.0
10.1016/j.catcom.2020.106085	neat	10.0	10.0	1.0	no base	0.0	NH2-MIL-125		0	Air	10.0	160.0	12.0	89.1	8.91	0	True	oxygen	2020	0.0	0.0
10.1016/j.catcom.2020.106085	neat	10.0	10.0	1.0	no base	0.0	NH2-MIL-125		0	Air	10.0	160.0	15.0	92.15	9.215	0	True	oxygen	2020	0.0	0.0
10.1016/j.catcom.2020.106085	neat	10.0	10.0	1.0	no base	0.0	NH2-MIL-125		0	Air	10.0	160.0	18.0	84.39	8.439	0	True	oxygen	2020	0.0	0.0
10.1016/j.catcom.2020.106085	neat	10.0	10.0	1.0	no base	0.0	NH2-MIL-125		0	Air	10.0	160.0	24.0	9.8	0.98	0	False	oxygen	2020	0.0	0.0
10.1016/j.catcom.2020.106085	neat	10.0	10.0	1.0	no base	0.0	NH2-MIL-125		0	Air	10.0	160.0	48.0	0.98	0.098	0	False	oxygen	2020	0.0	0.0
10.1016/j.mcat.2021.111415	PhMe	0.5	0.6	1.2	tBuOK	0.75	Mo(CO)6	Mo	nitrogen ligand	Air	2.0	120.0	24.0	69.0	34.5	0	True	oxygen	2021	1.5	1.25
10.1016/j.mcat.2021.111415	PhMe	0.5	0.6	1.2	tBuOK	0.75	Mo(CO)6	Mo	nitrogen ligand	Air	4.0	120.0	24.0	96.0	24.0	0	True	oxygen	2021	1.5	1.25
10.1016/j.mcat.2021.111415	PhMe	0.5	0.6	1.2	tBuOK	0.75	Mo(CO)6	Mo	nitrogen ligand	Air	8.0	120.0	24.0	92.0	11.5	0	True	oxygen	2021	1.5	1.25
10.1016/j.mcat.2021.111415	PhMe	0.5	0.6	1.2	tBuONa	0.75	Mo(CO)6	Mo	nitrogen ligand	Air	4.0	120.0	24.0	68.0	17.0	0	True	oxygen	2021	1.5	1.25
10.1016/j.mcat.2021.111415	PhMe	0.5	0.6	1.2	K2CO3	0.75	Mo(CO)6	Mo	nitrogen ligand	Air	4.0	120.0	24.0	0.0	0.0	0	False	oxygen	2021	1.5	1.25
10.1016/j.mcat.2021.111415	PhMe	0.5	0.6	1.2	KOH	0.75	Mo(CO)6	Mo	nitrogen ligand	Air	4.0	120.0	24.0	0.0	0.0	0	False	oxygen	2021	1.5	1.25
10.1016/j.mcat.2021.111415	DMF	0.5	0.6	1.2	tBuOK	0.75	Mo(CO)6	Mo	nitrogen ligand	Air	4.0	120.0	24.0	0.0	0.0	0	False	oxygen	2021	1.5	1.25
10.1016/j.mcat.2021.111415	DMSO	0.5	0.6	1.2	tBuOK	0.75	Mo(CO)6	Mo	nitrogen ligand	Air	4.0	120.0	24.0	0.0	0.0	0	False	oxygen	2021	1.5	1.25
10.1016/j.mcat.2021.111415	dioxane	0.5	0.6	1.2	tBuOK	0.75	Mo(CO)6	Mo	nitrogen ligand	Air	4.0	120.0	24.0	80.0	20.0	0	True	oxygen	2021	1.5	1.25
10.1016/j.mcat.2021.111415	PhMe	0.5	0.6	1.2	tBuOK	0.75	MoO3	Mo	nitrogen ligand	Air	2.0	120.0	24.0	0.0	0.0	0	False	oxygen	2021	1.5	1.25
10.1016/j.mcat.2021.111415	PhMe	0.5	0.6	1.2	tBuOK	0.75	Na2MoO4	Mo	nitrogen ligand	Air	2.0	120.0	24.0	0.0	0.0	0	False	oxygen	2021	1.5	1.25
10.1016/j.mcat.2021.111415	PhMe	0.5	0.6	1.2	tBuOK	0.75	H8MoN2O4	Mo	nitrogen ligand	Air	2.0	120.0	24.0	0.0	0.0	0	False	oxygen	2021	1.5	1.25
10.1016/j.mcat.2021.111415	PhMe	0.5	0.6	1.2	tBuOK	0.75	C10H14MoO6	Mo	nitrogen ligand	Air	2.0	120.0	24.0	0.0	0.0	0	False	oxygen	2021	1.5	1.25
10.1016/j.mcat.2021.111415	PhMe	0.5	0.6	1.2	tBuOK	0.75	MoCl5	Mo	nitrogen ligand	Air	2.0	120.0	24.0	18.0	9.0	0	False	oxygen	2021	1.5	1.25
10.1016/j.mcat.2021.111415	PhMe	0.5	0.6	1.2	tBuOK	0.75	Mo(CO)6	Mo	no	Air	4.0	120.0	24.0	29.0	7.25	0	False	oxygen	2021	1.5	1.25
10.1016/j.mcat.2021.111415	PhMe	0.5	0.6	1.2	tBuOK	0.75	0		nitrogen ligand	Air	0.0	120.0	24.0	16.0	inf	0	False	oxygen	2021	1.5	1.25
10.1016/s0040-4039(03)00371-x	PhMe	1.0	1.0	1.0	K2CO3	0.05	Cp*RhCl2	Rh	no	Ar	5.0	110.0	17.0	43.0	8.6	0	False	inert	2003	0.05	0.05
10.1039/c1ra00560j	p-xylene	2.0	1.0	0.5	no base	0.0	Rh/Al2O3	Rh	no	N2	1.0	155.0	0.5	13.0	13.0	0	False	inert	2011	0.0	0.0
10.1021/acs.inorgchem.0c03587	PhMe	0.2	1.0	5.0	no base	0.0	Rh-cat	Rh	no	N2	5.0	160.0	18.0	79.0	15.8	0	True	inert	2021	0.0	0.0
10.1021/acs.inorgchem.0c03587	PhMe	0.2	1.0	5.0	no base	0.0	Rh-cat	Rh	no	N2	5.0	160.0	18.0	74.0	14.8	0	True	inert	2021	0.0	0.0
10.1002/chem.200801580	neat	0.2	1.0	5.0	no base	0.0	Cp*IrCl2NHC-n-Bu	Ir	AgOTf (15 mol%)	no data	5.0	110.0	7.0	95.0	19.0	0	True	no_data	2008	0.0	0.0
10.1039/c003410j	PhMe	1.2	1.0	0.8333333333333334	tBuONa	2.0	Fe-HMS	Fe	no	no data	27.0	160.0	2.0	79.05	2.9277777777777776	MW	True	no_data	2010	1.6666666666666667	2.0
10.1039/c003410j	PhMe	1.2	1.0	0.8333333333333334	DABCO	2.0	Fe-Chitosan	Fe	no	no data	26.0	160.0	1.0	45.5	1.75	MW	False	no_data	2010	1.6666666666666667	2.0
10.1002/cctc.201300971	PhMe	1.0	1.2	1.2	no base	0.0	Ru/Phosphine/polymer support	Ru	no	Air?	5.0	120.0	24.0	69.0	13.8	0	True	oxygen	2014	0.0	0.0
10.1002/ejoc.201403636	PhMe	0.5	0.5	1.0	tBuOK	0.5	C6H6RuCl2	Ru	PTA	Air	2.5	25.0	40.0	33.66	13.464	0	False	oxygen	2015	1.0	1.0
10.1016/j.jcat.2009.01.020	mesitylene	0.25	0.38	1.52	no base	0.0	RuCl2(PPh3)2	Ru	no	Ar	5.0	132.0	5.0	66.0	13.2	0	True	inert	2009	0.0	0.0
10.1016/j.catcom.2017.03.007	PhMe	1.0	2.0	2.0	tBuOK	1.0	[Ru(COD)Cl2]n	Ru	MI=1,3-dimesityl-imidazolium chloride	N2	1.0	100.0	6.0	12.76	12.76	0	False	inert	2017	1.0	0.5
10.1002/ejoc.201403636	dioxane	0.5	0.5	1.0	tBuOK	0.25	C6H6RuCl2	Ru	PTA	Air	2.5	55.0	15.0	31.2	12.48	0	False	oxygen	2015	0.5	0.5
10.1039/c9gc03351c	H2O	0.25	0.27	1.08	no base	0.0	Shvo's cat	Ru	TPGS-750-M (5%), NaCl (1%)	no data	5.6	100.0	1.0	68.0	12.142857142857144	MW	True	no_data	2019	0.0	0.0
10.1039/d1ob00362c	PhMe	1.0	1.0	1.0	no base	0.0	RuPNHC	Ru	no	Ar	0.5	110.0	2.0	6.0	12.0	0	False	inert	2021	0.0	0.0
10.1039/c6cy00597g	PhMe	0.1	0.21	2.1	KOH	0.1	PAFc-IMesRu	Ru	no	N2	0.5	130.0	24.0	5.7	11.4	0	False	inert	2016	1.0	0.4761904761904762
10.1021/acs.organomet.6b00426	PhMe	1.0	1.0	1.0	no base	0.0	Cp*-Cl2Ir-Ge(tBu)NtBuCPhNtBu	Ir	AgOTf	Ar	1.0	110.0	24.0	15.0	15.0	0	False	inert	2016	0.0	0.0
10.1002/chem.201201845	PhMe	1.0	1.0	1.0	no base	0.0	Cp*IrCl2	Ir	no	Ar	1.0	110.0	14.0	12.0	12.0	0	False	inert	2012	0.0	0.0
10.1002/ejoc.201403636	PhMe	0.5	0.5	1.0	tBuONa	0.25	C6H6RuCl2	Ru	PPh2(CH2)8PPh2	Air	2.5	55.0	18.0	27.75	11.1	0	False	oxygen	2015	0.5	0.5
10.1002/adsc.201600141	DCM	1.1	1.0	0.9090909090909092	tBuONa	1.2	[RuCp*Cl2]n	Ru	benzotriazoleCH2C(O)NHCH(Me)COOMe	N2	2.0	40.0	48.0	21.0	10.5	0	False	inert	2016	1.0909090909090908	1.2
10.1002/ejic.201701479	PhMe	1.1	1.0	0.9090909090909092	KOH	2.5	Ru(NHC(CH2)2OMeCl2	Ru	no	Ar	5.0	120.0	24.0	51.1	10.22	0	False	inert	2018	2.2727272727272725	2.5
10.1016/j.jcat.2009.01.020	mesitylene	0.25	0.38	1.52	no base	0.0	Ru/C	Ru	no	Ar	5.0	132.0	5.0	50.0	10.0	0	False	inert	2009	0.0	0.0
10.1002/ejic.201900191	neat	1.0	1.5	1.5	KOH	1.5	Ru(NHC)C6H4OMe (2a)	Ru	no	Ar	4.0	120.0	24.0	38.5	9.625	0	False	inert	2019	1.5	1.0
10.1002/ejic.201900191	neat	1.0	1.5	1.5	K2CO3	1.5	Ru(NHC)C6H4OMe (2a)	Ru	no	Ar	4.0	120.0	24.0	37.5	9.375	0	False	inert	2019	1.5	1.0
10.1021/acs.inorgchem.9b03049	neat	1.0	1.2	1.2	tBuOK	0.2	No Catalyst		no	Ar	0.0	120.0	4.0	0.0		0	False	inert	2020	0.2	0.1666666666666666
10.1002/ejic.201900191	neat	1.0	1.5	1.5	Cs2CO3	1.5	Ru(NHC)C6H4OMe (2a)	Ru	no	Ar	4.0	120.0	24.0	36.5	9.125	0	False	inert	2019	1.5	1.0
10.1016/j.tet.2011.02.075	dioxane	2.5	3.75	1.5	tBuOK	2.5	RuCl2DMSO4	Ru	no	Ar	10.0	130.0	48.0	85.0	8.5	0	True	inert	2011	1.0	0.6666666666666666
10.1002/aoc.4704	PhMe	1.0	1.5	1.5	Cs2CO3	1.0	Ru-benzimidazole(p-cymene)	Ru	no	Ar	2.5	120.0	24.0	19.04	7.616	0	False	inert	2018	1.0	0.6666666666666666
10.1021/acs.joc.0c02407	PhMe	1.0	1.2	1.2	tBuOK	1.2	MnCl2	Mn	BiPy	N2	10.0	100.0	20.0	22.0	2.2	0	False	inert	2021	1.2	1.0
10.1021/acs.joc.0c02407	PhMe	1.0	1.2	1.2	tBuOK	1.2	MnCl2	Mn	P(4FPh)3	N2	10.0	100.0	20.0	19.0	1.9	0	False	inert	2021	1.2	1.0
10.1021/acs.joc.0c02407	DMF	1.0	1.2	1.2	tBuOK	1.2	MnCl2	Mn	PPh3	N2	10.0	100.0	20.0	16.0	1.6	0	False	inert	2021	1.2	1.0
10.1021/acs.joc.0c02407	PhMe	1.0	1.2	1.2	tBuOK	1.2	MnCl2	Mn	PhPy	N2	10.0	100.0	20.0	8.0	0.8	0	False	inert	2021	1.2	1.0
10.1021/acs.joc.0c02407	PhMe	1.0	1.2	1.2	no base	1.2	MnCl2	Mn	PPh3	N2	10.0	100.0	20.0	0.0	0.0	0	False	inert	2021	1.2	1.0
10.1021/acs.joc.0c02407	PhMe	1.0	1.2	1.2	tBuOK	1.2	No Catalyst		PPh3	N2	10.0	100.0	20.0	0.0	0.0	0	False	inert	2021	1.2	1.0
10.1021/acs.joc.0c02407	PhMe	1.0	1.2	1.2	tBuOK	1.2	MnCl2	Mn	PCy3	N2	10.0	100.0	20.0	0.0	0.0	0	False	inert	2021	1.2	1.0
10.1021/acs.joc.0c02407	PhMe	1.0	1.2	1.2	NaOAc	1.2	MnCl2	Mn	PPh3	N2	10.0	100.0	20.0	0.0	0.0	0	False	inert	2021	1.2	1.0
10.1021/acs.joc.0c02407	NMP	1.0	1.2	1.2	tBuOK	1.2	MnCl2	Mn	PPh3	N2	10.0	100.0	20.0	0.0	0.0	0	False	inert	2021	1.2	1.0
10.1021/acscatal.8b02530	THF	1.0	1.4	1.4	tBuOK	1.0	Mn-PNP-pincer	Mn	no	Ar	5.0	120.0	18.0	93.0	18.6	0	True	inert	2018	1.0	0.7142857142857143
10.1016/j.ica.2019.119358	PhMe	0.2	0.4	2.0	tBuOK	0.08	Mn(CO)3BrPyCH2NHR	Mn	no	Ar	2.0	120.0	24.0	25.0	12.5	0	False	inert	2019	0.3999999999999999	0.1999999999999999
10.1021/acs.joc.0c02407	PhMe	1.0	1.2	1.2	tBuOK	1.2	MnCl2	Mn	PPh3	N2	10.0	130.0	20.0	82.0	8.2	0	True	inert	2021	1.2	1.0
10.1021/ol202582c	neat	3.0	4.0	1.3333333333333333	CsOH	1.2	MnO2	Mn	no	Air	20.0	135.0	24.0	90.0	4.5	0	True	oxygen	2011	0.3999999999999999	0.3
10.1016/j.ica.2019.119358	PhMe	0.2	0.4	2.0	tBuOK	0.08	Mn(CO)3BrPyCH2NHR	Mn	no	Ar	2.0	140.0	24.0	91.0	45.5	0	True	inert	2019	0.3999999999999999	0.1999999999999999
10.1016/j.ica.2019.119358	PhMe	0.2	0.4	2.0	tBuOK	0.08	Mn(CO)3BrPyCH2NHR	Mn	no	Ar	2.0	140.0	18.0	67.0	33.5	0	True	inert	2019	0.3999999999999999	0.1999999999999999
10.1016/j.ica.2019.119358	tAmOH	0.2	0.4	2.0	tBuOK	0.08	Mn(CO)3BrPyCH2NHR	Mn	no	Ar	2.0	140.0	24.0	55.0	27.5	0	False	inert	2019	0.3999999999999999	0.1999999999999999
10.1016/j.ica.2019.119358	PhMe	0.2	0.4	2.0	KOH	0.08	Mn(CO)3BrPyCH2NHR	Mn	no	Ar	2.0	140.0	24.0	55.0	27.5	0	False	inert	2019	0.3999999999999999	0.1999999999999999
10.1002/cctc.202100635	octane	0.5	0.75	1.5	tBuOK	0.5	Mn@NrGO	Mn	no	Ar	2.5	140.0	24.0	65.0	26.0	0	False	inert	2021	1.0	0.6666666666666666
10.1016/j.ica.2019.119358	PhMe	0.2	0.4	2.0	tBuOK	0.04	Mn(CO)3BrPyCH2NHR	Mn	no	Ar	2.0	140.0	24.0	45.0	22.5	0	False	inert	2019	0.1999999999999999	0.0999999999999999
10.1016/j.ica.2019.119358	PhMe	0.2	0.3	1.4999999999999998	tBuOK	0.08	Mn(CO)3BrPyCH2NHR	Mn	no	Ar	2.0	140.0	24.0	37.0	18.5	0	False	inert	2019	0.3999999999999999	0.2666666666666666
10.1016/j.ica.2019.119358	PhMe	0.2	0.4	2.0	tBuONa	0.08	Mn(CO)3BrPyCH2NHR	Mn	no	Ar	2.0	140.0	24.0	37.0	18.5	0	False	inert	2019	0.3999999999999999	0.1999999999999999
10.1021/acs.organomet.9b00131	PhMe	1.0	1.2	1.2	tBuOK	1.2	(CO)3MnPyCH2NHCH2SEt	Mn	no	Ar	5.0	140.0	24.0	83.0	16.6	0	True	inert	2019	1.2	1.0
10.1002/cctc.202100635	octane	0.5	0.75	1.5	tBuOK	0.5	Mn@NrGO	Mn	no	Ar	5.0	140.0	24.0	76.0	15.2	0	True	inert	2021	1.0	0.6666666666666666
10.1002/cctc.202100635	octane	0.5	0.75	1.5	tBuOK	0.5	Mn@NrGO	Mn	no	Ar	8.0	140.0	24.0	89.0	11.125	0	True	inert	2021	1.0	0.6666666666666666
10.1002/cctc.202100635	octane	0.5	0.75	1.5	tBuOK	0.5	Mn@NrGO	Mn	no	Ar	8.0	140.0	12.0	81.0	10.125	0	True	inert	2021	1.0	0.6666666666666666
10.1021/acs.organomet.0c00233	neat	1.0	1.0	1.0	tBuONa	0.5	NiNNN	Ni	no	Ar	0.02	140.0	72.0	23.0	1150.0	0	False	inert	2020	0.5	0.5
10.1002/aoc.5970	PhMe	0.5	0.5	1.0	Na2CO3	0.5	Cp*IrCNCl	Ir	no	Ar	1.0	110.0	16.0	11.52	11.52	0	False	inert	2020	1.0	1.0
10.1016/s0040-4039(03)00371-x	PhMe	1.0	1.0	1.0	K2CO3	0.05	Cp*IrHCl	Ir	no	Ar	5.0	110.0	17.0	55.0	11.0	0	False	inert	2003	0.05	0.05
10.1016/j.tet.2007.11.083	PhMe	1.0	1.0	1.0	Cs2CO3	0.01	Cp*IrCl2	Ir	no	Ar	1.0	110.0	17.0	11.0	11.0	0	False	inert	2007	0.01	0.01
10.1002/adsc.200700596	diglyme	0.5	0.5	1.0	KOTMS	0.5	[IrCODCl]2	Ir	PNP ligand (2 mol%)	Ar	2.0	110.0	24.0	20.0	10.0	THF stock soln	False	inert	2008	1.0	1.0
10.1039/c8gc02298d	H2O	0.5	0.5	1.0	no base	0.0	Cp*Ir(imidazole)(pyridineOH)Cl 8а	Ir	no	Air	2.0	110.0	24.0	19.9485	9.97425	0	False	oxygen	2018	0.0	0.0
10.1002/adsc.200700596	diglyme	1.0	1.0	1.0	tBuOK	0.1	[IrCODCl]2	Ir	PNP ligand (2 mol%)	Ar	2.0	110.0	24.0	19.0	9.5	THF stock soln	False	inert	2008	0.1	0.1
10.1021/acs.organomet.0c00726	MeCN	0.55	0.5	0.9090909090909092	no base	0.0	IrNHC	Ir	no	Ar	2.0	110.0	1.0	19.0	9.5	0	False	inert	2021	0.0	0.0
10.1002/adsc.200700596	PhMe	0.5	0.5	1.0	tBuOK	0.5	[IrCODCl]2	Ir	PNP ligand (10 mol%)	Ar	10.0	110.0	24.0	92.0	9.2	THF stock soln	True	inert	2008	1.0	1.0
10.1016/j.jorganchem.2020.121285	PhMe	1.0	2.0	2.0	tBuOK	1.0	CoNN	Co	no	Ar	2.5	100.0	24.0	13.23	5.292	0	False	inert	2020	1.0	0.5
10.1055/s-0036-1589064	PhMe	0.25	0.27	1.08	tBuOK	0.275	CoC2O4	Co	PPh3 (10 mol%)	Ar	5.0	100.0	18.0	23.0	4.6	0	False	inert	2017	1.1	1.0185185185185186
10.1055/s-0036-1589064	PhMe	0.25	0.27	1.08	tBuOK	0.275	Co(Oac)2	Co	PPh3 (10 mol%)	Ar	5.0	100.0	18.0	16.0	3.2	0	False	inert	2017	1.1	1.0185185185185186
10.1055/s-0036-1589064	PhMe	0.25	0.27	1.08	tBuOK	0.275	Co(acac)3	Co	PPh3 (10 mol%)	Ar	5.0	100.0	18.0	0.0	0.0	0	False	inert	2017	1.1	1.0185185185185186
10.1055/s-0036-1589064	PhMe	0.25	0.27	1.08	tBuOK	0.275	CoCl2*6H2O	Co	BINAP (10 mol%)	Ar	5.0	100.0	18.0	0.0	0.0	0	False	inert	2017	1.1	1.0185185185185186
10.1021/acs.organomet.0c00727	PhMe	0.28	0.25	0.8928571428571428	tBuOK	0.275	No Catalyst		no	N2	0.0	85.0	24.0	4.0	inf	0	False	inert	2021	0.9821428571428572	1.1
10.1055/s-0036-1589064	PhMe	0.25	0.27	1.08	tBuOK	0.275	CoCl2*6H2O	Co	Bpy (10 mol%)	Ar	5.0	100.0	18.0	0.0	0.0	0	False	inert	2017	1.1	1.0185185185185186
10.1055/s-0036-1589064	DMF	0.25	0.27	1.08	tBuOK	0.275	CoCl2*6H2O	Co	PPh3 (10 mol%)	Ar	5.0	100.0	18.0	0.0	0.0	0	False	inert	2017	1.1	1.0185185185185186
10.1021/acs.organomet.0c00727	PhMe	0.28	0.25	0.8928571428571428	tBuOK	0.0	CoPPPNCl	Co	no	N2	3.0	105.0	24.0	85.0	28.33333333333333	0	True	inert	2021	0.0	0.0
10.1021/acs.orglett.5b03461	PhF	0.6	0.5	0.8333333333333334	no base	0.0	Co-PNP-pincer	Co	4A MS	Ar	2.0	85.0	48.0	51.0	25.5	0	False	inert	2015	0.0	0.0
10.1039/d0dt03748f	EtOH	1.0	1.0	1.0	tBuOK	0.5	CoNNN	Co	no	Ar	3.0	110.0	24.0	0.0	0.0	0	False	inert	2021	0.5	0.5
10.1021/acs.orglett.5b03461	PhMe	0.6	0.5	0.8333333333333334	no base	0.0	Co-PNP-pincer	Co	4A MS	Ar	2.0	80.0	48.0	49.0	24.5	0	False	inert	2015	0.0	0.0
10.1039/d0dt03748f	PhMe	1.0	1.0	1.0	tBuOK	0.5	CoNNN	Co	no	Ar	4.0	110.0	24.0	82.0	20.5	0	True	inert	2021	0.5	0.5
10.1039/d0dt03748f	MeCN	1.0	1.0	1.0	tBuOK	0.5	CoNNN	Co	PPh3	Ar	4.0	110.0	24.0	78.0	19.5	0	True	inert	2021	0.5	0.5
10.1039/d0dt03748f	p-xylene	1.0	1.0	1.0	tBuOK	0.5	CoNNN	Co	no	Ar	4.0	110.0	24.0	52.0	13.0	0	False	inert	2021	0.5	0.5
10.1039/d0dt03748f	benzene	1.0	1.0	1.0	tBuOK	0.5	CoNNN	Co	no	Ar	4.0	110.0	24.0	50.0	12.5	0	False	inert	2021	0.5	0.5
10.1021/acscatal.1c02956	hexane	0.5	0.5	1.0	tBuOK	0.5	Mo-NHC	Mo	no	N2	1.0	130.0	24.0	45.0	45.0	0	False	inert	2021	1.0	1.0
10.1021/acscatal.1c02956	THF	0.5	0.5	1.0	tBuOK	0.5	Mo-NHC	Mo	no	N2	1.0	130.0	24.0	30.0	30.0	0	False	inert	2021	1.0	1.0
10.1021/acscatal.1c02956	PhMe	0.5	0.5	1.0	tBuOK	0.5	Mo-NHC	Mo	no	N2	1.0	130.0	24.0	40.0	40.0	0	False	inert	2021	1.0	1.0
10.1021/acscatal.1c02956	dioxane	0.5	0.5	1.0	tBuOK	0.5	Mo-NHC	Mo	no	N2	1.0	130.0	24.0	29.0	29.0	0	False	inert	2021	1.0	1.0
10.1021/acscatal.1c02956	p-xylene	0.5	0.5	1.0	tBuOK	0.5	Mo-NHC	Mo	no	N2	1.0	130.0	24.0	25.0	25.0	0	False	inert	2021	1.0	1.0
10.1021/acscatal.1c02956	hexane	0.5	0.5	1.0	tBuONa	0.5	Mo-NHC	Mo	no	N2	1.0	130.0	24.0	41.0	41.0	0	False	inert	2021	1.0	1.0
10.1021/acscatal.1c02956	hexane	0.5	0.5	1.0	NaOH	0.5	Mo-NHC	Mo	no	N2	1.0	130.0	24.0	2.0	2.0	0	False	inert	2021	1.0	1.0
10.1021/acscatal.1c02956	hexane	0.5	0.5	1.0	KOH	0.5	Mo-NHC	Mo	no	N2	1.0	130.0	24.0	9.0	9.0	0	False	inert	2021	1.0	1.0
10.1021/acscatal.1c02956	hexane	0.5	0.5	1.0	Cs2CO3	0.5	Mo-NHC	Mo	no	N2	1.0	130.0	24.0	0.0	0.0	0	False	inert	2021	1.0	1.0
10.1021/acscatal.1c02956	hexane	0.6	0.5	0.8333333333333334	tBuOK	0.5	Mo-NHC	Mo	no	N2	1.0	130.0	24.0	47.0	47.0	0	False	inert	2021	0.8333333333333334	1.0
10.1021/acscatal.1c02956	hexane	0.5	0.55	1.1	tBuOK	0.5	Mo-NHC	Mo	no	N2	1.0	130.0	24.0	48.0	48.0	0	False	inert	2021	1.0	0.9090909090909092
10.1021/acscatal.1c02956	hexane	0.5	0.6	1.2	tBuOK	0.5	Mo-NHC	Mo	no	N2	1.0	130.0	24.0	55.0	55.0	0	False	inert	2021	1.0	0.8333333333333334
10.1021/acscatal.1c02956	hexane	0.5	0.65	1.3	tBuOK	0.5	Mo-NHC	Mo	no	N2	1.0	130.0	24.0	60.0	60.0	0	False	inert	2021	1.0	0.7692307692307692
10.1021/acscatal.1c02956	hexane	0.5	0.65	1.3	no base	0.0	Mo-NHC	Mo	no	N2	1.0	130.0	24.0	0.0	0.0	0	False	inert	2021	0.0	0.0
10.1021/acscatal.1c02956	hexane	0.5	0.65	1.3	tBuOK	0.25	Mo-NHC	Mo	no	N2	1.0	130.0	24.0	44.0	44.0	0	False	inert	2021	0.5	0.3846153846153846
10.1021/acscatal.1c02956	hexane	0.5	0.65	1.3	tBuOK	0.55	Mo-NHC	Mo	no	N2	1.0	130.0	24.0	68.0	68.0	0	True	inert	2021	1.1	0.8461538461538461
10.1021/acscatal.1c02956	hexane	0.5	0.65	1.3	tBuOK	0.55	Mo-NHC	Mo	no	N2	1.0	130.0	24.0	76.0	76.0	0	True	inert	2021	1.1	0.8461538461538461
10.1021/acscatal.1c02956	hexane	0.5	0.65	1.3	tBuOK	0.55	Mo-NHC	Mo	no	N2	2.0	130.0	24.0	85.0	42.5	0	True	inert	2021	1.1	0.8461538461538461
10.1021/acscatal.1c02956	hexane	0.5	0.65	1.3	tBuOK	0.55	Mo-NHC	Mo	no	N2	2.0	80.0	24.0	30.0	15.0	0	False	inert	2021	1.1	0.8461538461538461
10.1021/acscatal.1c02956	hexane	0.5	0.65	1.3	tBuOK	0.55	Mo-NHC	Mo	no	N2	2.0	110.0	24.0	50.0	25.0	0	False	inert	2021	1.1	0.8461538461538461
10.1021/acscatal.1c02956	hexane	0.5	0.65	1.3	tBuOK	0.55	Mo-NHC	Mo	no	N2	2.0	150.0	24.0	89.0	44.5	0	True	inert	2021	1.1	0.8461538461538461
10.1021/acscatal.9b05525	p-xylene	21.5	4.62	0.2148837209302325	no base	0.0	TiOH-80		no	N2		180.0	15.0	99.0		0	True	inert	2020	0.0	0.0
10.1021/acs.organomet.0c00233	neat	1.0	1.0	1.0	Na	0.75	NiNNN	Ni	no	Ar	0.02	140.0	72.0	22.0	1100.0	0	False	inert	2020	0.75	0.75
10.1021/acs.organomet.0c00233	neat	1.0	1.0	1.0	tBuOK	0.75	NiNNN	Ni	no	Ar	0.02	140.0	72.0	20.0	1000.0	0	False	inert	2020	0.75	0.75
10.1021/acs.organomet.0c00233	neat	1.0	1.0	1.0	NaH	0.75	NiNNN	Ni	no	Ar	0.02	140.0	72.0	20.0	1000.0	0	False	inert	2020	0.75	0.75
10.1021/acs.organomet.0c00233	neat	1.0	1.0	1.0	tBuONa	0.75	NiNNN	Ni	no	Ar	0.05	140.0	72.0	46.0	920.0	0	False	inert	2020	0.75	0.75
10.1021/acs.organomet.0c00233	neat	1.0	1.0	1.0	tBuONa	0.25	NiNNN	Ni	no	Ar	0.02	140.0	72.0	15.0	750.0	0	False	inert	2020	0.25	0.25
10.1021/acs.organomet.0c00233	THF	1.0	1.0	1.0	tBuONa	0.75	NiNNN	Ni	no	Ar	0.02	140.0	72.0	12.0	600.0	0	False	inert	2020	0.75	0.75
10.1021/acs.organomet.0c00233	neat	1.0	1.0	1.0	KOH	0.75	NiNNN	Ni	no	Ar	0.02	140.0	72.0	7.0	350.0	0	False	inert	2020	0.75	0.75
10.1021/acs.organomet.0c00233	neat	1.0	1.0	1.0	NaOH	0.75	NiNNN	Ni	no	Ar	0.02	140.0	72.0	2.0	100.0	0	False	inert	2020	0.75	0.75
10.1039/c8cy01200h	CyOMe	0.5	0.75	1.5	KOH	0.15	Ni(COD)2	Ni	0	Ar	3.0	140.0	18.0	99.0	33.0	0	True	inert	2018	0.3	0.1999999999999999
10.1039/c8cy01200h	CyOMe	0.5	0.75	1.5	KOH	0.15	Ni(COD)2	Ni	0	Ar	3.0	140.0	18.0	94.0	31.33333333333333	0	True	inert	2018	0.3	0.1999999999999999
10.1039/c8cy01200h	CyOMe	0.5	0.75	1.5	KOH	0.15	Ni(COD)2	Ni	0	non-inert	3.0	140.0	18.0	92.0	30.666666666666668	0	True	oxygen	2018	0.3	0.1999999999999999
10.1002/aoc.6032	PhMe	1.0	1.2	1.2	tBuOK	0.5	0		no	Ar	0.0	130.0	24.0	0.0		0	False	inert	2020	0.5	0.4166666666666667
10.1039/c8cy01200h	CyOMe	0.5	0.75	1.5	KOH	0.15	Ni NPs generated from Ni(COD)2	Ni	0	Ar	3.0	140.0	18.0	91.0	30.33333333333333	0	True	inert	2018	0.3	0.1999999999999999
10.1016/j.ica.2019.119358	PhMe	0.2	0.4	2.0	tBuOK	0.02	Mn(CO)3BrPyCH2NHR	Mn	no	Ar	2.0	140.0	24.0	20.0	10.0	0	False	inert	2019	0.0999999999999999	0.0499999999999999
10.1002/cctc.202100635	octane	0.5	0.75	1.5	tBuOK	0.25	Mn@NrGO	Mn	no	Ar	8.0	140.0	24.0	71.0	8.875	0	True	inert	2021	0.5	0.3333333333333333
10.1002/cctc.202100635	PhMe	0.5	0.75	1.5	tBuOK	0.5	Mn@NrGO	Mn	no	Ar	8.0	140.0	24.0	57.0	7.125	0	False	inert	2021	1.0	0.6666666666666666
10.1016/j.ica.2019.119358	neat	0.2	0.4	2.0	tBuOK	0.08	Mn(CO)3BrPyCH2NHR	Mn	no	Ar	2.0	140.0	24.0	12.0	6.0	0	False	inert	2019	0.3999999999999999	0.1999999999999999
10.1002/cctc.202100635	octane	0.5	0.75	1.5	tBuONa	0.5	Mn@NrGO	Mn	no	Ar	8.0	140.0	24.0	36.0	4.5	0	False	inert	2021	1.0	0.6666666666666666
10.1002/cctc.202100635	octane	0.5	0.75	1.5	KOH	0.5	Mn@NrGO	Mn	no	Ar	8.0	140.0	24.0	32.0	4.0	0	False	inert	2021	1.0	0.6666666666666666
10.1002/cctc.202100635	octane	0.5	0.75	1.5	K2CO3	0.5	Mn@NrGO	Mn	no	Ar	8.0	140.0	24.0	27.0	3.375	0	False	inert	2021	1.0	0.6666666666666666
10.1002/cctc.202100635	dioxane	0.5	0.75	1.5	tBuOK	0.5	Mn@NrGO	Mn	no	Ar	8.0	140.0	24.0	23.0	2.875	0	False	inert	2021	1.0	0.6666666666666666
10.1002/cctc.202100635	octane	0.5	0.75	1.5	Na2CO3	0.5	Mn@NrGO	Mn	no	Ar	8.0	140.0	24.0	14.0	1.75	0	False	inert	2021	1.0	0.6666666666666666
10.1016/j.ica.2019.119358	THF	0.2	0.4	2.0	tBuOK	0.08	Mn(CO)3BrPyCH2NHR	Mn	no	Ar	2.0	140.0	24.0	0.0	0.0	0	False	inert	2019	0.3999999999999999	0.1999999999999999
10.1016/j.ica.2019.119358	PhMe	0.2	0.4	2.0	tBuOLi	0.08	Mn(CO)3BrPyCH2NHR	Mn	no	Ar	2.0	140.0	24.0	0.0	0.0	0	False	inert	2019	0.3999999999999999	0.1999999999999999
10.1016/j.ica.2019.119358	PhMe	0.2	0.4	2.0	Cs2CO3	0.08	Mn(CO)3BrPyCH2NHR	Mn	no	Ar	2.0	140.0	24.0	0.0	0.0	0	False	inert	2019	0.3999999999999999	0.1999999999999999
10.1016/j.ica.2019.119358	PhMe	0.2	0.4	2.0	no base	0.0	Mn(CO)3BrPyCH2NHR	Mn	no	Ar	2.0	140.0	24.0	0.0	0.0	0	False	inert	2019	0.0	0.0
10.1002/cctc.202100635	THF	0.5	0.75	1.5	tBuOK	0.5	Mn@NrGO	Mn	no	Ar	8.0	140.0	24.0	0.0	0.0	0	False	inert	2021	1.0	0.6666666666666666
10.1002/cctc.202100635	octane	0.5	0.75	1.5	no base	0.0	Mn@NrGO	Mn	no	Ar	8.0	140.0	24.0	0.0	0.0	0	False	inert	2021	0.0	0.0
10.1002/cctc.202100635	octane	0.5	0.75	1.5	tBuOK	0.5	No Catalyst		no	Ar	8.0	140.0	24.0	18.0	2.25	0	False	inert	2021	1.0	0.6666666666666666
10.1002/cssc.202002830	PhMe	0.5	0.6	1.2	tBuOK	0.5	W(CO)6	W	no	N2	1.0	130.0	24.0	40.0	40.0	0	False	inert	2020	1.0	0.8333333333333334
10.1002/cssc.202002830	PhMe	0.5	0.6	1.2	tBuOK	0.5	W(CO)6	W	L(NN)	N2	1.0	130.0	24.0	58.0	58.0	0	False	inert	2020	1.0	0.8333333333333334
10.1002/cssc.202002830	PhMe	0.5	0.6	1.2	tBuOK	0.5	W(CO)6	W	L(NN)	N2	1.0	130.0	24.0	62.0	62.0	0	False	inert	2020	1.0	0.8333333333333334
10.1002/cssc.202002830	PhMe	0.5	0.6	1.2	tBuOK	0.5	W(CO)6	W	L(NN)	N2	1.0	130.0	24.0	74.0	74.0	0	True	inert	2020	1.0	0.8333333333333334
10.1002/cssc.202002830	PhMe	0.5	0.6	1.2	tBuOK	0.5	W(CO)6	W	L(NN)	N2	1.0	130.0	24.0	75.0	75.0	0	True	inert	2020	1.0	0.8333333333333334
10.1002/cssc.202002830	PhMe	0.5	0.6	1.2	tBuOK	0.5	W(CO)6	W	L(NN)	N2	1.0	130.0	24.0	71.0	71.0	0	True	inert	2020	1.0	0.8333333333333334
10.1002/cssc.202002830	PhMe	0.5	0.6	1.2	tBuOK	0.5	W(CO)6	W	Phen	N2	1.0	130.0	24.0	90.0	90.0	0	True	inert	2020	1.0	0.8333333333333334
10.1002/cssc.202002830	PhMe	0.5	0.6	1.2	tBuOK	0.5	W(CO)6	W	L(NN)	N2	1.0	130.0	24.0	62.0	62.0	0	False	inert	2020	1.0	0.8333333333333334
10.1002/cssc.202002830	PhMe	0.5	0.6	1.2	tBuOK	0.5	W(CO)6	W	L(NN)	N2	1.0	130.0	24.0	63.0	63.0	0	False	inert	2020	1.0	0.8333333333333334
10.1002/cssc.202002830	PhMe	0.5	0.6	1.2	tBuOK	0.5	W(CO)6	W	P(Cy)3	N2	1.0	130.0	24.0	68.0	68.0	0	True	inert	2020	1.0	0.8333333333333334
10.1002/cssc.202002830	PhMe	0.5	0.6	1.2	tBuOK	0.5	W(CO)6	W	PPh3	N2	1.0	130.0	24.0	44.0	44.0	0	False	inert	2020	1.0	0.8333333333333334
10.1002/cssc.202002830	PhMe	0.5	0.6	1.2	tBuONa	0.5	W(CO)6	W	Phen	N2	1.0	130.0	24.0	47.0	47.0	0	False	inert	2020	1.0	0.8333333333333334
10.1002/cssc.202002830	PhMe	0.5	0.6	1.2	KOH	0.5	W(CO)6	W	Phen	N2	1.0	130.0	24.0	8.0	8.0	0	False	inert	2020	1.0	0.8333333333333334
10.1002/cssc.202002830	PhMe	0.5	0.6	1.2	NaOH	0.5	W(CO)6	W	Phen	N2	1.0	130.0	24.0	22.0	22.0	0	False	inert	2020	1.0	0.8333333333333334
10.1002/cssc.202002830	PhMe	0.5	0.6	1.2	Cs2CO3	0.5	W(CO)6	W	Phen	N2	1.0	130.0	24.0	2.0	2.0	0	False	inert	2020	1.0	0.8333333333333334
10.1002/cssc.202002830	PhMe	0.5	0.6	1.2	K2CO3	0.5	W(CO)6	W	Phen	N2	1.0	130.0	24.0	0.0	0.0	0	False	inert	2020	1.0	0.8333333333333334
10.1002/cssc.202002830	PhMe	0.5	0.6	1.2	Na2CO3	0.5	W(CO)6	W	Phen	N2	1.0	130.0	24.0	0.0	0.0	0	False	inert	2020	1.0	0.8333333333333334
10.1002/cssc.202002830	dioxane	0.5	0.6	1.2	tBuOK	0.5	W(CO)6	W	Phen	N2	1.0	130.0	24.0	98.0	98.0	0	True	inert	2020	1.0	0.8333333333333334
10.1002/cssc.202002830	DMF	0.5	0.6	1.2	tBuOK	0.5	W(CO)6	W	Phen	N2	1.0	130.0	24.0	35.0	35.0	0	False	inert	2020	1.0	0.8333333333333334
10.1002/cssc.202002830	DMSO	0.5	0.6	1.2	tBuOK	0.5	W(CO)6	W	Phen	N2	1.0	130.0	24.0	5.0	5.0	0	False	inert	2020	1.0	0.8333333333333334
10.1002/cssc.202002830	DMA	0.5	0.6	1.2	tBuOK	0.5	W(CO)6	W	Phen	N2	1.0	130.0	24.0	44.0	44.0	0	False	inert	2020	1.0	0.8333333333333334
10.1002/cssc.202002830	MeCN	0.5	0.6	1.2	tBuOK	0.5	W(CO)6	W	Phen	N2	1.0	130.0	24.0	0.0	0.0	0	False	inert	2020	1.0	0.8333333333333334
10.1002/cssc.202002830	THF	0.5	0.6	1.2	tBuOK	0.5	W(CO)6	W	Phen	N2	1.0	130.0	24.0	89.0	89.0	0	True	inert	2020	1.0	0.8333333333333334
10.1002/cssc.202002830	AmOH	0.5	0.6	1.2	tBuOK	0.5	W(CO)6	W	Phen	N2	1.0	130.0	24.0	45.0	45.0	0	False	inert	2020	1.0	0.8333333333333334
10.1002/cssc.202002830	dioxane	0.5	0.6	1.2	tBuOK	0.5	W(CO)6	W	Phen	N2	0.5	130.0	24.0	71.0	142.0	0	True	inert	2020	1.0	0.8333333333333334
10.1002/cssc.202002830	dioxane	0.5	0.6	1.2	tBuOK	0.5	W(CO)6	W	Phen	N2	1.0	130.0	24.0	98.0	98.0	0	True	inert	2020	1.0	0.8333333333333334
10.1002/cssc.202002830	dioxane	0.5	0.6	1.2	tBuOK	0.5	W(CO)6	W	Phen	N2	1.0	130.0	24.0	68.0	68.0	0	True	inert	2020	1.0	0.8333333333333334
10.1002/cssc.202002830	dioxane	0.5	0.6	1.2	tBuOK	0.5	0		Phen	N2	1.0	130.0	24.0	27.0	27.0	0	False	inert	2020	1.0	0.8333333333333334
10.1002/cssc.202002830	dioxane	0.5	0.6	1.2	no base	0.0	W(CO)6	W	Phen	N2	1.0	130.0	24.0	0.0	0.0	0	False	inert	2020	0.0	0.0
10.1002/cssc.202002830	dioxane	0.5	0.6	1.2	tBuOK	0.25	W(CO)6	W	Phen	N2	1.0	130.0	24.0	42.0	42.0	0	False	inert	2020	0.5	0.4166666666666667
10.1002/cssc.202002830	dioxane	0.5	0.6	1.2	tBuOK	0.125	W(CO)6	W	Phen	N2	1.0	130.0	24.0	11.0	11.0	0	False	inert	2020	0.25	0.2083333333333333
10.1002/aoc.4704	PhMe	1.0	1.5	1.5	Cs2CO3	1.0	Ru-benzimidazole(p-cymene)	Ru	no	Ar	2.5	120.0	24.0	19.0	7.6	0	False	inert	2018	1.0	0.6666666666666666
10.1039/d0dt03748f	DMSO	1.0	1.0	1.0	tBuOK	0.5	CoNNN	Co	no	Ar	4.0	110.0	24.0	35.0	8.75	0	False	inert	2021	0.5	0.5
10.1039/d0dt03748f	DMF	1.0	1.0	1.0	tBuOK	0.5	CoNNN	Co	no	Ar	4.0	110.0	24.0	30.0	7.5	0	False	inert	2021	0.5	0.5
10.1039/d0dt03748f	THF	1.0	1.0	1.0	tBuOK	0.5	CoNNN	Co	no	Ar	4.0	110.0	24.0	0.0	0.0	0	False	inert	2021	0.5	0.5
10.1016/j.jorganchem.2020.121285	neat	1.0	2.0	2.0	tBuOK	1.0	CoNN	Co	no	Ar	1.5	120.0	24.0	47.43	31.62	0	False	inert	2020	1.0	0.5
10.1016/j.jorganchem.2020.121285	neat	1.0	2.0	2.0	tBuOK	1.0	CoNN	Co	no	Ar	2.5	120.0	24.0	72.0	28.8	0	True	inert	2020	1.0	0.5
10.1016/j.jorganchem.2020.121285	PhMe	1.0	2.0	2.0	tBuOK	1.0	CoNN	Co	no	Ar	2.5	120.0	24.0	29.67	11.868	0	False	inert	2020	1.0	0.5
10.1016/j.jorganchem.2020.121285	PhMe	1.0	2.0	2.0	tBuOK	1.0	CoNN	Co	no	Ar	1.5	120.0	24.0	15.86	10.573333333333332	0	False	inert	2020	1.0	0.5
10.1021/acs.orglett.5b03461	THF	0.6	0.5	0.8333333333333334	no base	0.0	Co-PNP-pincer	Co	4A MS	Ar	2.0	66.0	48.0	45.0	22.5	0	False	inert	2015	0.0	0.0
10.1016/j.tetlet.2011.01.059	neat	5.0	10.0	2.0	no base	0.0	Pd/Fe2O3	Pd	no	Ar	0.17	160.0	2.0	83.0	488.235294117647	0	True	inert	2011	0.0	0.0
10.1016/j.tetlet.2011.01.059	neat	2.0	6.0	3.0	no base	0.0	Pd/Fe2O3	Pd	no	Ar	0.43	160.0	2.0	90.0	209.30232558139537	0	True	inert	2011	0.0	0.0
10.1055/s-0030-1260238	PhMe	2.5	5.0	2.0	CsOH	2.5	Pd(Oac)2	Pd	no	Air?	1.0	170.0	12.0	98.0	98.0	0	True	oxygen	2011	1.0	0.5
10.1002/chem.200901501	CF3Ph/dodecane	3.0	1.0	0.3333333333333333	no base	0.0	PdPt/MgO	Pd,Pt	no	N2	0.8	180.0	0.25	80.0	100.0	0	True	inert	2009	0.0	0.0
10.1002/chem.200901501	CF3Ph/dodecane	3.0	1.0	0.3333333333333333	no base	0.0	Pd/MgO	Pd	no	N2	0.8	180.0	0.25	79.0	98.75	0	True	inert	2009	0.0	0.0
10.1039/c1ra00560j	p-xylene	2.0	1.0	0.5	no base	0.0	Cu2O	Cu	no	N2	1.0	155.0	0.5	0.0	0.0	0	False	inert	2011	0.0	0.0
10.1021/acs.organomet.6b00426	PhMe	1.0	1.0	1.0	no base	0.0	[Ru2Cl2(μ-Cl)2(η6-cym)2]	Ru	no	Ar	2.0	110.0	48.0	15.0	7.5	0	False	inert	2016	0.0	0.0
10.1002/ejic.201900191	neat	1.0	1.5	1.5	tBuOK	2.5	CymeneRuCl2	Ru	no	Ar	1.5	120.0	20.0	11.25	7.5	0	False	inert	2019	2.5	1.6666666666666667
10.1002/ejoc.201403636	DME	0.5	0.5	1.0	tBuOK	0.25	C6H6RuCl2	Ru	PTA	Air	2.5	55.0	15.0	16.08	6.432	0	False	oxygen	2015	0.5	0.5
10.1021/acs.inorgchem.9b03049	neat	1.0	1.2	1.2	tBuOLi	0.2	Ru-NHC	Ru	no	Ar	0.5	120.0	2.0	3.06	6.12	0	False	inert	2020	0.2	0.1666666666666666
10.1002/ejic.201701479	PhMe	1.1	1.0	0.9090909090909092	Cs2CO3	2.5	Ru(NHC(CH2)2OMeCl2	Ru	no	Ar	5.0	120.0	24.0	28.5	5.7	0	False	inert	2018	2.2727272727272725	2.5
10.1039/d1ob00362c	PhMe	1.0	1.0	1.0	tBuOK	1.0	No Catalyst		no	Ar	0.0	110.0	2.0	6.0	inf	0	False	inert	2021	1.0	1.0
10.1002/ejoc.201403636	PhMe	0.5	0.5	1.0	tBuOK	0.5	Ru3CO12	Ru	PTA	Air	2.5	55.0	40.0	13.6	5.44	0	False	oxygen	2015	1.0	1.0
10.1016/j.jcat.2009.01.020	mesitylene	0.25	0.38	1.52	no base	0.0	RuClx/Al2O3	Ru	no	Ar	5.0	132.0	5.0	22.0	4.4	0	False	inert	2009	0.0	0.0
10.1002/ejoc.201403636	PhMe	0.5	0.5	1.0	NaOH	0.25	C6H6RuCl2	Ru	PPh2(CH2)8PPh2	Air	2.5	55.0	15.0	9.31	3.724	0	False	oxygen	2015	0.5	0.5
10.1002/ejoc.201403636	PhMe	0.5	0.5	1.0	KOH	0.25	C6H6RuCl2	Ru	PPh2(CH2)8PPh2	Air	2.5	55.0	15.0	8.55	3.4200000000000004	0	False	oxygen	2015	0.5	0.5
10.1021/acs.organomet.6b00426	PhMe	1.0	1.0	1.0	no base	0.0	[Ru2Cl2(μ-Cl)2(η6-cym)2]	Ru	no	Ar	2.0	110.0	24.0	4.0	2.0	0	False	inert	2016	0.0	0.0
10.1002/adsc.201600141	DMF	1.1	1.0	0.9090909090909092	tBuONa	1.2	[RuCp*Cl2]n	Ru	benzotriazoleCH2C(O)NHCH(Me)COOMe	N2	2.0	153.0	48.0	4.0	2.0	0	False	inert	2016	1.0909090909090908	1.2
10.1002/adsc.201701117	dioxane	0.55	0.72	1.3090909090909089	tBuOK	0.1375	[Ru(cymene)Cl2]2	Ru	no	Ar	0.4	110.0	12.0	0.72	1.7999999999999998	0	False	inert	2017	0.25	0.1909722222222222
10.1007/s11243-019-00313-7	dioxane	1.0	1.0	1.0	tBuOK	0.5	Ru-NHC(p-cymene)Ar (2c)	Ru	no	Ar	1.0	100.0	24.0	1.56	1.56	0	False	inert	2019	0.5	0.5
10.1016/j.poly.2019.114234	dioxane	1.0	1.5	1.5	KOH	1.0	Ru-NHC (3e)	Ru	no	Ar	1.0	100.0	24.0	1.2	1.2	0	False	inert	2019	1.0	0.6666666666666666
10.1016/j.poly.2019.114234	dioxane	1.0	1.5	1.5	KOH	1.0	Ru-NHC (3e)	Ru	no	Ar	1.0	120.0	24.0	1.17	1.17	0	False	inert	2019	1.0	0.6666666666666666
10.1021/acs.organomet.6b00426	PhMe	1.0	1.0	1.0	no base	0.0	R-Cl2Ru-Ge(tBu)NtBuCPhNtBu	Ru	AgOTf	Ar	1.0	110.0	24.0	1.0	1.0	0	False	inert	2016	0.0	0.0
10.1016/j.jcat.2009.01.020	mesitylene	0.25	0.38	1.52	no base	0.0	Ru3(CO)12	Ru	no	Ar	5.0	132.0	5.0	3.0	0.6	0	False	inert	2009	0.0	0.0
10.1016/j.jcat.2009.01.020	mesitylene	0.25	0.38	1.52	no base	0.0	CymeneRuCl2	Ru	no	Ar	5.0	132.0	5.0	3.0	0.6	0	False	inert	2009	0.0	0.0
10.1007/s11243-019-00313-7	neat	1.0	1.5	1.5	tBuOK	1.0	Ru-NHC(p-cymene)Ar (2c)	Ru	no	Ar	2.5	120.0	24.0	0.81	0.324	0	False	inert	2019	1.0	0.6666666666666666
10.1016/j.catcom.2015.10.028	neat	1.0	1.6	1.6	no base	0.0	CymeneRuCl2	Ru	no	no data	1.0	120.0	15.0	0.2304	0.2304	0	False	no_data	2015	0.0	0.0
10.1021/acs.organomet.8b00908	PhMe	1.0	1.0	1.0	no base	0.0	C6H6-Se-Ru-N-anthracene-Cl	Ru	no	N2	0.5	25.0	6.0	0.0	0.0	0	False	inert	2019	0.0	0.0
10.1002/ejoc.201403636	PhMe	0.5	0.5	1.0	no base	0.0	CymeneRuCl2	Ru	Xantphos	Air	5.0	55.0	15.0	0.0	0.0	0	False	oxygen	2015	0.0	0.0
10.1002/ejoc.201403636	PhMe	0.5	0.5	1.0	tBuOK	0.25	CymeneRuCl2	Ru	Xantphos	Air	5.0	55.0	15.0	0.0	0.0	0	False	oxygen	2015	0.5	0.5
10.1002/ejoc.201403636	PhMe	0.5	0.5	1.0	tBuOK	0.25	Ru3CO12	Ru	PPh2(CH2)8PPh2	Air	2.5	55.0	15.0	0.0	0.0	0	False	oxygen	2015	0.5	0.5
10.1002/chem.200901501	CF3Ph/dodecane	3.0	1.0	0.3333333333333333	no base	0.0	Pd/HT	Pd	no	N2	0.8	180.0	0.25	49.0	61.25	0	False	inert	2009	0.0	0.0
10.1039/d1sc01681d	PhMe	0.3	0.33	1.1	tBuOK	0.36	(N,O)-PLY		no	N2	5.0	130.0	18.0	43.0	8.6	0	False	inert	2021	1.2	1.0909090909090908
10.1039/d1sc01681d	PhMe	0.3	0.33	1.1	tBuOK	0.36	(N,O)-PLY		no	N2	7.5	130.0	18.0	75.0	10.0	0	True	inert	2021	1.2	1.0909090909090908
10.1039/d1sc01681d	PhMe	0.3	0.33	1.1	tBuOK	0.36	(N,O)-PLY		no	N2	10.0	130.0	18.0	91.0	9.1	0	True	inert	2021	1.2	1.0909090909090908
10.1039/d1sc01681d	PhMe	0.3	0.33	1.1	tBuOK	0.36	(N,O)-PLY		no	N2	10.0	100.0	18.0	17.0	1.7	0	False	inert	2021	1.2	1.0909090909090908
10.1039/d1sc01681d	PhMe	0.3	0.33	1.1	tBuOK	0.36	(N,O)-PLY		no	N2	10.0	80.0	18.0	0.0	0.0	0	False	inert	2021	1.2	1.0909090909090908
10.1039/d1sc01681d	PhMe	0.3	0.33	1.1	tBuOK	0.3	(N,O)-PLY		no	N2	10.0	130.0	18.0	73.0	7.3	0	True	inert	2021	1.0	0.9090909090909092
10.1039/d1sc01681d	PhMe	0.3	0.33	1.1	tBuONa	0.36	(N,O)-PLY		no	N2	10.0	130.0	18.0	0.0	0.0	0	False	inert	2021	1.2	1.0909090909090908
10.1039/d1sc01681d	PhMe	0.3	0.33	1.1	tBuOLi	0.36	(N,O)-PLY		no	N2	10.0	130.0	18.0	36.0	3.6	0	False	inert	2021	1.2	1.0909090909090908
10.1039/d1sc01681d	THF	0.3	0.33	1.1	tBuOK	0.36	(N,O)-PLY		no	N2	10.0	130.0	18.0	15.0	1.5	0	False	inert	2021	1.2	1.0909090909090908
10.1039/d1sc01681d	MeCN	0.3	0.33	1.1	tBuOK	0.36	(N,O)-PLY		no	N2	10.0	130.0	18.0	0.0	0.0	0	False	inert	2021	1.2	1.0909090909090908
10.1039/d1sc01681d	PhMe	0.3	0.33	1.1	tBuOK	0.36	(N,O)-PLY		no	N2	10.0	130.0	8.0	23.0	2.3	0	False	inert	2021	1.2	1.0909090909090908
10.1039/d1sc01681d	PhMe	0.3	0.33	1.1	tBuOK	0.36	(N,O)-PLY		no	N2	10.0	130.0	16.0	77.0	7.7	0	True	inert	2021	1.2	1.0909090909090908
10.1039/d1sc01681d	PhMe	0.3	0.33	1.1	tBuOK	0.36	No Catalyst		no	N2	10.0	130.0	18.0	5.0	0.5	0	False	inert	2021	1.2	1.0909090909090908
10.1039/d1sc01681d	PhMe	0.3	0.33	1.1	no base	0.0	(N,O)-PLY		no	N2	10.0	130.0	18.0	0.0	0.0	0	False	inert	2021	0.0	0.0
10.1002/ejic.202000971	PhMe	2.0	1.0	0.5	tBuOK	2.0	Ppy		no	N2	0.0	100.0	24.0	10.0	inf	0	False	inert	2021	1.0	2.0
10.1002/ejic.202000971	PhMe	2.0	1.0	0.5	tBuOK	2.0	No Catalyst		no	N2	0.0	100.0	24.0	10.0	inf	0	False	inert	2021	1.0	2.0
10.1002/ejic.202000971	PhMe	2.0	1.0	0.5	tBuOK	2.0	Ppy		no	N2	0.0	100.0	24.0	60.0	inf	0	False	inert	2021	1.0	2.0
10.1016/s0040-4039(03)00371-x	PhMe	1.0	1.0	1.0	no base	0.0	Cp*IrCl2	Ir	no	Ar	5.0	110.0	17.0	30.0	6.0	0	False	inert	2003	0.0	0.0
10.1002/chem.201201845	PhMe	1.0	1.0	1.0	no base	0.0	Cp*IrCl2	Ir	AgBF4	Ar	1.0	110.0	14.0	5.0	5.0	0	False	inert	2012	0.0	0.0
10.1002/adsc.200700596	PhMe	0.5	0.5	1.0	tBuOK	0.25	[IrCODCl]2	Ir	PNP ligand (10 mol%)	Ar	10.0	110.0	24.0	78.0	7.8	THF stock soln	True	inert	2008	0.5	0.5
10.1002/cctc.201700678	H2O	1.0	1.0	1.0	no base	0.0	[Cp*IrCl2]2	Ir	no	N2	4.0	110.0	16.0	20.0	5.0	0	False	inert	2017	0.0	0.0
10.1002/adsc.200700596	diglyme	0.5	0.5	1.0	Cs2CO3	0.5	[IrCODCl]2	Ir	PNP ligand (2 mol%)	Ar	2.0	110.0	24.0	12.0	6.0	THF stock soln	False	inert	2008	1.0	1.0
10.1021/acs.organomet.6b00426	PhMe	1.0	1.0	1.0	no base	0.0	[Ir2Cl2(μ-Cl)2(η5-Cp*)2]	Ir	no	Ar	2.0	110.0	48.0	5.0	2.5	0	False	inert	2016	0.0	0.0
10.1002/ejoc.202000229	PhMe	2.0	1.0	0.5	no base	0.0	Cs(OTf)2	Cs	no	air	5.0	160.0	2.0	0.0	0.0	microwave	False	oxygen	2020	0.0	0.0
10.1002/ejoc.202000229	PhMe	2.0	1.0	0.5	no base	0.0	Zn(OTf)2	Zn	no	air	5.0	160.0	2.0	0.0	0.0	microwave	False	oxygen	2020	0.0	0.0
10.1002/ejoc.202000229	PhMe	2.0	1.0	0.5	no base	0.0	Cu(Otf)2	Cu	no	air	5.0	160.0	2.0	0.0	0.0	microwave	False	oxygen	2020	0.0	0.0
10.1002/ejoc.202000229	PhMe	2.0	1.0	0.5	no base	0.0	Ca(OTf)2	Ca	no	air	5.0	160.0	2.0	0.0	0.0	microwave	False	oxygen	2020	0.0	0.0
10.1002/ejoc.202000229	PhMe	2.0	1.0	0.5	no base	0.0	Y(Otf)2	Y	no	air	5.0	160.0	2.0	6.0	1.2	microwave	False	oxygen	2020	0.0	0.0
10.1002/ejoc.202000229	PhMe	2.0	1.0	0.5	no base	0.0	Sc(OTf)2	Sc	no	air	5.0	160.0	2.0	6.0	1.2	microwave	False	oxygen	2020	0.0	0.0
10.1002/ejoc.202000229	PhMe	2.0	1.0	0.5	no base	0.0	La(OTf)2	La	no	air	5.0	160.0	2.0	6.0	1.2	microwave	False	oxygen	2020	0.0	0.0
10.1002/ejoc.202000229	PhMe	2.0	1.0	0.5	no base	0.0	Al(OTf)2	Al	no	air	5.0	160.0	2.0	17.0	3.4	microwave	False	oxygen	2020	0.0	0.0
10.1039/c003410j	PhMe	1.2	1.0	0.8333333333333334	DABCO	2.0	Fe-HMS	Fe	no	no data	27.0	160.0	1.0	42.5	1.5740740740740742	MW	False	no_data	2010	1.6666666666666667	2.0
10.1002/ejoc.202000229	PhMe	2.0	1.0	0.5	no base	0.0	Bi(OTf)3	Bi	no	air	5.0	160.0	2.0	49.0	9.8	microwave	False	oxygen	2020	0.0	0.0
10.1002/ejoc.202000229	PhMe	2.0	1.0	0.5	no base	0.0	HNTf2		no	air	5.0	160.0	2.0	0.0	0.0	microwave	False	oxygen	2020	0.0	0.0
10.1002/ejoc.202000229	PhMe	2.0	1.0	0.5	no base	0.0	Ba(NTf2)2	Ba	no	air	5.0	160.0	2.0	0.0	0.0	microwave	False	oxygen	2020	0.0	0.0
10.1002/ejoc.202000229	PhMe	2.0	1.0	0.5	no base	0.0	Cd(NTf2)2	Cd	no	air	5.0	160.0	2.0	0.0	0.0	microwave	False	oxygen	2020	0.0	0.0
10.1002/ejoc.202000229	PhMe	2.0	1.0	0.5	no base	0.0	Sr(NTf2)2	Se	no	air	5.0	160.0	2.0	0.0	0.0	microwave	False	oxygen	2020	0.0	0.0
10.1021/acs.organomet.0c00233	PhMe	1.0	1.0	1.0	tBuONa	0.75	NiNNN	Ni	no	Ar	2.0	140.0	72.0	60.0	30.0	0	False	inert	2020	0.75	0.75
10.1002/ejoc.202000229	PhMe	2.0	1.0	0.5	no base	0.0	K(NTf2)	K	no	air	5.0	160.0	2.0	0.0	0.0	microwave	False	oxygen	2020	0.0	0.0
10.1002/ejoc.202000229	PhMe	2.0	1.0	0.5	no base	0.0	Cu(NTf2)2	Cu	no	air	5.0	160.0	2.0	0.0	0.0	microwave	False	oxygen	2020	0.0	0.0
10.1002/ejoc.202000229	PhMe	2.0	1.0	0.5	no base	0.0	Ca(NTf2)2	Ca	no	air	5.0	160.0	2.0	0.0	0.0	microwave	False	oxygen	2020	0.0	0.0
10.1002/ejoc.202000229	PhMe	2.0	1.0	0.5	no base	0.0	Li(NTf2)	Li	no	air	5.0	160.0	2.0	0.0	0.0	microwave	False	oxygen	2020	0.0	0.0
10.1002/ejoc.202000229	PhMe	2.0	1.0	0.5	no base	0.0	Cs(NTf2)	Cs	no	air	5.0	160.0	2.0	0.0	0.0	microwave	False	oxygen	2020	0.0	0.0
10.1002/ejoc.202000229	PhMe	2.0	1.0	0.5	no base	0.0	Mg(NTf2)2	Mg	no	air	5.0	160.0	2.0	5.0	1.0	microwave	False	oxygen	2020	0.0	0.0
10.1021/acs.organomet.6b00426	PhMe	1.0	1.0	1.0	no base	0.0	[Ir2Cl2(μ-Cl)2(η5-Cp*)2]	Ir	no	Ar	2.0	110.0	24.0	3.0	1.5	0	False	inert	2016	0.0	0.0
10.1002/ejoc.202000229	PhMe	2.0	1.0	0.5	no base	0.0	Zn(NTf2)2	Zn	no	air	5.0	160.0	2.0	9.0	1.8	microwave	False	oxygen	2020	0.0	0.0
10.1021/jo200559h	neat	1.0	2.0	2.0	KOH	1.3	Co(OH)2-Fe3O4	Co	no	Ar	1.4	130.0	96.0	48.0	34.285714285714285	0	False	inert	2011	1.3	0.65
10.1002/ejoc.202000229	PhMe	2.0	1.0	0.5	no base	0.0	Mn(NTf2)2	Mn	no	air	5.0	160.0	2.0	25.0	5.0	microwave	False	oxygen	2020	0.0	0.0
10.1002/ejoc.202000229	PhMe	2.0	1.0	0.5	no base	0.0	Ce(NTf2)s	Ce	no	air	5.0	160.0	2.0	29.0	5.8	microwave	False	oxygen	2020	0.0	0.0
10.1039/c003410j	PhMe	1.2	1.0	0.8333333333333334	tBuONa	2.0	Fe-HMS	Fe	no	no data	54.0	160.0	1.0	54.27	1.005	MW	False	no_data	2010	1.6666666666666667	2.0
10.1002/ejoc.202000229	PhMe	2.0	1.0	0.5	no base	0.0	Y(NTf2)3	Y	no	air	5.0	160.0	2.0	37.0	7.4	microwave	False	oxygen	2020	0.0	0.0
10.1002/ejoc.202000229	PhMe	2.0	1.0	0.5	no base	0.0	In(NTf2)3	In	no	air	5.0	160.0	2.0	37.0	7.4	microwave	False	oxygen	2020	0.0	0.0
10.1002/ejoc.202000229	PhMe	2.0	1.0	0.5	no base	0.0	La(NTf2)3	La	no	air	5.0	160.0	2.0	46.0	9.2	microwave	False	oxygen	2020	0.0	0.0
10.1002/ejoc.202000229	PhMe	2.0	1.0	0.5	no base	0.0	Ga(NTf2)3	Ga	no	air	5.0	160.0	2.0	48.0	9.6	microwave	False	oxygen	2020	0.0	0.0
10.1002/ejoc.202000229	PhMe	2.0	1.0	0.5	no base	0.0	Cr(NTf2)3	Cr	no	air	5.0	160.0	2.0	49.0	9.8	microwave	False	oxygen	2020	0.0	0.0
10.1002/ejoc.202000229	PhMe	2.0	1.0	0.5	no base	0.0	Sc(NTf2)3	Sc	no	air	5.0	160.0	2.0	51.0	10.2	microwave	False	oxygen	2020	0.0	0.0
10.1002/ejoc.202000229	PhMe	2.0	1.0	0.5	no base	0.0	Bi(NTf2)3	Bi	no	air	5.0	160.0	2.0	51.0	10.2	microwave	False	oxygen	2020	0.0	0.0
10.1002/ejoc.202000229	PhMe	2.0	1.0	0.5	no base	0.0	AI(NTf2)5	Al	no	air	5.0	160.0	2.0	52.0	10.4	microwave	False	oxygen	2020	0.0	0.0
10.1002/ejoc.202000229	PhMe	2.0	1.0	0.5	no base	0.0	Ho(NTf2)3	Ho	no	air	5.0	160.0	2.0	58.0	11.6	microwave	False	oxygen	2020	0.0	0.0
10.1002/ejoc.202000229	PhMe	2.0	1.0	0.5	no base	0.0	Sm(NTf2)3	Sm	no	air	5.0	160.0	2.0	59.0	11.8	microwave	False	oxygen	2020	0.0	0.0
10.1002/ejoc.202000229	PhMe	2.0	1.0	0.5	no base	0.0	Gd(NTf2)3	Gd	no	air	5.0	160.0	2.0	67.0	13.4	microwave	True	oxygen	2020	0.0	0.0
10.1002/ejoc.202000229	PhMe	2.0	1.0	0.5	no base	0.0	Sb(NTf2)3	Sb	no	air	5.0	160.0	2.0	72.0	14.4	microwave	True	oxygen	2020	0.0	0.0
10.1002/ejoc.202000229	PhMe	2.0	1.0	0.5	no base	0.0	Nd(NTf2)3	Nd	no	air	5.0	160.0	2.0	73.0	14.6	microwave	True	oxygen	2020	0.0	0.0
10.1002/ejoc.202000229	PhMe	2.0	1.0	0.5	no base	0.0	Ti(NTf2)4	Ti	no	air	5.0	160.0	2.0	78.0	15.6	microwave	True	oxygen	2020	0.0	0.0
10.1002/ejoc.202000229	PhMe	2.0	1.0	0.5	no base	0.0	Pr(NTf2)3	Pr	no	air	5.0	160.0	2.0	80.0	16.0	microwave	True	oxygen	2020	0.0	0.0
10.1002/ejoc.202000229	PhMe	2.0	1.0	0.5	no base	0.0	Eu(NTf2)2	Eu	no	air	5.0	160.0	2.0	87.0	17.4	microwave	True	oxygen	2020	0.0	0.0
10.1002/ejoc.202000229	PhMe	2.0	1.0	0.5	no base	0.0	Yb(NTf2)2	Yb	no	air	5.0	160.0	2.0	88.0	17.6	microwave	True	oxygen	2020	0.0	0.0
10.1002/ejoc.202000413	PhMe	2.0	1.0	0.5	no base	0.0	Ti(NTf2)4	Ti	no	air	5.0	160.0	2.0	69.0	13.8	microwave	True	oxygen	2020	0.0	0.0
10.1002/ejoc.202000413	PhMe	2.0	1.0	0.5	no base	0.0	Ti(NTf2)4	Ti	5 mol% bipy	air	5.0	160.0	2.0	61.0	12.2	microwave	False	oxygen	2020	0.0	0.0
10.1002/ejoc.202000413	PhMe	2.0	1.0	0.5	no base	0.0	Ti(NTf2)4	Ti	10 mol% bipy	air	5.0	160.0	2.0	93.0	18.6	microwave	True	oxygen	2020	0.0	0.0
10.1002/ejoc.202000413	PhMe	2.0	1.0	0.5	no base	0.0	Ti(NTf2)4	Ti	15 mol% bipy	air	5.0	160.0	2.0	57.0	11.4	microwave	False	oxygen	2020	0.0	0.0
10.1002/ejoc.202000413	PhMe	2.0	1.0	0.5	no base	0.0	Ti(NTf2)4	Ti	phen	air	5.0	160.0	2.0	93.0	18.6	microwave	True	oxygen	2020	0.0	0.0
10.1002/ejoc.202000413	PhMe	2.0	1.0	0.5	no base	0.0	Ti(NTf2)4	Ti	10 mol% bipy	air	7.5	160.0	2.0	96.0	12.8	microwave	True	oxygen	2020	0.0	0.0
10.1002/ejoc.202000413	PhMe	2.0	1.0	0.5	Cs2CO3	0.1	Ti(NTf2)4	Ti	10 mol% bipy	air	5.0	160.0	2.0	0.0	0.0	microwave	False	oxygen	2020	0.05	0.1
10.1002/ejoc.202000413	PhMe	2.0	1.0	0.5	NaHCO3	0.1	Ti(NTf2)4	Ti	10 mol% bipy	air	5.0	160.0	2.0	3.0	0.6	microwave	False	oxygen	2020	0.05	0.1
10.1039/c003410j	PhMe	1.2	1.0	0.8333333333333334	DABCO	2.0	Fe-MCM-41	Fe	no	no data	23.0	160.0	1.0	22.5	0.9782608695652174	MW	False	no_data	2010	1.6666666666666667	2.0
10.1039/c003410j	PhMe	1.2	1.0	0.8333333333333334	DABCO	2.0	Fe-cellulose	Fe	no	no data	20.0	160.0	1.0	18.0	0.9	MW	False	no_data	2010	1.6666666666666667	2.0
10.1039/c003410j	PhMe	1.2	1.0	0.8333333333333334	tBuONa	2.0	Fe-HMS	Fe	no	no data	13.5	160.0	1.0	12.0	0.8888888888888888	MW	False	no_data	2010	1.6666666666666667	2.0
10.1039/c003410j	PhMe	1.2	1.0	0.8333333333333334	tBuONa	2.0	Fe-Chitosan	Fe	no	no data	26.0	160.0	1.0	20.0	0.7692307692307693	MW	False	no_data	2010	1.6666666666666667	2.0
10.1039/c003410j	PhMe	1.2	1.0	0.8333333333333334	tBuONa	2.0	Fe-HMS	Fe	no	no data	27.0	160.0	1.0	20.3	0.7518518518518519	MW	False	no_data	2010	1.6666666666666667	2.0
10.1039/c003410j	PhMe	1.2	1.0	0.8333333333333334	tBuONa	2.0	Fe-HMS	Fe	no	no data	40.5	160.0	1.0	30.0	0.7407407407407407	MW	False	no_data	2010	1.6666666666666667	2.0
10.1039/c003410j	PhMe	1.2	1.0	0.8333333333333334	DABCO	2.0	Fe-clay	Fe	no	no data	31.0	160.0	1.0	11.0	0.3548387096774194	MW	False	no_data	2010	1.6666666666666667	2.0
10.1039/c003410j	PhMe	1.2	1.0	0.8333333333333334	tBuONa	2.0	Fe-cellulose	Fe	no	no data	20.0	160.0	1.0	5.7	0.285	MW	False	no_data	2010	1.6666666666666667	2.0
10.1039/c003410j	PhMe	1.2	1.0	0.8333333333333334	tBuONa	2.0	Fe-HMS	Fe	no	no data	27.0	160.0	0.5	6.75	0.25	MW	False	no_data	2010	1.6666666666666667	2.0
10.1039/c003410j	PhMe	1.2	1.0	0.8333333333333334	tBuONa	2.0	Fe-MCM-41	Fe	no	no data	23.0	160.0	1.0	5.1	0.2217391304347826	MW	False	no_data	2010	1.6666666666666667	2.0
10.1039/c003410j	PhMe	1.2	1.0	0.8333333333333334	tBuONa	2.0	Fe-clay	Fe	no	no data	31.0	160.0	1.0	2.2	0.0709677419354838	MW	False	no_data	2010	1.6666666666666667	2.0
10.1039/d0cc04831c	dioxane	0.6	1.0	1.6666666666666667	tBuOK	0.8	PhCN		no	N2	83.0	25.0	15.0	0.0	0.0	0	False	inert	2020	1.3333333333333337	0.8
10.1039/d0cc04831c	dioxane	0.6	1.0	1.6666666666666667	tBuOK	0.8	PhCN		no	N2	83.0	40.0	15.0	0.0	0.0	0	False	inert	2020	1.3333333333333337	0.8
10.1039/d0cc04831c	dioxane	0.6	1.0	1.6666666666666667	tBuOK	0.8	PhCN		no	N2	83.0	60.0	15.0	0.0	0.0	0	False	inert	2020	1.3333333333333337	0.8
10.1039/d0cc04831c	dioxane	0.6	1.0	1.6666666666666667	tBuOK	0.8	PhCN		no	N2	83.0	80.0	15.0	21.0	0.253012048192771	0	False	inert	2020	1.3333333333333337	0.8
10.1039/d0cc04831c	dioxane	0.6	1.0	1.6666666666666667	tBuOK	0.8	PhCN		no	N2	83.0	100.0	15.0	52.0	0.6265060240963856	0	False	inert	2020	1.3333333333333337	0.8
10.1039/d0cc04831c	dioxane	0.6	1.0	1.6666666666666667	tBuOK	0.8	PhCN		no	N2	83.0	120.0	15.0	95.0	1.144578313253012	0	True	inert	2020	1.3333333333333337	0.8
10.1039/d0cc04831c	dioxane	0.6	1.0	1.6666666666666667	tBuOK	0.8	PhCN		no	N2	83.0	130.0	15.0	94.0	1.1325301204819278	0	True	inert	2020	1.3333333333333337	0.8
10.1039/d0cc04831c	dioxane	0.6	1.0	1.6666666666666667	tBuOK	0.8	PhCN		no	N2	83.0	140.0	15.0	88.0	1.0602409638554218	0	True	inert	2020	1.3333333333333337	0.8
10.1039/d0cc04831c	dioxane	0.6	1.0	1.6666666666666667	tBuOK	0.8	PhCN		no	N2	83.0	150.0	15.0	62.0	0.7469879518072289	0	False	inert	2020	1.3333333333333337	0.8
10.1039/d0cc04831c	dioxane	0.6	1.0	1.6666666666666667	tBuOK	0.8	PhCN		no	N2	83.0	160.0	15.0	41.0	0.4939759036144578	0	False	inert	2020	1.3333333333333337	0.8
10.1039/d0cc04831c	dioxane	0.6	1.0	1.6666666666666667	tBuOK	0.8	PhCN		no	N2	83.0	180.0	15.0	5.0	0.0602409638554216	0	False	inert	2020	1.3333333333333337	0.8
10.1039/d0cc04831c	dioxane	0.6	1.0	1.6666666666666667	Li2CO3	0.8	PhCN		no	N2	83.0	120.0	15.0	0.0	0.0	0	False	inert	2020	1.3333333333333337	0.8
10.1039/d0cc04831c	dioxane	0.6	1.0	1.6666666666666667	LiOH	0.8	PhCN		no	N2	83.0	120.0	15.0	0.0	0.0	0	False	inert	2020	1.3333333333333337	0.8
10.1039/d0cc04831c	dioxane	0.6	1.0	1.6666666666666667	tBuOLi	0.8	PhCN		no	N2	83.0	120.0	15.0	0.0	0.0	0	False	inert	2020	1.3333333333333337	0.8
10.1039/d0cc04831c	dioxane	0.6	1.0	1.6666666666666667	LiHMDS	0.8	PhCN		no	N2	83.0	120.0	15.0	0.0	0.0	0	False	inert	2020	1.3333333333333337	0.8
10.1039/d0cc04831c	dioxane	0.6	1.0	1.6666666666666667	LDA	0.8	PhCN		no	N2	83.0	120.0	15.0	0.0	0.0	0	False	inert	2020	1.3333333333333337	0.8
10.1039/d0cc04831c	dioxane	0.6	1.0	1.6666666666666667	Na2CO3	0.8	PhCN		no	N2	83.0	120.0	15.0	0.0	0.0	0	False	inert	2020	1.3333333333333337	0.8
10.1039/d0cc04831c	dioxane	0.6	1.0	1.6666666666666667	NaOH	0.8	PhCN		no	N2	83.0	120.0	15.0	0.0	0.0	0	False	inert	2020	1.3333333333333337	0.8
10.1039/d0cc04831c	dioxane	0.6	1.0	1.6666666666666667	tBuONa	0.8	PhCN		no	N2	83.0	120.0	15.0	15.0	0.180722891566265	0	False	inert	2020	1.3333333333333337	0.8
10.1039/d0cc04831c	dioxane	0.6	1.0	1.6666666666666667	NaHMDS	0.8	PhCN		no	N2	83.0	120.0	15.0	0.0	0.0	0	False	inert	2020	1.3333333333333337	0.8
10.1039/d0cc04831c	dioxane	0.6	1.0	1.6666666666666667	NaHCO3	0.8	PhCN		no	N2	83.0	120.0	15.0	0.0	0.0	0	False	inert	2020	1.3333333333333337	0.8
10.1039/d0cc04831c	dioxane	0.6	1.0	1.6666666666666667	NaH	0.8	PhCN		no	N2	83.0	120.0	15.0	0.0	0.0	0	False	inert	2020	1.3333333333333337	0.8
10.1039/d0cc04831c	dioxane	0.6	1.0	1.6666666666666667	NaNH2	0.8	PhCN		no	N2	83.0	120.0	15.0	0.0	0.0	0	False	inert	2020	1.3333333333333337	0.8
10.1039/d0cc04831c	dioxane	0.6	1.0	1.6666666666666667	NaOAc	0.8	PhCN		no	N2	83.0	120.0	15.0	0.0	0.0	0	False	inert	2020	1.3333333333333337	0.8
10.1039/d0cc04831c	dioxane	0.6	1.0	1.6666666666666667	K2CO3	0.8	PhCN		no	N2	83.0	120.0	15.0	0.0	0.0	0	False	inert	2020	1.3333333333333337	0.8
10.1039/d0cc04831c	dioxane	0.6	1.0	1.6666666666666667	KHCO3	0.8	PhCN		no	N2	83.0	120.0	15.0	0.0	0.0	0	False	inert	2020	1.3333333333333337	0.8
10.1039/d0cc04831c	dioxane	0.6	1.0	1.6666666666666667	K3PO4	0.8	PhCN		no	N2	83.0	120.0	15.0	0.0	0.0	0	False	inert	2020	1.3333333333333337	0.8
10.1039/d0cc04831c	dioxane	0.6	1.0	1.6666666666666667	KOH	0.8	PhCN		no	N2	83.0	120.0	15.0	0.0	0.0	0	False	inert	2020	1.3333333333333337	0.8
10.1039/d0cc04831c	dioxane	0.6	1.0	1.6666666666666667	KHMDS	0.8	PhCN		no	N2	83.0	120.0	15.0	86.0	1.036144578313253	0	True	inert	2020	1.3333333333333337	0.8
10.1039/d0cc04831c	dioxane	0.6	1.0	1.6666666666666667	KH	0.8	PhCN		no	N2	83.0	120.0	15.0	73.0	0.8795180722891566	0	True	inert	2020	1.3333333333333337	0.8
10.1039/d0cc04831c	dioxane	0.6	1.0	1.6666666666666667	Cs2CO3	0.8	PhCN		no	N2	83.0	120.0	15.0	0.0	0.0	0	False	inert	2020	1.3333333333333337	0.8
10.1039/d0cc04831c	dioxane	0.6	1.0	1.6666666666666667	CsOH	0.8	PhCN		no	N2	83.0	120.0	15.0	0.0	0.0	0	False	inert	2020	1.3333333333333337	0.8
10.1039/d0cc04831c	dioxane	0.6	1.0	1.6666666666666667	tBuOCs	0.8	PhCN		no	N2	83.0	120.0	15.0	0.0	0.0	0	False	inert	2020	1.3333333333333337	0.8
10.1039/d0cc04831c	dioxane	0.6	1.0	1.6666666666666667	Pyridine	0.8	PhCN		no	N2	83.0	120.0	15.0	0.0	0.0	0	False	inert	2020	1.3333333333333337	0.8
10.1039/d0cc04831c	dioxane	0.6	1.0	1.6666666666666667	DBU	0.8	PhCN		no	N2	83.0	120.0	15.0	0.0	0.0	0	False	inert	2020	1.3333333333333337	0.8
10.1039/d0cc04831c	dioxane	0.6	1.0	1.6666666666666667	TMEDA	0.8	PhCN		no	N2	83.0	120.0	15.0	0.0	0.0	0	False	inert	2020	1.3333333333333337	0.8
10.1039/d0cc04831c	dioxane	0.6	1.0	1.6666666666666667	DABCO	0.8	PhCN		no	N2	83.0	120.0	15.0	0.0	0.0	0	False	inert	2020	1.3333333333333337	0.8
10.1039/d0cc04831c	dioxane	0.6	1.0	1.6666666666666667	DMAP	0.8	PhCN		no	N2	83.0	120.0	15.0	0.0	0.0	0	False	inert	2020	1.3333333333333337	0.8
10.1039/d0cc04831c	dioxane	0.6	1.0	1.6666666666666667	no base	0.0	PhCN		no	N2	83.0	120.0	15.0	0.0	0.0	0	False	inert	2020	0.0	0.0
10.1039/d0cc04831c	dioxane	0.6	1.0	1.6666666666666667	Et3N	0.8	PhCN		no	N2	83.0	120.0	15.0	0.0	0.0	0	False	inert	2020	1.3333333333333337	0.8
10.1039/d0cc04831c	p-xylene	0.6	1.0	1.6666666666666667	tBuOK	0.8	PhCN		no	N2	83.0	120.0	15.0	49.0	0.5903614457831325	0	False	inert	2020	1.3333333333333337	0.8
10.1039/d0cc04831c	PhMe	0.6	1.0	1.6666666666666667	tBuOK	0.8	PhCN		no	N2	83.0	120.0	15.0	64.0	0.7710843373493976	0	False	inert	2020	1.3333333333333337	0.8
10.1039/d0cc04831c	benzene	0.6	1.0	1.6666666666666667	tBuOK	0.8	PhCN		no	N2	83.0	120.0	15.0	56.0	0.6746987951807228	0	False	inert	2020	1.3333333333333337	0.8
10.1039/d0cc04831c	anisole	0.6	1.0	1.6666666666666667	tBuOK	0.8	PhCN		no	N2	83.0	120.0	15.0	82.0	0.9879518072289156	0	True	inert	2020	1.3333333333333337	0.8
10.1039/d0cc04831c	THF	0.6	1.0	1.6666666666666667	tBuOK	0.8	PhCN		no	N2	83.0	120.0	15.0	36.0	0.4337349397590361	0	False	inert	2020	1.3333333333333337	0.8
10.1039/d0cc04831c	2-MeTHF	0.6	1.0	1.6666666666666667	tBuOK	0.8	PhCN		no	N2	83.0	120.0	15.0	74.0	0.891566265060241	0	True	inert	2020	1.3333333333333337	0.8
10.1039/d0cc04831c	diglyme	0.6	1.0	1.6666666666666667	tBuOK	0.8	PhCN		no	N2	83.0	120.0	15.0	58.0	0.6987951807228916	0	False	inert	2020	1.3333333333333337	0.8
10.1039/d0cc04831c	MeOH	0.6	1.0	1.6666666666666667	tBuOK	0.8	PhCN		no	N2	83.0	120.0	15.0	0.0	0.0	0	False	inert	2020	1.3333333333333337	0.8
10.1039/d0cc04831c	EtOH	0.6	1.0	1.6666666666666667	tBuOK	0.8	PhCN		no	N2	83.0	120.0	15.0	0.0	0.0	0	False	inert	2020	1.3333333333333337	0.8
10.1039/d0cc04831c	iPrOH	0.6	1.0	1.6666666666666667	tBuOK	0.8	PhCN		no	N2	83.0	120.0	15.0	0.0	0.0	0	False	inert	2020	1.3333333333333337	0.8
10.1039/d0cc04831c	tBuOH	0.6	1.0	1.6666666666666667	tBuOK	0.8	PhCN		no	N2	83.0	120.0	15.0	0.0	0.0	0	False	inert	2020	1.3333333333333337	0.8
10.1039/d0cc04831c	tAmOH	0.6	1.0	1.6666666666666667	tBuOK	0.8	PhCN		no	N2	83.0	120.0	15.0	7.0	0.0843373493975903	0	False	inert	2020	1.3333333333333337	0.8
10.1039/d0cc04831c	DCM	0.6	1.0	1.6666666666666667	tBuOK	0.8	PhCN		no	N2	83.0	120.0	15.0	0.0	0.0	0	False	inert	2020	1.3333333333333337	0.8
10.1039/d0cc04831c	DCE	0.6	1.0	1.6666666666666667	tBuOK	0.8	PhCN		no	N2	83.0	120.0	15.0	0.0	0.0	0	False	inert	2020	1.3333333333333337	0.8
10.1039/d0cc04831c	CHCl3	0.6	1.0	1.6666666666666667	tBuOK	0.8	PhCN		no	N2	83.0	120.0	15.0	0.0	0.0	0	False	inert	2020	1.3333333333333337	0.8
10.1039/d0cc04831c	MeNO2	0.6	1.0	1.6666666666666667	tBuOK	0.8	PhCN		no	N2	83.0	120.0	15.0	0.0	0.0	0	False	inert	2020	1.3333333333333337	0.8
10.1039/d0cc04831c	NMP	0.6	1.0	1.6666666666666667	tBuOK	0.8	PhCN		no	N2	83.0	120.0	15.0	32.0	0.3855421686746988	0	False	inert	2020	1.3333333333333337	0.8
10.1039/d0cc04831c	DMSO	0.6	1.0	1.6666666666666667	tBuOK	0.8	PhCN		no	N2	83.0	120.0	15.0	33.0	0.3975903614457831	0	False	inert	2020	1.3333333333333337	0.8
10.1039/d0cc04831c	DMF	0.6	1.0	1.6666666666666667	tBuOK	0.8	PhCN		no	N2	83.0	120.0	15.0	7.0	0.0843373493975903	0	False	inert	2020	1.3333333333333337	0.8
10.1039/d0cc04831c	DMA	0.6	1.0	1.6666666666666667	tBuOK	0.8	PhCN		no	N2	83.0	120.0	15.0	6.0	0.072289156626506	0	False	inert	2020	1.3333333333333337	0.8
10.1039/d0cc04831c	EtOAc	0.6	1.0	1.6666666666666667	tBuOK	0.8	PhCN		no	N2	83.0	120.0	15.0	16.0	0.1927710843373494	0	False	inert	2020	1.3333333333333337	0.8
10.1039/d0cc04831c	dioxane	0.6	1.0	1.6666666666666667	tBuOK	0.0	PhCN		no	N2	83.0	120.0	15.0	0.0	0.0	0	False	inert	2020	0.0	0.0
10.1039/d0cc04831c	dioxane	0.6	1.0	1.6666666666666667	tBuOK	0.1	PhCN		no	N2	83.0	120.0	15.0	0.0	0.0	0	False	inert	2020	0.1666666666666666	0.1
10.1039/d0cc04831c	dioxane	0.6	1.0	1.6666666666666667	tBuOK	0.2	PhCN		no	N2	83.0	120.0	15.0	0.0	0.0	0	False	inert	2020	0.3333333333333333	0.2
10.1039/d0cc04831c	dioxane	0.6	1.0	1.6666666666666667	tBuOK	0.4	PhCN		no	N2	83.0	120.0	15.0	34.0	0.4096385542168674	0	False	inert	2020	0.6666666666666667	0.4
10.1039/d0cc04831c	dioxane	0.6	1.0	1.6666666666666667	tBuOK	0.5	PhCN		no	N2	83.0	120.0	15.0	59.0	0.7108433734939759	0	False	inert	2020	0.8333333333333334	0.5
10.1039/d0cc04831c	dioxane	0.6	1.0	1.6666666666666667	tBuOK	0.6	PhCN		no	N2	83.0	120.0	15.0	72.0	0.8674698795180723	0	True	inert	2020	1.0	0.6
10.1039/d0cc04831c	dioxane	0.6	1.0	1.6666666666666667	tBuOK	0.7	PhCN		no	N2	83.0	120.0	15.0	91.0	1.0963855421686748	0	True	inert	2020	1.1666666666666667	0.7
10.1039/d0cc04831c	dioxane	0.6	1.0	1.6666666666666667	tBuOK	0.8	PhCN		no	N2	83.0	120.0	15.0	95.0	1.144578313253012	0	True	inert	2020	1.3333333333333337	0.8
10.1039/d0cc04831c	dioxane	0.6	1.0	1.6666666666666667	tBuOK	0.9	PhCN		no	N2	83.0	120.0	15.0	94.0	1.1325301204819278	0	True	inert	2020	1.5	0.9
10.1039/d0cc04831c	dioxane	0.6	1.0	1.6666666666666667	tBuOK	1.0	PhCN		no	N2	83.0	120.0	15.0	95.0	1.144578313253012	0	True	inert	2020	1.6666666666666667	1.0
10.1039/d0cc04831c	dioxane	0.6	1.0	1.6666666666666667	tBuOK	1.2	PhCN		no	N2	83.0	120.0	15.0	94.0	1.1325301204819278	0	True	inert	2020	2.0	1.2
10.1039/d0cc04831c	dioxane	0.6	1.0	1.6666666666666667	tBuOK	1.4	PhCN		no	N2	83.0	120.0	15.0	95.0	1.144578313253012	0	True	inert	2020	2.333333333333333	1.4
10.1039/d0cc04831c	dioxane	0.6	1.0	1.6666666666666667	tBuOK	1.6	PhCN		no	N2	83.0	120.0	15.0	91.0	1.0963855421686748	0	True	inert	2020	2.666666666666667	1.6
10.1039/d0cc04831c	dioxane	0.6	1.0	1.6666666666666667	tBuOK	1.8	PhCN		no	N2	83.0	120.0	15.0	89.0	1.072289156626506	0	True	inert	2020	3.0	1.8
10.1039/d0cc04831c	dioxane	0.6	1.0	1.6666666666666667	tBuOK	2.0	PhCN		no	N2	83.0	120.0	15.0	85.0	1.0240963855421688	0	True	inert	2020	3.333333333333333	2.0
10.1039/d0cc04831c	dioxane	0.6	1.0	1.6666666666666667	tBuOK	0.8	PhCN		no	air	83.0	120.0	15.0	83.0	1.0	0	True	oxygen	2020	1.3333333333333337	0.8
10.1039/d0cc04831c	dioxane	0.6	1.0	1.6666666666666667	tBuOK	0.8	PhCN		no	O2	83.0	120.0	15.0	0.0	0.0	0	False	oxygen	2020	1.3333333333333337	0.8
10.1039/d0cc05912a	PhMe	1.38	0.92	0.6666666666666667	tBuOK	0.368	Pyridine		no	Ar	40.0	135.0	12.0	99.0	2.475	0	True	inert	2020	0.2666666666666666	0.3999999999999999
10.1039/d0cc05912a	p-xylene	1.38	0.92	0.6666666666666667	tBuOK	0.368	Pyridine		no	Ar	40.0	135.0	12.0	40.0	1.0	0	False	inert	2020	0.2666666666666666	0.3999999999999999
10.1039/d0cc05912a	dioxane	1.38	0.92	0.6666666666666667	tBuOK	0.368	Pyridine		no	Ar	40.0	135.0	12.0	17.0	0.425	0	False	inert	2020	0.2666666666666666	0.3999999999999999
10.1039/d0cc05912a	DMF	1.38	0.92	0.6666666666666667	tBuOK	0.368	Pyridine		no	Ar	40.0	135.0	12.0	0.0	0.0	0	False	inert	2020	0.2666666666666666	0.3999999999999999
10.1039/d0cc05912a	DMSO	1.38	0.92	0.6666666666666667	tBuOK	0.368	Pyridine		no	Ar	40.0	135.0	12.0	1.0	0.025	0	False	inert	2020	0.2666666666666666	0.3999999999999999
10.1039/d0cc05912a	PhMe	1.38	0.92	0.6666666666666667	tBuOK	0.368	Pyridine		no	Ar	30.0	135.0	12.0	83.0	2.7666666666666666	0	True	inert	2020	0.2666666666666666	0.3999999999999999
10.1039/d0cc05912a	PhMe	1.38	0.92	0.6666666666666667	tBuOK	0.368	Pyridine		no	Ar	20.0	135.0	12.0	59.0	2.95	0	False	inert	2020	0.2666666666666666	0.3999999999999999
10.1039/d0cc05912a	PhMe	1.38	0.92	0.6666666666666667	tBuOK	0.368	Pyridine		no	Ar	10.0	135.0	12.0	12.0	1.2	0	False	inert	2020	0.2666666666666666	0.3999999999999999
10.1039/d0cc05912a	PhMe	1.38	0.92	0.6666666666666667	tBuOK	0.368	Pyridine		no	Ar	0.0	135.0	12.0	2.0	inf	0	False	inert	2020	0.2666666666666666	0.3999999999999999
10.1039/d0cc05912a	PhMe	1.38	0.92	0.6666666666666667	tBuOK	0.276	Pyridine		no	Ar	40.0	135.0	12.0	71.0	1.775	0	True	inert	2020	0.2	0.3
10.1039/d0cc05912a	PhMe	1.38	0.92	0.6666666666666667	tBuOK	0.184	Pyridine		no	Ar	40.0	135.0	12.0	66.0	1.65	0	True	inert	2020	0.1333333333333333	0.1999999999999999
10.1039/d0cc05912a	PhMe	1.38	0.92	0.6666666666666667	tBuOK	0.092	Pyridine		no	Ar	40.0	135.0	12.0	8.0	0.2	0	False	inert	2020	0.0666666666666666	0.0999999999999999
10.1039/d0cc05912a	PhMe	1.38	0.92	0.6666666666666667	tBuOK	0.0	Pyridine		no	Ar	40.0	135.0	12.0	0.0	0.0	0	False	inert	2020	0.0	0.0
10.1039/d0cc05912a	PhMe	1.38	0.92	0.6666666666666667	tBuOK	0.368	Pyridine		no	Ar	40.0	135.0	12.0	99.0	2.475	0	True	inert	2020	0.2666666666666666	0.3999999999999999
10.1039/d0cc05912a	PhMe	1.38	0.92	0.6666666666666667	tBuOK	0.368	Pyridine		no	Ar	50.0	135.0	12.0	99.0	1.98	0	True	inert	2020	0.2666666666666666	0.3999999999999999
10.1039/d0cc05912a	PhMe	1.38	0.92	0.6666666666666667	tBuONa	0.368	Pyridine		no	Ar	40.0	135.0	12.0	56.0	1.4	0	False	inert	2020	0.2666666666666666	0.3999999999999999
10.1039/d0cc05912a	PhMe	1.38	0.92	0.6666666666666667	KOH	0.368	Pyridine		no	Ar	40.0	135.0	12.0	80.0	2.0	0	True	inert	2020	0.2666666666666666	0.3999999999999999
10.1039/d0cc05912a	PhMe	1.38	0.92	0.6666666666666667	NaOH	0.368	Pyridine		no	Ar	40.0	135.0	12.0	56.0	1.4	0	False	inert	2020	0.2666666666666666	0.3999999999999999
10.1039/d0cc05912a	PhMe	1.38	0.92	0.6666666666666667	K2CO3	0.368	Pyridine		no	Ar	40.0	135.0	12.0	0.0	0.0	0	False	inert	2020	0.2666666666666666	0.3999999999999999
10.1039/d0cc05912a	PhMe	1.38	0.92	0.6666666666666667	Cs2CO3	0.368	Pyridine		no	Ar	40.0	135.0	12.0	0.0	0.0	0	False	inert	2020	0.2666666666666666	0.3999999999999999
10.1039/d0cc05912a	PhMe	1.38	0.92	0.6666666666666667	tBuOK	0.368	quinoline		no	Ar	40.0	135.0	12.0	96.0	2.4	0	True	inert	2020	0.2666666666666666	0.3999999999999999
10.1039/d0cc05912a	PhMe	1.38	0.92	0.6666666666666667	tBuOK	0.368	acridine		no	Ar	40.0	135.0	12.0	81.0	2.025	0	True	inert	2020	0.2666666666666666	0.3999999999999999
10.1039/d0cc05912a	PhMe	1.38	0.92	0.6666666666666667	tBuOK	0.368	phenacridine		no	Ar	40.0	135.0	12.0	97.0	2.425	0	True	inert	2020	0.2666666666666666	0.3999999999999999
10.1039/d0cc05912a	PhMe	1.38	0.92	0.6666666666666667	tBuOK	0.368	Pyridine		no	O2	40.0	135.0	12.0	1.0	0.025	0	False	oxygen	2020	0.2666666666666666	0.3999999999999999
10.1039/c8cy01200h	CyOMe	0.5	0.6	1.2	KOH	0.15	Ni(COD)2	Ni	0	Ar	3.0	140.0	18.0	86.5	28.83333333333333	0	True	inert	2018	0.3	0.25
10.1021/acs.organomet.0c00233	dioxane	1.0	1.0	1.0	tBuONa	0.75	NiNNN	Ni	no	Ar	2.0	140.0	72.0	48.0	24.0	0	False	inert	2020	0.75	0.75
10.1039/c8cy01200h	CyOMe	0.5	1.0	2.0	KOH	0.25	Ni(COD)2	Ni	0	Ar	5.0	140.0	18.0	99.0	19.8	0	True	inert	2018	0.5	0.25
10.1039/c8cy01200h	CyOMe	0.5	1.0	2.0	tBuOK	0.25	Ni(COD)2	Ni	0	Ar	5.0	140.0	18.0	78.3	15.66	0	True	inert	2018	0.5	0.25
10.1021/acs.organomet.0c00233	PhMe	1.0	1.0	1.0	tBuONa	0.75	NiNNN	Ni	no	Ar	4.0	140.0	72.0	60.0	15.0	0	False	inert	2020	0.75	0.75
10.1039/c8cy01200h	CyOMe	0.5	1.0	2.0	KOH	0.25	NiCl2(dme)	Ni	0	Ar	5.0	140.0	18.0	68.0	13.6	0	True	inert	2018	0.5	0.25
10.1039/c8cy01200h	CyOMe	0.5	1.0	2.0	KOH	0.25	NiBr2	Ni	0	Ar	5.0	140.0	18.0	54.6	10.92	0	False	inert	2018	0.5	0.25
10.1021/acs.organomet.0c00233	neat	1.0	1.0	1.0	NaH	0.75	NiNNN	Ni	no	Ar	4.0	140.0	72.0	40.0	10.0	0	False	inert	2020	0.75	0.75
10.1021/acs.organomet.0c00233	PhMe	1.0	1.0	1.0	tBuONa	0.75	NiNNN	Ni	no	Ar	2.0	140.0	72.0	20.0	10.0	0	False	inert	2020	0.75	0.75
10.1039/c8cy01200h	CyOMe	0.5	1.0	2.0	KOH	0.25	Ni(OTf)2	Ni	0	Ar	5.0	140.0	18.0	46.0	9.2	0	False	inert	2018	0.5	0.25
10.1016/j.tetlet.2020.152604	PhMe	1.0	2.0	2.0	KOt-Amyl	1.5	NiNN	Ni	no	N2	10.0	140.0	12.0	78.0	7.8	0	True	inert	2020	1.5	0.75
10.1016/j.cattod.2013.09.002	p-xylene	1.2	1.0	0.8333333333333334	no base	0.0	Ni/CaSiO3	Ni	no	N2	2.0	144.0	17.0	78.0	39.0	0	True	inert	2013	0.0	0.0
10.1039/c8cy01200h	CyOMe	0.5	1.0	2.0	KOH	0.05	Ni(COD)2	Ni	0	Ar	3.0	140.0	18.0	20.1	6.7	0	False	inert	2018	0.1	0.05
10.1039/c8cy01200h	CyOMe	0.5	1.0	2.0	NaOH	0.25	Ni(COD)2	Ni	0	Ar	5.0	140.0	18.0	10.0	2.0	0	False	inert	2018	0.5	0.25
10.1039/c8cy01200h	CyOMe	0.5	0.75	1.5	KOH	0.15	Ni(COD)2	Ni	Hg (15 mmol)	Ar	3.0	140.0	18.0	5.0	1.6666666666666667	0	False	inert	2018	0.3	0.1999999999999999
10.1039/c8cy01200h	CyOMe	0.5	1.0	2.0	LiOH	0.25	Ni(COD)2	Ni	0	Ar	5.0	140.0	18.0	6.93	1.386	0	False	inert	2018	0.5	0.25
10.1039/c8cy01200h	CyOMe	0.5	1.0	2.0	K2CO3	0.25	Ni(COD)2	Ni	0	Ar	5.0	140.0	18.0	0.0	0.0	0	False	inert	2018	0.5	0.25
10.1039/c8cy01200h	CyOMe	0.5	1.0	2.0	no base	0.0	Ni(COD)2	Ni	0	Ar	5.0	140.0	18.0	35.0	7.0	0	False	inert	2018	0.0	0.0
10.1021/acscatal.7b02817	PhMe	0.25	1.0	4.0	no base	0.0	NiBr2	Ni	Phen (20 mol%)	Ar	10.0	130.0	48.0	0.0	0.0	0	False	inert	2017	0.0	0.0
10.1021/acscatal.9b02977	PhMe	0.25	1.0	4.0	no base	0.0	Ni(Azo)2	Ni	no	Ar	2.5	130.0	24.0	0.0	0.0	0	False	inert	2019	0.0	0.0
10.1039/c8gc02298d	H2O	0.5	0.5	1.0	no base	0.0	Cp*IrCl2	Ir	no	N2	2.0	110.0	9.0	10.3	5.15	0	False	inert	2018	0.0	0.0
10.1002/aoc.5970	PhMe	0.5	0.5	1.0	tBuOK	0.5	no		no	Ar	0.0	110.0	16.0	13.65	inf	0	False	inert	2020	1.0	1.0
10.1002/adsc.200700596	diglyme	1.0	1.0	1.0	tBuOK	0.05	[IrCODCl]2	Ir	PNP ligand (2 mol%)	Ar	2.0	110.0	24.0	7.0	3.5	THF stock soln	False	inert	2008	0.05	0.05
10.1002/adsc.200700596	PhMe	0.5	0.5	1.0	tBuOK	0.1	[IrCODCl]2	Ir	PNP ligand (10 mol%)	Ar	10.0	110.0	24.0	29.0	2.9	THF stock soln	False	inert	2008	0.2	0.2
10.1016/j.tet.2007.11.083	PhMe	1.0	1.0	1.0	tBuONa	0.01	Cp*IrCl2	Ir	no	Ar	1.0	110.0	17.0	1.0	1.0	0	False	inert	2007	0.01	0.01
10.1002/adsc.200700596	DMSO	0.5	0.5	1.0	tBuOK	0.5	[IrCODCl]2	Ir	PNP ligand (2 mol%)	Ar	2.0	110.0	24.0	2.0	1.0	THF stock soln	False	inert	2008	1.0	1.0
10.1016/s0040-4039(03)00371-x	PhMe	1.0	1.0	1.0	K2CO3	0.05	IrClCod2	Ir	no	Ar	5.0	110.0	17.0	3.0	0.6	0	False	inert	2003	0.05	0.05
10.1002/adsc.200700596	diglyme	0.5	0.5	1.0	KOAc	0.5	[IrCODCl]2	Ir	PNP ligand (2 mol%)	Ar	2.0	110.0	24.0	1.0	0.5	THF stock soln	False	inert	2008	1.0	1.0
10.1002/adsc.200700596	diglyme	1.0	1.0	1.0	tBuOK	0.02	[IrCODCl]2	Ir	PNP ligand (2 mol%)	Ar	2.0	110.0	24.0	1.0	0.5	THF stock soln	False	inert	2008	0.02	0.02
10.1002/adsc.200700596	PhMe	0.5	0.5	1.0	K2CO3	0.5	[IrCODCl]2	Ir	PNP ligand (10 mol%)	Ar	10.0	110.0	24.0	2.0	0.2	THF stock soln	False	inert	2008	1.0	1.0
10.1002/adsc.200700596	PhMe	0.5	0.5	1.0	K2CO3	0.25	[IrCODCl]2	Ir	PNP ligand (10 mol%)	Ar	10.0	110.0	24.0	2.0	0.2	THF stock soln	False	inert	2008	0.5	0.5
10.1002/adsc.200700596	PhMe	0.5	0.5	1.0	K2CO3	0.1	[IrCODCl]2	Ir	PNP ligand (10 mol%)	Ar	10.0	110.0	24.0	1.0	0.1	THF stock soln	False	inert	2008	0.2	0.2
10.1002/adsc.200700596	PhMe	0.5	0.5	1.0	tBuOK	0.01	[IrCODCl]2	Ir	PNP ligand (10 mol%)	Ar	10.0	110.0	24.0	1.0	0.1	THF stock soln	False	inert	2008	0.02	0.02
10.1002/adsc.200700596	pyridine	0.5	0.5	1.0	Pyridine	0.0	[IrCODCl]2	Ir	PNP ligand (2 mol%)	Ar	2.0	110.0	24.0	0.0	0.0	THF stock soln	False	inert	2008	0.0	0.0
10.1002/adsc.200700596	Et3N	0.5	0.5	1.0	Et3N	7.0	[IrCODCl]2	Ir	PNP ligand (2 mol%)	Ar	2.0	110.0	24.0	0.0	0.0	THF stock soln	False	inert	2008	14.0	14.0
10.1002/adsc.200700596	diglyme	0.5	0.5	1.0	K2CO3	0.5	[IrCODCl]2	Ir	PNP ligand (2 mol%)	Ar	2.0	110.0	24.0	0.0	0.0	THF stock soln	False	inert	2008	1.0	1.0
10.1002/adsc.200700596	diglyme	0.5	0.5	1.0	Na2CO3	0.5	[IrCODCl]2	Ir	PNP ligand (2 mol%)	Ar	2.0	110.0	24.0	0.0	0.0	THF stock soln	False	inert	2008	1.0	1.0
10.1002/adsc.200700596	diglyme	0.5	0.5	1.0	NaOAc	0.5	[IrCODCl]2	Ir	PNP ligand (2 mol%)	Ar	2.0	110.0	24.0	0.0	0.0	THF stock soln	False	inert	2008	1.0	1.0
10.1002/adsc.200700596	diglyme	0.5	0.5	1.0	Mg(OEt)2	0.5	[IrCODCl]2	Ir	PNP ligand (2 mol%)	Ar	2.0	110.0	24.0	0.0	0.0	THF stock soln	False	inert	2008	1.0	1.0
10.1002/adsc.200700596	diglyme	0.5	0.5	1.0	DIPEA	0.5	[IrCODCl]2	Ir	PNP ligand (2 mol%)	Ar	2.0	110.0	24.0	0.0	0.0	THF stock soln	False	inert	2008	1.0	1.0
10.1016/j.poly.2021.115289	PhMe	0.5	0.5	1.0	tBuOK	0.0	IrNHC	Ir	0	Ar	0.5	110.0	12.0	0.0	0.0	0	False	inert	2021	0.0	0.0
10.1016/j.poly.2021.115289	PhMe	0.5	0.5	1.0	K2CO3	0.5	IrNHC	Ir	0	Ar	0.5	110.0	12.0	0.0	0.0	0	False	inert	2021	1.0	1.0
10.1002/chem.201201845	PhMe	1.0	1.0	1.0	no base	0.0	IrNHC	Ir	no	Ar	1.0	110.0	1.0	76.0	76.0	0	True	inert	2012	0.0	0.0
10.1002/chem.201201845	PhMe	1.0	1.0	1.0	no base	0.0	IrNHC	Ir	no	Ar	1.0	110.0	2.0	99.0	99.0	0	True	inert	2012	0.0	0.0
10.1002/chem.201201845	PhMe	1.0	1.0	1.0	no base	0.0	IrNHC	Ir	no	Ar	0.5	110.0	6.0	21.0	42.0	0	False	inert	2012	0.0	0.0
10.1016/j.jorganchem.2020.121537	neat	1.0	5.0	5.0	Cs2CO3	0.5	IrNN	Ir	no	N2	0.5	120.0	20.0	98.0	196.0	0	True	inert	2020	0.5	0.1
10.1016/j.jorganchem.2020.121537	neat	1.0	5.0	5.0	Cs2CO3	0.5	IrNN	Ir	no	N2	0.5	120.0	20.0	95.0	190.0	0	True	inert	2020	0.5	0.1
10.1021/acs.inorgchem.9b03049	neat	1.0	1.2	1.2	tBuOK	0.2	Ir-NHC	Ir	no	Ar	0.5	120.0	4.0	53.76	107.52	0	False	inert	2020	0.2	0.1666666666666666
10.1002/jccs.201900057	neat	0.5	1.0	2.0	Cs2CO3	1.0	Cp*IrClPyQuinaline	Ir	0	no data	1.0	120.0	20.0	99.0	99.0	0	True	no_data	2019	2.0	1.0
10.1016/j.jorganchem.2020.121537	neat	1.0	5.0	5.0	Cs2CO3	0.5	irNN	Ir	no	N2	1.0	120.0	20.0	97.0	97.0	0	True	inert	2020	0.5	0.1
10.1039/c6gc03096c	diglyme	5.0	7.5	1.5	tBuOK	3.5	[Ir(COD)Cl]2	Ir	imidazoleC6H5PPh2	N2	1.0	120.0	4.0	92.0	92.0	0	True	inert	2016	0.7	0.4666666666666667
10.1039/c6gc03096c	diglyme	5.0	7.5	1.5	tBuOK	3.5	[Ir(COD)Cl]2	Ir	imidazoleC6H5PPh2	N2	1.0	120.0	2.0	90.0	90.0	0	True	inert	2016	0.7	0.4666666666666667
10.1016/j.jorganchem.2020.121537	neat	1.0	5.0	5.0	Cs2CO3	0.5	IrNN	Ir	no	N2	1.0	120.0	20.0	87.0	87.0	0	True	inert	2020	0.5	0.1
10.1039/c6gc03096c	neat	5.0	7.5	1.5	tBuOK	3.5	[Ir(COD)Cl]2	Ir	imidazoleC6H5PPh2	N2	1.0	120.0	2.0	73.9	73.9	0	True	inert	2016	0.7	0.4666666666666667
10.1039/c6gc03096c	p-xylene	5.0	7.5	1.5	tBuOK	3.5	[Ir(COD)Cl]2	Ir	imidazoleC6H5PPh2	N2	1.0	120.0	2.0	72.2	72.2	0	True	inert	2016	0.7	0.4666666666666667
10.1021/acs.inorgchem.9b03049	neat	1.0	1.2	1.2	tBuOK	0.2	Ir-NHC	Ir	no	Ar	0.5	120.0	4.0	36.0	72.0	0	False	inert	2020	0.2	0.1666666666666666
10.1039/c6gc03096c	anisole	5.0	7.5	1.5	tBuOK	3.5	[Ir(COD)Cl]2	Ir	imidazoleC6H5PPh2	N2	1.0	120.0	2.0	48.0	48.0	0	False	inert	2016	0.7	0.4666666666666667
10.1021/cs5009909	p-xylene	1.0	9.7	9.7	Cs2CO3	1.1	(benzoxazole-C6H5)2IrClP(nBu)3	Ir	AgNTf2 (2 mol%)	inert	2.0	120.0	16.0	95.0	47.5	0	True	inert	2014	1.1	0.1134020618556701
10.1016/j.tetlet.2016.08.093	PhMe	1.0	1.1	1.1	NaOH	1.2	IrCl3	Ir	nbenzoltriazole CH2C(O)NHCH(Me)COOMe (2,4 mol%)	no data	2.0	120.0	20.0	90.0	45.0	0	True	no_data	2016	1.2	1.0909090909090908
10.1016/j.jorganchem.2020.121537	neat	1.0	5.0	5.0	Cs2CO3	0.5	IrNO	Ir	no	N2	1.0	120.0	20.0	40.0	40.0	0	False	inert	2020	0.5	0.1
10.1002/aoc.6003	trifluoroethanol	0.6	0.5	0.8333333333333334	Cs2CO3	0.025	IrNN	Ir	no	N2	1.0	120.0	7.0	34.0	34.0	0	False	inert	2020	0.0416666666666666	0.05
10.1016/j.jorganchem.2020.121537	neat	1.0	5.0	5.0	Cs2CO3	0.5	Ir(COD)Ome	Ir	no	N2	1.0	120.0	20.0	30.0	30.0	0	False	inert	2020	0.5	0.1
10.1002/cctc.201402101	neat	1.0	9.7	9.7	no base	0.0	Zr-[LIr]BF4	Ir	L = MOF	N2	0.2	125.0	2.0	42.0	210.0	MW	False	inert	2014	0.0	0.0
10.1039/c6cy00597g	PhMe	0.1	0.21	2.1	KOH	0.1	PAFspf-IPyIr	Ir	no	N2	0.5	130.0	24.0	96.0	192.0	0	True	inert	2016	1.0	0.4761904761904762
10.1039/c6cy00597g	PhMe	0.1	0.21	2.1	KOH	0.1	PAFspf-IMesIr	Ir	no	N2	0.5	130.0	24.0	86.0	172.0	0	True	inert	2016	1.0	0.4761904761904762
10.1039/c6cy00597g	PhMe	0.1	0.21	2.1	KOH	0.1	PAFc-IMesIr	Ir	no	N2	0.5	130.0	24.0	79.2	158.4	0	True	inert	2016	1.0	0.4761904761904762
10.1039/c6cy00597g	PhMe	0.1	0.21	2.1	KOH	0.1	PAFc-IPyIr	Ir	no	N2	0.5	130.0	24.0	78.0	156.0	0	True	inert	2016	1.0	0.4761904761904762
10.1039/c6cy00597g	PhMe	0.1	0.21	2.1	KOH	0.1	Ir(IPy)(cod)Cl	Ir	no	N2	0.5	130.0	24.0	35.3	70.6	0	False	inert	2016	1.0	0.4761904761904762
10.1039/c5dt02867a	neat	1.0	1.2	1.2	no base	0.0	Cp*Ir(NHC)CH2SO3(Cl)	Ir	no	Ar	1.0	130.0	24.0	64.0	64.0	0	False	inert	2015	0.0	0.0
10.1002/ejic.201500900	neat	1.0	3.0	3.0	no base	0.0	[Ir(tBuNC)(PPEP*)]	Ir	no	N2	1.0	135.0	24.0	75.0	75.0	0	True	inert	2015	0.0	0.0
10.1002/ejoc.201403636	PhMe	0.5	0.5	1.0	K3PO4	0.25	C6H6RuCl2	Ru	PPh2(CH2)8PPh2	Air	2.5	55.0	15.0	0.0	0.0	0	False	oxygen	2015	0.5	0.5
10.1021/jo200559h	PhMe	1.5	1.0	0.6666666666666666	KOH	1.3	Ru(OH)3-Fe3O4	Ru	no	Ar	1.3	90.0	48.0	0.0	0.0	0	False	inert	2011	0.8666666666666667	1.3
10.1002/cctc.201801525	PhMe	1.0	1.3	1.3	KOH	0.5	Ru/N-C (N-dopped carbon)	Ru	0	N2	0.2	90.0	24.0	0.0	0.0	0	False	inert	2018	0.5	0.3846153846153846
10.1002/adsc.201701117	dioxane	0.55	0.72	1.3090909090909089	tBuOK	0.1375	Ru(1,10-phenanthroline)Py(PPh3)2(PF6)	Ru	no	Ar	0.2	90.0	16.0	0.0	0.0	0	False	inert	2017	0.25	0.1909722222222222
10.1021/om300692a	PhMe	2.0	2.0	1.0	NaHCO3	0.3	RuNHC	Ru	no	Ar	0.5	100.0	24.0	0.0	0.0	0	False	inert	2012	0.15	0.15
10.1021/om300692a	PhMe	2.0	2.0	1.0	NaHCO3	1.0	RuNHC	Ru	no	Ar	0.5	100.0	24.0	0.0	0.0	0	False	inert	2012	0.5	0.5
10.1021/om300692a	PhMe	2.0	2.0	1.0	NaHCO3	2.0	RuNHC	Ru	no	Ar	0.5	100.0	24.0	0.0	0.0	0	False	inert	2012	1.0	1.0
10.1021/om300692a	PhMe	2.0	2.0	1.0	K2CO3	0.3	RuNHC	Ru	no	Ar	0.5	100.0	24.0	0.0	0.0	0	False	inert	2012	0.15	0.15
10.1021/om300692a	PhMe	2.0	2.0	1.0	K2CO3	1.0	RuNHC	Ru	no	Ar	0.5	100.0	24.0	0.0	0.0	0	False	inert	2012	0.5	0.5
10.1021/om300692a	PhMe	2.0	2.0	1.0	K2CO3	2.0	RuNHC	Ru	no	Ar	0.5	100.0	24.0	0.0	0.0	0	False	inert	2012	1.0	1.0
10.1021/acs.organomet.8b00908	neat	1.0	1.0	1.0	no base	0.0	C6H6-Se-Ru-N-anthracene-Cl	Ru	no	N2	0.5	100.0	6.0	0.0	0.0	0	False	inert	2019	0.0	0.0
10.1016/j.jorganchem.2014.01.007	PhMe	0.55	0.5	0.9090909090909092	KOH	0.5	[Ru(p-cymene)Cl2] / L	Ru	L = benzimidazoleC6H3Cl3	Ar	1.0	100.0	24.0	0.0	0.0	0	False	inert	2014	0.9090909090909092	1.0
10.1021/ol3001969	PhMe/THF-1:2	0.35	0.35	1.0	no base	0.0	RuPNP complex	Ru	MS 4A	N2	2.5	110.0	24.0	0.0	0.0	0	False	inert	2012	0.0	0.0
10.1002/adsc.201701117	dioxane	0.55	0.72	1.3090909090909089	K2CO3	0.1375	Ru(1,10-phenanthroline)Py(PPh3)2(PF6)	Ru	no	Ar	0.2	110.0	12.0	0.0	0.0	0	False	inert	2017	0.25	0.1909722222222222
10.1002/ejic.201100647	neat	0.3	0.9	3.0	tBuOK	0.12	Ru(II)L2 (2)	Ru	L=C6H4(o-PPh2)(o-N=CH)C6H4(O)	N2	1.0	110.0	24.0	0.0	0.0	0	False	inert	2011	0.4	0.1333333333333333
10.1002/adsc.201701117	dioxane	0.55	0.72	1.3090909090909089	MeONa	0.1375	Ru(1,10-phenanthroline)Py(PPh3)2(PF6)	Ru	no	Ar	0.2	110.0	12.0	0.0	0.0	0	False	inert	2017	0.25	0.1909722222222222
10.1039/d1ob00362c	H2O	1.0	1.0	1.0	tBuOK	0.75	RuPNHC	Ru	no	Ar	0.5	110.0	2.0	0.0	0.0	0	False	inert	2021	0.75	0.75
10.1039/d1ob00362c	PhMe	1.0	1.0	1.0	K2CO3	1.0	RuPNHC	Ru	no	Ar	0.5	110.0	2.0	0.0	0.0	0	False	inert	2021	1.0	1.0
10.1039/d1ob00362c	PhMe	1.0	1.0	1.0	Na2CO3	1.0	RuPNHC	Ru	no	Ar	0.5	110.0	2.0	0.0	0.0	0	False	inert	2021	1.0	1.0
10.1002/adsc.201701117	dioxane	0.55	0.72	1.3090909090909089	no base	0.0	Ru(1,10-phenanthroline)Py(PPh3)2(PF6)	Ru	no	Ar	0.2	110.0	12.0	0.0	0.0	0	False	inert	2017	0.0	0.0
10.1002/aoc.4704	PhMe	1.0	1.5	1.5	no base	0.0	Ru-benzimidazole(p-cymene)	Ru	no	Ar	2.5	120.0	24.0	0.0	0.0	0	False	inert	2018	0.0	0.0
10.1002/aoc.4704	PhMe	1.0	1.5	1.5	no base	0.0	Ru-benzimidazole(p-cymene)	Ru	no	Ar	2.5	120.0	24.0	0.0	0.0	0	False	inert	2018	0.0	0.0
10.1002/chem.200901501	CF3Ph/dodecane	3.0	1.0	0.3333333333333333	no base	0.0	Pd/C	Pd	no	N2	0.8	180.0	0.25	28.0	35.0	0	False	inert	2009	0.0	0.0
10.1016/j.tet.2011.02.075	dioxane	2.5	3.75	1.5	tBuOK	2.5	CoCl2	Co	no	Ar	1.0	130.0	48.0	30.0	30.0	0	False	inert	2011	1.0	0.6666666666666666
10.1016/j.jorganchem.2020.121285	PhMe	1.0	2.0	2.0	tBuOK	1.0	no		no	Ar	0.0	120.0	24.0	0.0		0	False	inert	2020	1.0	0.5
10.1055/s-0036-1589064	PhMe	0.25	0.27	1.08	tBuOK	0.275	CoCl2*6H2O	Co	PPh3 (10 mol%)	Ar	5.0	130.0	18.0	67.0	13.4	0	True	inert	2017	1.1	1.0185185185185186
10.1021/acs.orglett.6b01647	PhMe	1.4	1.0	0.7142857142857143	no base	0.0	Co-PNP-pincer	Co	no	Ar	2.0	130.0	16.0	22.0	11.0	0	False	inert	2016	0.0	0.0
10.1016/j.tet.2011.02.075	dioxane	2.5	3.75	1.5	tBuOK	2.5	CoCl2	Co	no	Ar	10.0	130.0	48.0	83.0	8.3	0	True	inert	2011	1.0	0.6666666666666666
10.1002/ejoc.202000229	PhMe	2.0	1.0	0.5	no base	0.0	Co(NTf2)2	Co	no	air	5.0	160.0	2.0	11.0	2.2	microwave	False	oxygen	2020	0.0	0.0
10.1021/acs.organomet.0c00233	neat	1.0	1.0	1.0	no base	0.0	NiNNN	Ni	no	Ar	0.02	140.0	72.0	0.0	0.0	0	False	inert	2020	0.0	0.0
10.1039/c1ra00560j	p-xylene	2.0	1.0	0.5	no base	0.0	Ni/Al2O3	Ni	no	N2	1.0	155.0	0.5	0.0	0.0	0	False	inert	2011	0.0	0.0
10.1002/anie.202001704	PhMe	1.0	1.0	1.0	tBuOK	0.5	CrNNN	Cr	no	N2	5.0	150.0	18.0	71.0	14.2	0	True	inert	2020	0.5	0.5
10.1002/anie.202001704	p-xylene	1.0	1.0	1.0	tBuOK	0.5	CrNNN	Cr	no	N2	5.0	150.0	18.0	58.0	11.6	0	False	inert	2020	0.5	0.5
10.1002/anie.202001704	cymene	1.0	1.0	1.0	tBuOK	0.5	CrNNN	Cr	no	N2	5.0	150.0	18.0	39.0	7.8	0	False	inert	2020	0.5	0.5
10.1002/anie.202001704	THF	1.0	1.0	1.0	tBuOK	0.5	CrNNN	Cr	no	N2	5.0	150.0	18.0	37.0	7.4	0	False	inert	2020	0.5	0.5
10.1002/anie.202001704	dioxane	1.0	1.0	1.0	tBuOK	0.5	CrNNN	Cr	no	N2	5.0	150.0	18.0	84.0	16.8	0	True	inert	2020	0.5	0.5
10.1002/anie.202001704	diglyme	1.0	1.0	1.0	tBuOK	0.5	CrNNN	Cr	no	N2	5.0	150.0	18.0	54.0	10.8	0	False	inert	2020	0.5	0.5
10.1002/anie.202001704	tAmOH	1.0	1.0	1.0	tBuOK	0.5	CrNNN	Cr	no	N2	5.0	150.0	18.0	57.0	11.4	0	False	inert	2020	0.5	0.5
10.1002/anie.202001704	dioxane	1.0	1.0	1.0	NaOH	0.5	CrNNN	Cr	no	N2	5.0	150.0	18.0	5.0	1.0	0	False	inert	2020	0.5	0.5
10.1002/anie.202001704	dioxane	1.0	1.0	1.0	KOH	0.5	CrNNN	Cr	no	N2	5.0	150.0	18.0	0.0	0.0	0	False	inert	2020	0.5	0.5
10.1002/anie.202001704	dioxane	1.0	1.0	1.0	tBuOLi	0.5	CrNNN	Cr	no	N2	5.0	150.0	18.0	0.0	0.0	0	False	inert	2020	0.5	0.5
10.1002/anie.202001704	dioxane	1.0	1.0	1.0	tBuONa	0.5	CrNNN	Cr	no	N2	5.0	150.0	18.0	18.0	3.6	0	False	inert	2020	0.5	0.5
10.1002/anie.202001704	dioxane	1.0	1.0	1.0	K2CO3	0.5	CrNNN	Cr	no	N2	5.0	150.0	18.0	4.0	0.8	0	False	inert	2020	0.5	0.5
10.1002/anie.202001704	dioxane	1.0	1.0	1.0	DABCO	0.5	CrNNN	Cr	no	N2	5.0	150.0	18.0	9.0	1.8	0	False	inert	2020	0.5	0.5
10.1002/anie.202001704	dioxane	1.0	1.0	1.0	no base	0.0	CrNNN	Cr	no	N2	5.0	150.0	18.0	0.0	0.0	0	False	inert	2020	0.0	0.0
10.1002/anie.202001704	dioxane	1.0	1.0	1.0	tBuOK	0.2	CrNNN	Cr	no	N2	5.0	150.0	18.0	1.0	0.2	0	False	inert	2020	0.2	0.2
10.1002/anie.202001704	dioxane	1.0	1.0	1.0	tBuOK	0.4	CrNNN	Cr	no	N2	5.0	150.0	18.0	70.0	14.0	0	True	inert	2020	0.4	0.4
10.1002/anie.202001704	dioxane	1.0	1.0	1.0	tBuOK	0.6	CrNNN	Cr	no	N2	5.0	150.0	18.0	78.0	15.6	0	True	inert	2020	0.6	0.6
10.1002/anie.202001704	dioxane	1.0	1.0	1.0	tBuOK	0.8	CrNNN	Cr	no	N2	5.0	150.0	18.0	58.0	11.6	0	False	inert	2020	0.8	0.8
10.1002/anie.202001704	dioxane	1.2	1.0	0.8333333333333334	tBuOK	0.5	CrNNN	Cr	no	N2	5.0	150.0	16.0	67.0	13.4	0	True	inert	2020	0.4166666666666667	0.5
10.1002/anie.202001704	dioxane	1.0	1.0	1.0	tBuOK	0.5	CrNNN	Cr	no	N2	5.0	150.0	16.0	66.0	13.2	0	True	inert	2020	0.5	0.5
10.1002/anie.202001704	dioxane	1.0	1.2	1.2	tBuOK	0.5	CrNNN	Cr	no	N2	5.0	150.0	16.0	69.0	13.8	0	True	inert	2020	0.5	0.4166666666666667
10.1002/anie.202001704	dioxane	1.0	1.5	1.5	tBuOK	0.5	CrNNN	Cr	no	N2	5.0	150.0	16.0	23.0	4.6	0	False	inert	2020	0.5	0.3333333333333333
10.1002/anie.202001704	dioxane	1.0	1.2	1.2	tBuOK	0.5	CrNNN	Cr	no	N2	5.0	110.0	18.0	3.0	0.6	0	False	inert	2020	0.5	0.4166666666666667
10.1002/anie.202001704	dioxane	1.0	1.2	1.2	tBuOK	0.5	CrNNN	Cr	no	N2	5.0	130.0	18.0	9.0	1.8	0	False	inert	2020	0.5	0.4166666666666667
10.1002/anie.202001704	dioxane	1.0	1.2	1.2	tBuOK	0.5	CrNNN	Cr	no	N2	5.0	150.0	18.0	93.0	18.6	0	True	inert	2020	0.5	0.4166666666666667
10.1002/anie.202001704	dioxane	1.0	1.2	1.2	tBuOK	0.5	CrNNN	Cr	no	N2	5.0	170.0	18.0	8.0	1.6	0	False	inert	2020	0.5	0.4166666666666667
10.1002/anie.202001704	neat	1.0	1.2	1.2	tBuOK	0.5	CrNNN	Cr	no	N2	5.0	150.0	18.0	71.0	14.2	0	True	inert	2020	0.5	0.4166666666666667
10.1002/anie.202001704	dioxane	1.0	1.2	1.2	tBuOK	0.5	CrNNN	Cr	no	N2	5.0	150.0	18.0	83.0	16.6	0	True	inert	2020	0.5	0.4166666666666667
10.1002/anie.202001704	dioxane	1.0	1.2	1.2	tBuOK	0.5	CrNNN	Cr	no	N2	5.0	150.0	18.0	74.0	14.8	0	True	inert	2020	0.5	0.4166666666666667
10.1002/anie.202001704	dioxane	1.0	1.2	1.2	tBuOK	0.5	CrNNN	Cr	no	N2	5.0	150.0	18.0	60.0	12.0	0	False	inert	2020	0.5	0.4166666666666667
10.1002/anie.202001704	dioxane	1.0	1.2	1.2	tBuOK	0.5	CrNNN	Cr	no	N2	5.0	150.0	18.0	46.0	9.2	0	False	inert	2020	0.5	0.4166666666666667
10.1002/anie.202001704	dioxane	1.0	1.2	1.2	tBuOK	0.5	CrNNN	Cr	no	N2	1.0	150.0	18.0	49.0	49.0	0	False	inert	2020	0.5	0.4166666666666667
10.1002/anie.202001704	dioxane	1.0	1.2	1.2	tBuOK	0.5	CrNNN	Cr	no	N2	2.0	150.0	18.0	75.0	37.5	0	True	inert	2020	0.5	0.4166666666666667
10.1002/anie.202001704	dioxane	1.0	1.2	1.2	tBuOK	0.5	CrNNN	Cr	no	N2	3.0	150.0	18.0	89.0	29.666666666666668	0	True	inert	2020	0.5	0.4166666666666667
10.1002/anie.202001704	dioxane	1.0	1.2	1.2	tBuOK	0.5	CrNNN	Cr	no	N2	4.0	150.0	18.0	65.0	16.25	0	False	inert	2020	0.5	0.4166666666666667
10.1002/anie.202001704	dioxane	1.0	1.2	1.2	tBuOK	0.5	CrNNN	Cr	no	N2	5.0	150.0	18.0	47.0	9.4	0	False	inert	2020	0.5	0.4166666666666667
10.1002/anie.202001704	dioxane	1.0	1.2	1.2	tBuOK	0.5	CrNNN	Cr	no	N2	8.0	150.0	18.0	16.0	2.0	0	False	inert	2020	0.5	0.4166666666666667
10.1002/adsc.202000499	PhMe	1.0	1.5	1.5	tBuOK	1.0	Zn(NO)3)2	Zn	no	N2	15.0	140.0	36.0	100.0	6.666666666666667	0	True	inert	2020	1.0	0.6666666666666666
10.1002/adsc.202000499	PhMe	1.0	1.5	1.5	KOH	1.0	Zn(NO)3)2	Zn	no	N2	15.0	140.0	36.0	90.0	6.0	0	True	inert	2020	1.0	0.6666666666666666
10.1002/adsc.202000499	PhMe	1.0	1.5	1.5	NaOH	1.0	Zn(NO)3)2	Zn	no	N2	15.0	140.0	36.0	79.0	5.266666666666667	0	True	inert	2020	1.0	0.6666666666666666
10.1002/adsc.202000499	PhMe	1.0	1.5	1.5	K2CO3	1.0	Zn(NO)3)2	Zn	no	N2	15.0	140.0	36.0	7.0	0.4666666666666667	0	False	inert	2020	1.0	0.6666666666666666
10.1002/adsc.202000499	PhMe	1.0	1.5	1.5	Et3N	1.0	Zn(NO)3)2	Zn	no	N2	15.0	140.0	36.0	0.0	0.0	0	False	inert	2020	1.0	0.6666666666666666
10.1002/adsc.202000499	benzene	1.0	1.5	1.5	tBuOK	1.0	Zn(NO)3)2	Zn	no	N2	15.0	140.0	36.0	94.0	6.266666666666667	0	True	inert	2020	1.0	0.6666666666666666
10.1002/adsc.202000499	m-xylene	1.0	1.5	1.5	tBuOK	1.0	Zn(NO)3)2	Zn	no	N2	15.0	140.0	36.0	15.0	1.0	0	False	inert	2020	1.0	0.6666666666666666
10.1002/adsc.202000499	dioxane	1.0	1.5	1.5	tBuOK	1.0	Zn(NO)3)2	Zn	no	N2	15.0	140.0	36.0	25.0	1.6666666666666667	0	False	inert	2020	1.0	0.6666666666666666
10.1002/adsc.202000499	THF	1.0	1.5	1.5	tBuOK	1.0	Zn(NO)3)2	Zn	no	N2	15.0	140.0	36.0	0.0	0.0	0	False	inert	2020	1.0	0.6666666666666666
10.1002/adsc.202000499	EtOH	1.0	1.5	1.5	tBuOK	1.0	Zn(NO)3)2	Zn	no	N2	15.0	140.0	36.0	0.0	0.0	0	False	inert	2020	1.0	0.6666666666666666
10.1002/adsc.202000499	THF/MeCN	1.0	1.5	1.5	tBuOK	1.0	Zn(NO)3)2	Zn	no	N2	15.0	140.0	36.0	22.0	1.4666666666666666	0	False	inert	2020	1.0	0.6666666666666666
10.1002/adsc.202000499	PhMe	1.0	1.5	1.5	tBuOK	0.3	Zn(NO)3)2	Zn	no	N2	15.0	140.0	36.0	38.0	2.533333333333333	0	False	inert	2020	0.3	0.1999999999999999
10.1002/adsc.202000499	PhMe	1.0	1.5	1.5	tBuOK	0.75	Zn(NO)3)2	Zn	no	N2	15.0	140.0	36.0	96.0	6.4	0	True	inert	2020	0.75	0.5
10.1002/adsc.202000499	PhMe	1.0	1.0	1.0	tBuOK	1.0	Zn(NO)3)2	Zn	no	N2	15.0	140.0	36.0	85.0	5.666666666666667	0	True	inert	2020	1.0	1.0
10.1002/adsc.202000499	PhMe	1.0	1.3	1.3	tBuOK	1.0	Zn(NO)3)2	Zn	no	N2	15.0	140.0	36.0	92.0	6.133333333333334	0	True	inert	2020	1.0	0.7692307692307692
10.1002/adsc.202000499	PhMe	1.0	1.5	1.5	tBuOK	1.0	Zn(NO)3)2	Zn	no	N2	15.0	100.0	36.0	23.0	1.5333333333333334	0	False	inert	2020	1.0	0.6666666666666666
10.1002/adsc.202000499	PhMe	1.0	1.5	1.5	tBuOK	1.0	Zn(NO)3)2	Zn	no	N2	15.0	120.0	36.0	40.0	2.6666666666666665	0	False	inert	2020	1.0	0.6666666666666666
10.1002/adsc.202000499	PhMe	1.0	1.5	1.5	tBuOK	1.0	Zn(NO)3)2	Zn	no	N2	15.0	130.0	36.0	60.0	4.0	0	False	inert	2020	1.0	0.6666666666666666
10.1002/adsc.202000499	PhMe	1.0	1.5	1.5	tBuOK	1.0	Zn(NO)3)2	Zn	no	N2	5.0	140.0	36.0	70.0	14.0	0	True	inert	2020	1.0	0.6666666666666666
10.1002/adsc.202000499	PhMe	1.0	1.5	1.5	tBuOK	1.0	Zn(NO)3)2	Zn	no	N2	10.0	140.0	36.0	88.0	8.8	0	True	inert	2020	1.0	0.6666666666666666
10.1002/adsc.202000499	PhMe	1.0	1.5	1.5	tBuOK	1.0	Zn(NO)3)2	Zn	no	N2	20.0	140.0	36.0	100.0	5.0	0	True	inert	2020	1.0	0.6666666666666666
10.1002/ejoc.201901310	neat	5.14	5.09	0.990272373540856	K2CO3	3.6	tBu2NNN)Ru(Cl2)(PPh3)	Ru	no	Ar	0.02	120.0	20.0	0.0	0.0	0	False	inert	2019	0.7003891050583658	0.7072691552062869
10.1002/ejoc.201901310	neat	5.14	5.09	0.990272373540856	Et3N	3.6	tBu2NNN)Ru(Cl2)(PPh3)	Ru	no	Ar	0.02	120.0	20.0	0.0	0.0	0	False	inert	2019	0.7003891050583658	0.7072691552062869
10.1002/adsc.201500562	PhMe	1.0	1.05	1.05	KOH	0.02	[Ru(p-cymene)Cl2]2	Ru	Ph2PNMe(CH2)3NMePPh2 (0,625 mol%)	Ar	1.25	120.0	12.0	0.0	0.0	0	False	inert	2015	0.02	0.019047619047619
10.1021/acs.inorgchem.9b03049	neat	1.0	1.2	1.2	no base	0.0	Ru-NHC	Ru	no	Ar	0.5	120.0	4.0	0.0	0.0	0	False	inert	2020	0.0	0.0
10.1021/jo200559h	MeCN	1.5	1.0	0.6666666666666666	KOH	1.3	Ru(OH)3-Fe3O4	Ru	no	Ar	1.3	130.0	24.0	0.0	0.0	0	False	inert	2011	0.8666666666666667	1.3
10.1021/jo200559h	PhMe	1.5	1.0	0.6666666666666666	NaOH	1.3	Ru(OH)3-Fe3O4	Ru	no	Ar	1.3	130.0	48.0	0.0	0.0	0	False	inert	2011	0.8666666666666667	1.3
10.1021/jo200559h	PhMe	1.5	1.0	0.6666666666666666	K2CO3	1.3	Ru(OH)3-Fe3O4	Ru	no	Ar	1.3	130.0	120.0	0.0	0.0	0	False	inert	2011	0.8666666666666667	1.3
10.1021/jo200559h	PhMe	1.5	1.0	0.6666666666666666	no base	0.0	Ru(OH)3-Fe3O4	Ru	no	Ar	1.3	130.0	120.0	0.0	0.0	0	False	inert	2011	0.0	0.0
10.1002/cctc.201801525	PhMe	1.0	1.3	1.3	NaOH	0.5	Ru/N-C (N-dopped carbon)	Ru	0	N2	0.3	130.0	24.0	0.0	0.0	0	False	inert	2018	0.5	0.3846153846153846
10.1002/cctc.201801525	PhMe	1.0	1.3	1.3	K3PO4	0.5	Ru/N-C (N-dopped carbon)	Ru	0	N2	0.3	130.0	24.0	0.0	0.0	0	False	inert	2018	0.5	0.3846153846153846
10.1002/cctc.201801525	PhMe	1.0	1.3	1.3	K2CO3	0.5	Ru/N-C (N-dopped carbon)	Ru	0	N2	0.3	130.0	24.0	0.0	0.0	0	False	inert	2018	0.5	0.3846153846153846
10.1002/cctc.201801525	PhMe	1.0	1.3	1.3	Na2CO3	0.5	Ru/N-C (N-dopped carbon)	Ru	0	N2	0.3	130.0	24.0	0.0	0.0	0	False	inert	2018	0.5	0.3846153846153846
10.1002/cctc.201801525	PhMe	1.0	1.3	1.3	K2HPO4	0.5	Ru/N-C (N-dopped carbon)	Ru	0	N2	0.3	130.0	24.0	0.0	0.0	0	False	inert	2018	0.5	0.3846153846153846
10.1002/cctc.201801525	PhMe	1.0	1.3	1.3	NaHCO3	0.5	Ru/N-C (N-dopped carbon)	Ru	0	N2	0.3	130.0	24.0	0.0	0.0	0	False	inert	2018	0.5	0.3846153846153846
10.1002/cctc.201801525	PhMe	1.0	1.3	1.3	KHCO3	0.5	Ru/N-C (N-dopped carbon)	Ru	0	N2	0.3	130.0	24.0	0.0	0.0	0	False	inert	2018	0.5	0.3846153846153846
10.1002/cctc.201801525	PhMe	1.0	1.3	1.3	no base	0.0	Ru/N-C (N-dopped carbon)	Ru	0	N2	0.3	130.0	24.0	0.0	0.0	0	False	inert	2018	0.0	0.0
10.1002/ejoc.202000229	PhMe	2.0	1.0	0.5	no base	0.0	Ni(NTf2)2	Ni	no	air	5.0	160.0	2.0	0.0	0.0	microwave	False	oxygen	2020	0.0	0.0
10.1021/acs.organomet.0c00233	neat	1.0	1.0	1.0	tBuONa	1.0	NiNNN	Ni	no	Ar	0.002	200.0	72.0	35.0	17500.0	0	False	inert	2020	1.0	1.0
10.1002/cctc.201801525	dioxane	1.0	1.3	1.3	NaOH	0.5	Ru/N-C (N-dopped carbon)	Ru	0	N2	0.3	130.0	24.0	0.0	0.0	0	False	inert	2018	0.5	0.3846153846153846
10.1002/cctc.201801525	DMSO	1.0	1.3	1.3	NaOH	0.5	Ru/N-C (N-dopped carbon)	Ru	0	N2	0.3	130.0	24.0	0.0	0.0	0	False	inert	2018	0.5	0.3846153846153846
10.1002/cctc.201801525	DMSO	1.0	1.3	1.3	KOH	0.5	Ru/N-C (N-dopped carbon)	Ru	0	N2	0.3	130.0	24.0	0.0	0.0	0	False	inert	2018	0.5	0.3846153846153846
10.1002/cctc.201801525	MeCN	1.0	1.3	1.3	NaOH	0.5	Ru/N-C (N-dopped carbon)	Ru	0	N2	0.3	130.0	24.0	0.0	0.0	0	False	inert	2018	0.5	0.3846153846153846
10.1002/cctc.201801525	MeCN	1.0	1.3	1.3	KOH	0.5	Ru/N-C (N-dopped carbon)	Ru	0	N2	0.3	130.0	24.0	0.0	0.0	0	False	inert	2018	0.5	0.3846153846153846
10.1002/cctc.201801525	PhMe	1.0	1.3	1.3	NaOH	0.5	Ru/N-C (N-dopped carbon)	Ru	0	N2	0.2	130.0	24.0	0.0	0.0	0	False	inert	2018	0.5	0.3846153846153846
10.1002/cctc.201801525	PhMe	1.0	1.3	1.3	NaOH	0.5	Ru/N-C (N-dopped carbon)	Ru	0	N2	0.1	130.0	24.0	0.0	0.0	0	False	inert	2018	0.5	0.3846153846153846
10.1016/j.jcat.2009.01.020	mesitylene	0.25	0.38	1.52	no base	0.0	RuHAP	Ru	no	Ar	5.0	132.0	5.0	0.0	0.0	0	False	inert	2009	0.0	0.0
10.1016/j.jcat.2009.01.020	mesitylene	0.25	0.38	1.52	no base	0.0	RuO2	Ru	no	Ar	5.0	132.0	5.0	0.0	0.0	0	False	inert	2009	0.0	0.0
10.1016/j.jcat.2009.01.020	mesitylene	0.25	0.38	1.52	no base	0.0	Ru(OH)x	Ru	no	Ar	5.0	132.0	5.0	0.0	0.0	0	False	inert	2009	0.0	0.0
10.1016/j.jcat.2009.01.020	mesitylene	0.25	0.38	1.52	no base	0.0	RuCl3	Ru	no	Ar	5.0	132.0	5.0	0.0	0.0	0	False	inert	2009	0.0	0.0
10.1016/j.jcat.2009.01.020	mesitylene	0.25	0.38	1.52	no base	0.0	Ru(acac)3	Ru	no	Ar	5.0	132.0	5.0	0.0	0.0	0	False	inert	2009	0.0	0.0
10.1016/j.tetlet.2011.01.059	neat	5.0	7.5	1.5	no base	0.0	Ru/Fe2O3	Ru	no	Ar	0.17	140.0	12.0	0.0	0.0	0	False	inert	2011	0.0	0.0
10.1002/ejoc.201700486	DMF	0.1	0.11	1.1	KOH	0.02	[RuPy(benzimidazole)2(PPh3)2Cl]+Cl-	Ru	no	no data	0.3	140.0	12.0	0.0	0.0	0	False	no_data	2017	0.1999999999999999	0.1818181818181818
10.1002/ejoc.201700486	MeCN	0.1	0.11	1.1	KOH	0.02	[RuPy(benzimidazole)2(PPh3)2Cl]+Cl-	Ru	no	no data	0.3	140.0	12.0	0.0	0.0	0	False	no_data	2017	0.1999999999999999	0.1818181818181818
10.1002/ejoc.201700486	H2O	0.1	0.11	1.1	KOH	0.02	[RuPy(benzimidazole)2(PPh3)2Cl]+Cl-	Ru	no	no data	0.3	140.0	12.0	0.0	0.0	0	False	no_data	2017	0.1999999999999999	0.1818181818181818
10.1002/ejoc.201700486	PhMe	0.1	0.11	1.1	LiOH	0.02	[RuPy(benzimidazole)2(PPh3)2Cl]+Cl-	Ru	no	no data	0.3	140.0	12.0	0.0	0.0	0	False	no_data	2017	0.1999999999999999	0.1818181818181818
10.1016/j.jorganchem.2014.01.007	PhMe	0.55	0.5	0.9090909090909092	tBuOK	0.5	[Ru(p-cymene)Cl2] / L	Ru	L = benzimidazoleC6H3Cl3	Ar	1.0	150.0	5.0	0.0	0.0	0	False	inert	2014	0.9090909090909092	1.0
10.1002/chem.200901501	CF3Ph/dodecane	3.0	1.0	0.3333333333333333	no base	0.0	Au/MgO	Au	no	N2	0.8	180.0	0.25	38.0	47.5	0	False	inert	2009	0.0	0.0
10.1016/j.tet.2016.11.029	neat	10500.0	10500.0	1.0	no base	0.0	Pt-Sn/g-Al2O3 (0,05 mol% Pt)	Pt	no	N2	0.0051	160.0	8.0	95.0	18627.450980392157	0	True	inert	2016	0.0	0.0
10.1021/acs.inorgchem.0c03587	PhMe	0.2	1.0	5.0	no base	0.0	Rh-cat	Rh	no	N2	5.0	160.0	18.0	65.0	13.0	0	False	inert	2021	0.0	0.0
10.1134/s1070428018110052	benzene	1.0	2.0	2.0	no base	0.0	CuBr2	Cu	CCl4 (50 mol%)	Ar	10.0	180.0	6.0	80.0	8.0	0	True	inert	2019	0.0	0.0
10.1039/c1ra00560j	p-xylene	2.0	1.0	0.5	no base	0.0	Cu0.95Ag0.05/SiO2-Al2O3	Cu	no	N2	1.0	155.0	0.5	29.0	29.0	1 mol% Cu+ Ag	False	inert	2011	0.0	0.0
10.1021/acs.inorgchem.0c03587	PhMe	0.2	1.0	5.0	no base	0.0	Fe-cat	Fe	no	N2	10.0	160.0	18.0	0.0	0.0	0	False	inert	2021	0.0	0.0
10.1039/c1ra00560j	p-xylene	2.0	1.0	0.5	no base	0.0	Co/Al2O3	Co	no	N2	1.0	155.0	0.5	0.0	0.0	0	False	inert	2011	0.0	0.0
10.1021/acs.organomet.0c00233	neat	1.0	1.0	1.0	tBuONa	1.0	NiCl2DME	Ni	no	Ar	0.002	200.0	72.0	22.0	11000.0	0	False	inert	2020	1.0	1.0
10.1039/c1ra00560j	p-xylene	2.0	1.0	0.5	no base	0.0	Ru/Al2O3	Ru	no	N2	1.0	155.0	0.5	0.0	0.0	0	False	inert	2011	0.0	0.0
10.1021/acs.inorgchem.0c03587	PhMe	0.2	1.0	5.0	no base	0.0	Rh-cat	Rh	no	N2	5.0	160.0	18.0	0.0	0.0	0	False	inert	2021	0.0	0.0
10.1002/chem.200901501	CF3Ph/dodecane	3.0	1.0	0.3333333333333333	no base	0.0	Pd/HAP	Pd	no	N2	0.8	180.0	0.25	26.0	32.5	0	False	inert	2009	0.0	0.0
10.1002/ejic.201500900	PhMe	1.0	1.5	1.5	no base	0.0	[Ir(PPh3)(PPEP*)]	Ir	no	N2	1.0	135.0	24.0	25.0	25.0	0	False	inert	2015	0.0	0.0
10.1002/chem.200901501	CF3Ph/dodecane	3.0	1.0	0.3333333333333333	no base	0.0	Pt/MgO	Pt	no	N2	0.8	180.0	0.25	61.0	76.25	0	False	inert	2009	0.0	0.0
10.1002/chem.200901501	CF3Ph/dodecane	3.0	1.0	0.3333333333333333	no base	0.0	AuPt/MgO	Au,Pt	no	N2	0.8	180.0	0.25	36.0	45.0	0	False	inert	2009	0.0	0.0
10.1039/c1ra00560j	p-xylene	2.0	1.0	0.5	no base	0.0	Al2O3		no	N2	1.0	155.0	0.5	0.0	0.0	0	False	inert	2011	0.0	0.0
10.1134/s1070428018110052	benzene	1.0	2.0	2.0	no base	0.0	CuCl2*2H2O	Cu	CCl4 (50 mol%)	Ar	10.0	180.0	6.0	79.0	7.9	0	True	inert	2019	0.0	0.0
10.1134/s1070428018110052	PhMe	1.0	2.0	2.0	no base	0.0	CuCl2*2H2O	Cu	CCl4 (50 mol%)	Ar	10.0	180.0	6.0	66.0	6.6	0	True	inert	2019	0.0	0.0
10.1134/s1070428018110052	PhMe	1.0	2.0	2.0	no base	0.0	CuBr2	Cu	CCl4 (50 mol%)	Ar	10.0	180.0	6.0	63.75	6.375	0	False	inert	2019	0.0	0.0
10.1039/c1ra00560j	p-xylene	2.0	1.0	0.5	no base	0.0	Cu0.95Ag0.05/CeO2	Cu	no	N2	1.0	155.0	0.5	23.0	23.0	1 mol% Cu+ Ag	False	inert	2011	0.0	0.0
10.1039/c1ra00560j	p-xylene	2.0	1.0	0.5	no base	0.0	Cu0.95Sn0.05/Al2O3	Cu	no	N2	1.0	155.0	24.0	4.0	4.0	1 mol% Cu+ Sn	False	inert	2011	0.0	0.0
10.1039/c1ra00560j	p-xylene	2.0	1.0	0.5	no base	0.0	Ag/Al2O3	Ag	no	N2	1.0	155.0	0.5	1.0	1.0	0	False	inert	2011	0.0	0.0
10.1039/c1ra00560j	p-xylene	2.0	1.0	0.5	no base	0.0	Cu0.95Ag0.05/MgO	Cu	no	N2	1.0	155.0	0.5	0.0	0.0	1 mol% Cu+ Ag	False	inert	2011	0.0	0.0
10.1021/acs.inorgchem.0c03587	PhMe	0.2	1.0	5.0	no base	0.0	Fe-cat	Fe	no	N2	10.0	160.0	18.0	0.0	0.0	0	False	inert	2021	0.0	0.0
10.1039/c1ra00560j	p-xylene	2.0	1.0	0.5	no base	0.0	Cu0.95Ag0.05/SiO2	Cu	no	N2	1.0	155.0	0.5	0.0	0.0	1 mol% Cu+ Ag	False	inert	2011	0.0	0.0
10.1002/chem.201001915	neat	2.0	10.0	5.0	tBuOK	0.4	Ag-Mo-22 (4.5 mol% Ag, 9 mol% Mo)	Ag	no	Ar	4.5	160.0	12.0	90.0	20.0	0	True	inert	2010	0.2	0.04
10.1002/chem.201001915	neat	2.0	10.0	5.0	KOH	0.4	Ag-Mo-22 (4.5 mol% Ag, 9 mol% Mo)	Ag	no	Ar	4.5	160.0	12.0	81.0	18.0	0	True	inert	2010	0.2	0.04
10.1002/chem.201001915	neat	2.0	10.0	5.0	K2CO3	0.4	Ag-Mo-22 (4.5 mol% Ag, 9 mol% Mo)	Ag	no	Ar	4.5	160.0	12.0	72.0	16.0	0	True	inert	2010	0.2	0.04
10.1002/chem.201001915	neat	2.0	10.0	5.0	Cs2CO3	0.4	Ag-Mo-22 (4.5 mol% Ag, 9 mol% Mo)	Ag	no	Ar	4.5	160.0	12.0	71.0	15.77777777777778	0	True	inert	2010	0.2	0.04
10.1002/chem.201001915	neat	2.0	10.0	5.0	Na2CO3	0.4	Ag-Mo-22 (4.5 mol% Ag, 9 mol% Mo)	Ag	no	Ar	4.5	160.0	12.0	0.0	0.0	0	False	inert	2010	0.2	0.04
10.1002/chem.201001915	neat	2.0	10.0	5.0	NaHCO3	0.4	Ag-Mo-22 (4.5 mol% Ag, 9 mol% Mo)	Ag	no	Ar	4.5	160.0	12.0	0.0	0.0	0	False	inert	2010	0.2	0.04
10.3184/174751917x14931195075562	p-xylene	0.5	0.6	1.2	Cs2CO3	0.6	(C6H5benzothiazole)2Ir+P(nBu)3(OTf)-	Ir	no	Ar	1.0	140.0	18.0	83.0	83.0	0	True	inert	2017	1.2	1.0
10.1016/j.tetlet.2011.01.059	neat	5.0	7.5	1.5	no base	0.0	Ir/Fe2O3	Ir	no	Ar	0.17	140.0	12.0	0.0	0.0	0	False	inert	2011	0.0	0.0
10.1021/jo200862p	neat	3.0	4.5	1.5	CsOH	1.2	IrCl3	Ir	no	Air	5.0	150.0	24.0	99.0	19.8	0	True	oxygen	2011	0.3999999999999999	0.2666666666666666
10.1021/jo200862p	neat	3.0	4.5	1.5	CsOH	1.2	IrCl3	Ir	no	N2	5.0	150.0	24.0	99.0	19.8	0	True	inert	2011	0.3999999999999999	0.2666666666666666
10.1002/cctc.201402101	neat	1.0	9.7	9.7	no base	0.0	Zr-[LIr]BF4	Ir	L = MOF	N2	0.2	150.0	2.5	90.0	450.0	MW	True	inert	2014	0.0	0.0
10.1039/c1ra00560j	p-xylene	2.0	1.0	0.5	no base	0.0	Ir/Al2O3	Ir	no	N2	1.0	155.0	0.5	0.0	0.0	0	False	inert	2011	0.0	0.0
10.1021/ol202281h	neat	1.0	1.0	1.0	no base	0.0	[Cp*IrCl2]2	Ir	no	N2	2.0	160.0	1.0	77.0	38.5	MW	True	inert	2011	0.0	0.0
10.1021/acs.inorgchem.0c03587	PhMe	0.2	1.0	5.0	no base	0.0	Ir-cat	Ir	no	N2	5.0	160.0	18.0	15.0	3.0	0	False	inert	2021	0.0	0.0
10.1002/ejoc.202000229	PhMe	2.0	1.0	0.5	no base	0.0	Ir(NTf2)3	Ir	no	air	5.0	160.0	2.0	7.0	1.4	microwave	False	oxygen	2020	0.0	0.0
10.1039/d1ta07673f	neat	3.0	6.0	2.0	KOH	0.9	Fe20-SA@NSC	Fe	no	Ar	0.3	135.0	24.0	94.0	313.33333333333337	0	True	inert	2021	0.3	0.15
10.1039/d1ta07673f	neat	3.0	6.0	2.0	KOH	0.9	no		no	Ar	0.0	135.0	24.0	13.0	inf	0	False	inert	2021	0.3	0.15
10.1039/d1ta07673f	neat	3.0	6.0	2.0	KOH	0.9	Fe40-SA@NSC	Fe	no	Ar	0.3	135.0	24.0	58.0	193.33333333333331	0	False	inert	2021	0.3	0.15
10.1039/d1ta07673f	neat	3.0	6.0	2.0	KOH	0.9	Fe20-SA@NC	Fe	no	Ar	0.3	135.0	24.0	73.0	243.33333333333331	0	True	inert	2021	0.3	0.15
10.1039/d1ta07673f	neat	3.0	6.0	2.0	KOH	0.9	Fe20-NP@NSC	Fe	no	Ar	0.3	135.0	24.0	70.0	233.33333333333331	0	True	inert	2021	0.3	0.15
10.1039/d1ta07673f	neat	3.0	6.0	2.0	KOH	0.9	Fe10-NP@NSC	Fe	no	Ar	0.3	135.0	24.0	77.0	256.6666666666667	0	True	inert	2021	0.3	0.15
10.1039/d1ta07673f	neat	3.0	6.0	2.0	no base	0.0	Fe20-SA@NSC	Fe	no	Ar	0.3	135.0	24.0	9.0	30.0	0	False	inert	2021	0.0	0.0
10.1039/d1ta07673f	neat	3.0	6.0	2.0	KOH	0.9	Fe@C	Fe	no	Ar	0.3	135.0	24.0	40.0	133.33333333333334	0	False	inert	2021	0.3	0.15
10.1039/d1ta07673f	neat	3.0	6.0	2.0	KOH	0.9	Nano-Fe2O3	Fe	no	Ar	4.0	135.0	24.0	22.0	5.5	0	False	inert	2021	0.3	0.15
10.1039/d1ta07673f	neat	3.0	6.0	2.0	KOH	0.9	FeCl3	Fe	no	Ar	4.0	135.0	24.0	29.0	7.25	0	False	inert	2021	0.3	0.15
10.1039/d1ta07673f	neat	3.0	6.0	2.0	KOH	0.9	NC		no	Ar	0.0	135.0	24.0	32.0	inf	0	False	inert	2021	0.3	0.15
10.1039/d1ta07673f	neat	3.0	6.0	2.0	Na2CO3	0.9	Fe20-SA@NSC	Fe	no	Ar	0.3	135.0	24.0	3.0	10.0	0	False	inert	2021	0.3	0.15
10.1039/d1ta07673f	neat	3.0	6.0	2.0	K2CO3	0.9	Fe20-SA@NSC	Fe	no	Ar	0.3	135.0	24.0	1.0	3.333333333333333	0	False	inert	2021	0.3	0.15
10.1039/d1ta07673f	neat	3.0	6.0	2.0	KOH	0.9	Fe20-SA@NSC	Fe	no	Ar	0.3	125.0	24.0	60.0	200.0	0	False	inert	2021	0.3	0.15
10.1039/d1ta07673f	neat	3.0	6.0	2.0	KOH	0.9	Fe20-SA@NSC	Fe	no	Ar	0.3	115.0	24.0	33.0	110.0	0	False	inert	2021	0.3	0.15
10.1039/d1ta07673f	neat	3.0	6.0	2.0	KOH	0.9	Fe20-SA@NSC	Fe	no	Ar	0.3	105.0	24.0	20.0	66.66666666666667	0	False	inert	2021	0.3	0.15
10.1039/d1nj01654g	THF	0.5	1.0	2.0	tBuOK	2.0	RuCl3	Ru	no	air	0.45	150.0	48.0	39.0	86.66666666666667	0	False	oxygen	2021	4.0	2.0
10.1039/d1nj01654g	THF	0.5	1.0	2.0	tBuOK	2.0	Ru/PNC-700	Ru	no	air	0.45	150.0	48.0	98.0	217.77777777777777	0	True	oxygen	2021	4.0	2.0
10.1039/d1nj01654g	THF	0.5	1.0	2.0	Na2CO3	2.0	Ru/PNC-700	Ru	no	air	0.45	150.0	48.0	12.0	26.666666666666664	0	False	oxygen	2021	4.0	2.0
10.1039/d1nj01654g	THF	0.5	1.0	2.0	K2CO3	2.0	Ru/PNC-700	Ru	no	air	0.45	150.0	48.0	24.0	53.33333333333333	0	False	oxygen	2021	4.0	2.0
10.1039/d1nj01654g	THF	0.5	1.0	2.0	KOH	2.0	Ru/PNC-700	Ru	no	air	0.45	150.0	48.0	20.0	44.44444444444444	0	False	oxygen	2021	4.0	2.0
10.1039/d1nj01654g	THF	0.5	1.0	2.0	NaOH	2.0	Ru/PNC-700	Ru	no	air	0.45	150.0	48.0	25.0	55.55555555555556	0	False	oxygen	2021	4.0	2.0
10.1039/d1nj01654g	THF	0.5	1.0	2.0	no base	2.0	Ru/PNC-700	Ru	no	air	0.45	150.0	48.0	0.0	0.0	0	False	oxygen	2021	4.0	2.0
10.1039/d1nj01654g	THF	0.5	1.0	2.0	tBuOK	2.0	no		no	air	0.0	150.0	48.0	0.0		0	False	oxygen	2021	4.0	2.0
10.1039/d1nj01654g	THF	0.5	1.0	2.0	tBuOK	2.0	Ru/C	Ru	no	air	0.45	150.0	48.0	29.0	64.44444444444444	0	False	oxygen	2021	4.0	2.0
10.1039/d1nj01654g	THF	0.5	1.0	2.0	tBuOK	1.0	Ru/PNC-700	Ru	no	air	0.45	150.0	48.0	15.0	33.333333333333336	0	False	oxygen	2021	2.0	1.0
10.1039/d1nj01654g	THF	0.5	1.0	2.0	tBuOK	2.0	Ru/PNC-700	Ru	no	air	0.45	150.0	30.0	65.0	144.44444444444443	0	False	oxygen	2021	4.0	2.0
10.1039/d1nj01654g	THF	0.5	1.0	2.0	tBuOK	2.0	Ru/PNC-700	Ru	no	air	0.45	130.0	48.0	6.0	13.333333333333332	0	False	oxygen	2021	4.0	2.0
10.1002/cctc.202101168	H2O	1.0	1.2	1.2	NaOH	0.75	POP-MBTS-Ir	Ir	TBAB (20 mol%)	no data	0.21	100.0	12.0	85.0	404.7619047619048	0	True	no_data	2021	0.75	0.625
10.1002/cctc.202101168	H2O	1.0	1.2	1.2	KOH	0.75	POP-MBTS-Ir	Ir	TBAB (20 mol%)	no data	0.21	100.0	12.0	92.0	438.0952380952381	0	True	no_data	2021	0.75	0.625
10.1002/cctc.202101168	H2O	1.0	1.2	1.2	K2CO3	0.75	POP-MBTS-Ir	Ir	TBAB (20 mol%)	no data	0.21	100.0	12.0	25.0	119.04761904761904	0	False	no_data	2021	0.75	0.625
10.1002/cctc.202101168	H2O	1.0	1.2	1.2	tBuONa	0.75	POP-MBTS-Ir	Ir	TBAB (20 mol%)	no data	0.21	100.0	12.0	76.0	361.9047619047619	0	True	no_data	2021	0.75	0.625
10.1002/cctc.202101168	H2O	1.0	1.2	1.2	tBuOK	0.75	POP-MBTS-Ir	Ir	TBAB (20 mol%)	no data	0.21	100.0	12.0	80.0	380.95238095238096	0	True	no_data	2021	0.75	0.625
10.1002/cctc.202101168	H2O	1.0	1.2	1.2	Cs2CO3	0.75	POP-MBTS-Ir	Ir	TBAB (20 mol%)	no data	0.21	100.0	12.0	85.0	404.7619047619048	0	True	no_data	2021	0.75	0.625
10.1002/cctc.202101168	H2O	1.0	1.2	1.2	Na2CO3	0.75	POP-MBTS-Ir	Ir	TBAB (20 mol%)	no data	0.21	100.0	12.0	30.0	142.85714285714286	0	False	no_data	2021	0.75	0.625
10.1002/cctc.202101168	H2O	1.0	1.2	1.2	KOH	0.75	POP-MBTS-Ir	Ir	TBAB (20 mol%)	no data	0.21	80.0	12.0	60.0	285.7142857142857	0	False	no_data	2021	0.75	0.625
10.1002/cctc.202101168	H2O	1.0	1.2	1.2	KOH	0.75	POP-MBTS-Ir	Ir	TBAB (20 mol%)	no data	0.21	120.0	12.0	92.0	438.0952380952381	0	True	no_data	2021	0.75	0.625
10.1002/cctc.202101168	H2O	1.0	1.2	1.2	KOH	0.75	POP-MBTS-Ir	Ir	TBAB (20 mol%)	no data	0.21	100.0	8.0	89.0	423.8095238095239	0	True	no_data	2021	0.75	0.625
10.1002/cctc.202101168	H2O	1.0	1.2	1.2	KOH	0.75	POP-MBTS-Ir	Ir	TBAB (20 mol%)	no data	0.21	100.0	16.0	92.0	438.0952380952381	0	True	no_data	2021	0.75	0.625
10.1002/slct.202100510	PhMe	1.2	1.0	0.8333333333333334	KOH	0.5	CoFe2O4	Co	no	Ar	30.0	130.0	24.0	93.0	3.1	0	True	inert	2021	0.4166666666666667	0.5
10.1002/slct.202100510	PhMe	1.2	1.0	0.8333333333333334	KOH	0.5	CoFe2O4	Co	no	Ar	25.0	130.0	24.0	91.0	3.64	0	True	inert	2021	0.4166666666666667	0.5
10.1002/slct.202100510	PhMe	1.2	1.0	0.8333333333333334	KOH	0.5	CoFe2O4	Co	no	Ar	20.0	130.0	24.0	94.0	4.7	0	True	inert	2021	0.4166666666666667	0.5
10.1002/slct.202100510	PhMe	1.2	1.0	0.8333333333333334	KOH	0.5	CoFe2O4	Co	no	Ar	15.0	130.0	24.0	90.0	6.0	0	True	inert	2021	0.4166666666666667	0.5
10.1002/slct.202100510	PhMe	1.2	1.0	0.8333333333333334	KOH	0.5	CoFe2O4	Co	no	Ar	10.0	130.0	24.0	93.0	9.3	0	True	inert	2021	0.4166666666666667	0.5
10.1002/slct.202100510	PhMe	1.2	1.0	0.8333333333333334	KOH	0.5	CoFe2O4	Co	no	Ar	5.0	130.0	24.0	58.0	11.6	0	False	inert	2021	0.4166666666666667	0.5
10.1002/slct.202100510	PhMe	1.2	1.0	0.8333333333333334	KOH	0.5	no		no	Ar	0.0	130.0	24.0	0.0		0	False	inert	2021	0.4166666666666667	0.5
10.1002/slct.202100510	PhMe	1.2	1.0	0.8333333333333334	tBuOK	1.0	CoFe2O4	Co	no	Ar	10.0	130.0	24.0	44.0	4.4	0	False	inert	2021	0.8333333333333334	1.0
10.1002/slct.202100510	PhMe	1.2	1.0	0.8333333333333334	K2CO3	1.0	CoFe2O4	Co	no	Ar	10.0	130.0	24.0	0.0	0.0	0	False	inert	2021	0.8333333333333334	1.0
10.1002/slct.202100510	PhMe	1.2	1.0	0.8333333333333334	Na2CO3	1.0	CoFe2O4	Co	no	Ar	10.0	130.0	24.0	2.0	0.2	0	False	inert	2021	0.8333333333333334	1.0
10.1002/slct.202100510	PhMe	1.2	1.0	0.8333333333333334	KOH	1.0	CoFe2O4	Co	no	Ar	10.0	130.0	24.0	93.0	9.3	0	True	inert	2021	0.8333333333333334	1.0
10.1002/slct.202100510	PhMe	1.2	1.0	0.8333333333333334	NaOH	1.0	CoFe2O4	Co	no	Ar	10.0	130.0	24.0	23.0	2.3	0	False	inert	2021	0.8333333333333334	1.0
10.1002/slct.202100510	PhMe	1.2	1.0	0.8333333333333334	Et3N	1.0	CoFe2O4	Co	no	Ar	10.0	130.0	24.0	0.0	0.0	0	False	inert	2021	0.8333333333333334	1.0
10.1002/slct.202100510	PhMe	1.2	1.0	0.8333333333333334	NaHCO3	1.0	CoFe2O4	Co	no	Ar	10.0	130.0	24.0	0.0	0.0	0	False	inert	2021	0.8333333333333334	1.0
10.1002/slct.202100510	PhMe	1.2	1.0	0.8333333333333334	Cs2CO3	1.0	CoFe2O4	Co	no	Ar	10.0	130.0	24.0	0.0	0.0	0	False	inert	2021	0.8333333333333334	1.0
10.1002/slct.202100510	PhMe	1.2	1.0	0.8333333333333334	no base	1.0	CoFe2O4	Co	no	Ar	10.0	130.0	24.0	0.0	0.0	0	False	inert	2021	0.8333333333333334	1.0
10.1002/slct.202100510	PhMe	1.2	1.0	0.8333333333333334	KOH	1.4	CoFe2O4	Co	no	Ar	10.0	130.0	24.0	87.0	8.7	0	True	inert	2021	1.1666666666666667	1.4
10.1002/slct.202100510	PhMe	1.2	1.0	0.8333333333333334	KOH	1.2	CoFe2O4	Co	no	Ar	10.0	130.0	24.0	93.0	9.3	0	True	inert	2021	1.0	1.2
10.1002/slct.202100510	PhMe	1.2	1.0	0.8333333333333334	KOH	1.0	CoFe2O4	Co	no	Ar	10.0	130.0	24.0	94.0	9.4	0	True	inert	2021	0.8333333333333334	1.0
10.1002/slct.202100510	PhMe	1.2	1.0	0.8333333333333334	KOH	0.8	CoFe2O4	Co	no	Ar	10.0	130.0	24.0	89.0	8.9	0	True	inert	2021	0.6666666666666667	0.8
10.1002/slct.202100510	PhMe	1.2	1.0	0.8333333333333334	KOH	0.6	CoFe2O4	Co	no	Ar	10.0	130.0	24.0	91.0	9.1	0	True	inert	2021	0.5	0.6
10.1002/slct.202100510	PhMe	1.2	1.0	0.8333333333333334	KOH	0.5	CoFe2O4	Co	no	Ar	10.0	130.0	24.0	93.0	9.3	0	True	inert	2021	0.4166666666666667	0.5
10.1002/slct.202100510	PhMe	1.2	1.0	0.8333333333333334	KOH	0.4	CoFe2O4	Co	no	Ar	10.0	130.0	24.0	72.0	7.2	0	True	inert	2021	0.3333333333333333	0.4
10.1002/slct.202100510	PhMe	1.2	1.0	0.8333333333333334	KOH	0.2	CoFe2O4	Co	no	Ar	10.0	130.0	24.0	32.0	3.2	0	False	inert	2021	0.1666666666666666	0.2
10.1002/slct.202100510	dioxane	1.2	1.0	0.8333333333333334	KOH	0.5	CoFe2O4	Co	no	Ar	10.0	130.0	24.0	12.0	1.2	0	False	inert	2021	0.4166666666666667	0.5
10.1002/slct.202100510	DMF	1.2	1.0	0.8333333333333334	KOH	0.5	CoFe2O4	Co	no	Ar	10.0	130.0	24.0	0.0	0.0	0	False	inert	2021	0.4166666666666667	0.5
10.1002/slct.202100510	CHCl3	1.2	1.0	0.8333333333333334	KOH	0.5	CoFe2O4	Co	no	Ar	10.0	130.0	24.0	0.0	0.0	0	False	inert	2021	0.4166666666666667	0.5
10.1002/slct.202100510	m-xylene	1.2	1.0	0.8333333333333334	KOH	0.5	CoFe2O4	Co	no	Ar	10.0	130.0	24.0	18.0	1.8	0	False	inert	2021	0.4166666666666667	0.5
10.1002/slct.202100510	THF	1.2	1.0	0.8333333333333334	KOH	0.5	CoFe2O4	Co	no	Ar	10.0	130.0	24.0	0.0	0.0	0	False	inert	2021	0.4166666666666667	0.5
10.1002/slct.202100510	DMSO	1.2	1.0	0.8333333333333334	KOH	0.5	CoFe2O4	Co	no	Ar	10.0	130.0	24.0	0.0	0.0	0	False	inert	2021	0.4166666666666667	0.5
10.1002/slct.202100510	neat	1.2	1.0	0.8333333333333334	KOH	0.5	CoFe2O4	Co	no	Ar	10.0	130.0	24.0	67.0	6.7	максимальный выход из множества экспериментов	True	inert	2021	0.4166666666666667	0.5
10.1002/slct.202100510	PhMe	1.2	1.0	0.8333333333333334	KOH	0.5	CoFe2O4	Co	no	Ar	10.0	100.0	24.0	9.0	0.9	0	False	inert	2021	0.4166666666666667	0.5
10.1002/slct.202100510	PhMe	1.2	1.0	0.8333333333333334	KOH	0.5	CoFe2O4	Co	no	Ar	10.0	110.0	24.0	23.0	2.3	0	False	inert	2021	0.4166666666666667	0.5
10.1002/slct.202100510	PhMe	1.2	1.0	0.8333333333333334	KOH	0.5	CoFe2O4	Co	no	Ar	10.0	120.0	24.0	39.0	3.9	0	False	inert	2021	0.4166666666666667	0.5
10.1002/slct.202100510	PhMe	1.5	1.0	0.6666666666666666	KOH	0.5	CoFe2O4	Co	no	Ar	10.0	130.0	24.0	94.0	9.4	0	True	inert	2021	0.3333333333333333	0.5
10.1002/slct.202100510	PhMe	1.0	1.0	1.0	KOH	0.5	CoFe2O4	Co	no	Ar	10.0	130.0	24.0	78.0	7.8	0	True	inert	2021	0.5	0.5
10.1002/slct.202100510	PhMe	1.0	1.2	1.2	KOH	0.5	CoFe2O4	Co	no	Ar	10.0	130.0	24.0	63.0	6.3	0	False	inert	2021	0.5	0.4166666666666667
10.1021/acssuschemeng.1c04903	o-xylene	0.6	0.6	1.0	no base	0.0	Hf-MOF-808_H2O	Hf	no	air	12.0	120.0	2.0	85.0	7.083333333333333	0	True	oxygen	2021	0.0	0.0
10.1021/acssuschemeng.1c04903	o-xylene	0.6	0.6	1.0	no base	0.0	HfO2	Hf	no	air	12.0	120.0	2.0	0.0	0.0	0	False	oxygen	2021	0.0	0.0
10.1021/acssuschemeng.1c04903	o-xylene	0.6	0.6	1.0	no base	0.0	HfCl4	Hf	no	air	12.0	120.0	2.0	0.0	0.0	0	False	oxygen	2021	0.0	0.0
10.1021/acssuschemeng.1c04903	o-xylene	0.6	0.6	1.0	no base	0.0	HfOCl2*8H2O	Hf	no	air	12.0	120.0	2.0	0.0	0.0	0	False	oxygen	2021	0.0	0.0
10.1021/acssuschemeng.1c04903	o-xylene	0.6	0.6	1.0	no base	0.0	ZrO2 (np)	Zr	no	air	12.0	120.0	2.0	0.0	0.0	0	False	oxygen	2021	0.0	0.0
10.1021/acssuschemeng.1c04903	o-xylene	0.6	0.6	1.0	no base	0.0	Hf-MOF-808_DMF	Hf	no	air	12.0	120.0	2.0	17.0	1.4166666666666667	0	False	oxygen	2021	0.0	0.0
10.1021/acssuschemeng.1c04903	o-xylene	0.6	0.6	1.0	no base	0.0	Zr-MOF-808_H2O	Zr	no	air	12.0	120.0	2.0	83.0	6.916666666666667	0	True	oxygen	2021	0.0	0.0
10.1021/acssuschemeng.1c04903	o-xylene	0.6	0.6	1.0	no base	0.0	Hf-UiO-66-NH2_H2O	Hf	no	air	12.0	120.0	2.0	1.0	0.0833333333333333	0	False	oxygen	2021	0.0	0.0
10.1021/acssuschemeng.1c04903	dichlorobenzene	0.6	0.6	1.0	no base	0.0	Hf-MOF-808_H2O	Hf	no	air	12.0	120.0	3.0	40.0	3.333333333333333	0	False	oxygen	2021	0.0	0.0
10.1021/acssuschemeng.1c04903	DMSO	0.6	0.6	1.0	no base	0.0	Hf-MOF-808_H2O	Hf	no	air	12.0	120.0	3.0	0.0	0.0	0	False	oxygen	2021	0.0	0.0
10.1021/acssuschemeng.1c04903	DMF	0.6	0.6	1.0	no base	0.0	Hf-MOF-808_H2O	Hf	no	air	12.0	120.0	3.0	0.0	0.0	0	False	oxygen	2021	0.0	0.0
10.1021/acssuschemeng.1c04903	BuOAc	0.6	0.6	1.0	no base	0.0	Hf-MOF-808_H2O	Hf	no	air	12.0	120.0	3.0	0.0	0.0	0	False	oxygen	2021	0.0	0.0
10.1021/acssuschemeng.1c04903	MeOCH2CH2OH	0.6	0.6	1.0	no base	0.0	Hf-MOF-808_H2O	Hf	no	air	12.0	120.0	3.0	0.0	0.0	0	False	oxygen	2021	0.0	0.0
10.1021/acs.orglett.1c02968	THF	1.0	1.1	1.1	no base	0.0	(p-cymene)Ru(L1)Cl	Ru	no	air?	1.0	70.0	8.0	83.0	83.0	0	True	oxygen	2021	0.0	0.0
10.1039/d2ob00565d	neat	6.0	2.0	0.3333333333333333	LiOH	0.4	PdCl2	Pd	L9a(1%)	N2	1.0	100.0	16.0	99.0	99.0	0	True	inert	2022	0.0666666666666666	0.2
10.1039/d2ob00565d	neat	6.0	2.0	0.3333333333333333	LiOH	0.4	PdCl2	Pd	L9b(1%)	N2	1.0	100.0	16.0	99.0	99.0	0	True	inert	2022	0.0666666666666666	0.2
10.1039/d2ob00565d	neat	6.0	2.0	0.3333333333333333	LiOH	0.4	PdCl2	Pd	dppe(1%)	N2	1.0	100.0	16.0	66.0	66.0	0	True	inert	2022	0.0666666666666666	0.2
10.1039/d2ob00565d	neat	6.0	2.0	0.3333333333333333	LiOH	0.4	PdCl2	Pd	RuPhos(1%)	N2	1.0	100.0	16.0	90.0	90.0	0	True	inert	2022	0.0666666666666666	0.2
10.1039/d2ob00565d	neat	6.0	2.0	0.3333333333333333	LiOH	0.4	PdCl2	Pd	LL12(1%)	N2	1.0	100.0	16.0	75.0	75.0	0	True	inert	2022	0.0666666666666666	0.2
10.1039/d2ob00565d	neat	6.0	2.0	0.3333333333333333	LiOH	0.4	PdCl2	Pd	LL14(1%)	N2	1.0	100.0	16.0	63.0	63.0	0	False	inert	2022	0.0666666666666666	0.2
10.1039/d2ob00565d	neat	6.0	2.0	0.3333333333333333	LiOH	0.4	PdCl2	Pd	LL17(1%)	N2	1.0	100.0	16.0	60.0	60.0	0	False	inert	2022	0.0666666666666666	0.2
10.1039/d2ob00565d	neat	6.0	2.0	0.3333333333333333	LiOH	0.4	PdCl2	Pd	LL21(1%)	N2	1.0	100.0	16.0	90.0	90.0	0	True	inert	2022	0.0666666666666666	0.2
10.1039/d2ob00565d	neat	6.0	2.0	0.3333333333333333	LiOH	0.4	PdCl2	Pd	no	N2	1.0	100.0	16.0	44.0	44.0	0	False	inert	2022	0.0666666666666666	0.2
10.1039/d2ob00565d	neat	6.0	2.0	0.3333333333333333	LiOH	0.4	PdCl2	Pd	L9a(1%)	N2	1.0	100.0	11.0	90.0	90.0	0	True	inert	2022	0.0666666666666666	0.2
10.1039/d2ob00565d	neat	6.0	2.0	0.3333333333333333	LiOH	0.4	PdCl2	Pd	L9a(1%)	N2	1.0	100.0	11.0	90.0	90.0	0	True	inert	2022	0.0666666666666666	0.2
10.1039/d2ob00565d	neat	6.0	2.0	0.3333333333333333	LiOH	0.4	PdCl2	Pd	L9b(1%)	N2	1.0	100.0	11.0	78.0	78.0	0	True	inert	2022	0.0666666666666666	0.2
10.1039/d2ob00565d	neat	6.0	2.0	0.3333333333333333	LiOH	0.4	PdCl2	Pd	RuPhos(1%)	N2	1.0	100.0	11.0	66.0	66.0	0	True	inert	2022	0.0666666666666666	0.2
10.1039/d2ob00565d	neat	6.0	2.0	0.3333333333333333	LiOH	0.4	PdCl2	Pd	L9c(1%)	N2	1.0	100.0	16.0	5.0	5.0	0	False	inert	2022	0.0666666666666666	0.2
10.1039/d2ob00565d	neat	6.0	2.0	0.3333333333333333	LiOH	0.4	PdCl2	Pd	LL2(1%)	N2	1.0	100.0	16.0	0.0	0.0	0	False	inert	2022	0.0666666666666666	0.2
10.1039/d2ob00565d	neat	6.0	2.0	0.3333333333333333	LiOH	0.4	PdCl2	Pd	LL3(1%)	N2	1.0	100.0	16.0	2.0	2.0	0	False	inert	2022	0.0666666666666666	0.2
10.1039/d2ob00565d	neat	6.0	2.0	0.3333333333333333	LiOH	0.4	PdCl2	Pd	LL4(1%)	N2	1.0	100.0	16.0	15.0	15.0	0	False	inert	2022	0.0666666666666666	0.2
10.1039/d2ob00565d	neat	6.0	2.0	0.3333333333333333	LiOH	0.4	PdCl2	Pd	LL5(1%)	N2	1.0	100.0	16.0	19.0	19.0	0	False	inert	2022	0.0666666666666666	0.2
10.1039/d2ob00565d	neat	6.0	2.0	0.3333333333333333	LiOH	0.4	PdCl2	Pd	LL6(1%)	N2	1.0	100.0	16.0	1.0	1.0	0	False	inert	2022	0.0666666666666666	0.2
10.1039/d2ob00565d	neat	6.0	2.0	0.3333333333333333	LiOH	0.4	PdCl2	Pd	LL8(1%)	N2	1.0	100.0	16.0	1.0	1.0	0	False	inert	2022	0.0666666666666666	0.2
10.1039/d2ob00565d	neat	6.0	2.0	0.3333333333333333	LiOH	0.4	PdCl2	Pd	LL9(1%)	N2	1.0	100.0	16.0	1.0	1.0	0	False	inert	2022	0.0666666666666666	0.2
10.1039/d2ob00565d	neat	6.0	2.0	0.3333333333333333	LiOH	0.4	PdCl2	Pd	LL10(1%)	N2	1.0	100.0	16.0	45.0	45.0	0	False	inert	2022	0.0666666666666666	0.2
10.1039/d2ob00565d	neat	6.0	2.0	0.3333333333333333	LiOH	0.4	PdCl2	Pd	LL11(1%)	N2	1.0	100.0	16.0	0.0	0.0	0	False	inert	2022	0.0666666666666666	0.2
10.1039/d2ob00565d	neat	6.0	2.0	0.3333333333333333	LiOH	0.4	PdCl2	Pd	LL13(1%)	N2	1.0	100.0	16.0	18.0	18.0	0	False	inert	2022	0.0666666666666666	0.2
10.1039/d2ob00565d	neat	6.0	2.0	0.3333333333333333	LiOH	0.4	PdCl2	Pd	LL15(1%)	N2	1.0	100.0	16.0	3.0	3.0	0	False	inert	2022	0.0666666666666666	0.2
10.1039/d2ob00565d	neat	6.0	2.0	0.3333333333333333	LiOH	0.4	PdCl2	Pd	LL16(1%)	N2	1.0	100.0	16.0	36.0	36.0	0	False	inert	2022	0.0666666666666666	0.2
10.1039/d2ob00565d	neat	6.0	2.0	0.3333333333333333	LiOH	0.4	PdCl2	Pd	LL17(1%)	N2	1.0	100.0	16.0	60.0	60.0	0	False	inert	2022	0.0666666666666666	0.2
10.1039/d2ob00565d	neat	6.0	2.0	0.3333333333333333	LiOH	0.4	PdCl2	Pd	LL18(1%)	N2	1.0	100.0	16.0	41.0	41.0	0	False	inert	2022	0.0666666666666666	0.2
10.1039/d2ob00565d	neat	6.0	2.0	0.3333333333333333	LiOH	0.4	PdCl2	Pd	LL19(1%)	N2	1.0	100.0	16.0	40.0	40.0	0	False	inert	2022	0.0666666666666666	0.2
10.1039/d2ob00565d	neat	6.0	2.0	0.3333333333333333	LiOH	0.4	PdCl2	Pd	LL20(1%)	N2	1.0	100.0	16.0	56.0	56.0	0	False	inert	2022	0.0666666666666666	0.2
10.1039/d2ob00565d	neat	6.0	2.0	0.3333333333333333	LiOH	0.4	PdCl2	Pd	LL21(1%)	N2	1.0	100.0	11.0	81.0	81.0	0	True	inert	2022	0.0666666666666666	0.2
10.1039/d2ob00565d	neat	6.0	2.0	0.3333333333333333	LiOH	0.4	PdCl2	Pd	no	N2	1.0	100.0	16.0	44.0	44.0	0	False	inert	2022	0.0666666666666666	0.2
10.1039/d2ob00565d	neat	6.0	2.0	0.3333333333333333	LiOH	0.4	PdCl2	Pd	no	N2	1.0	100.0	11.0	33.0	33.0	0	False	inert	2022	0.0666666666666666	0.2
10.1021/acs.inorgchem.1c02515	neat	3.0	3.3	1.1	LiOH	0.6	Pd(LA7)	Pd	no	Ar	0.05	110.0	12.0	98.0	1960.0	0	True	inert	2022	0.1999999999999999	0.1818181818181818
10.1021/acs.inorgchem.1c02515	neat	3.0	3.3	1.1	LiOH	0.6	Pd(LA9)	Pd	no	Ar	0.05	110.0	12.0	62.0	1240.0	0	False	inert	2022	0.1999999999999999	0.1818181818181818
10.1021/acs.inorgchem.1c02515	neat	3.0	3.3	1.1	LiOH	0.6	Pd(LA10)	Pd	no	Ar	0.05	110.0	12.0	55.0	1100.0	0	False	inert	2022	0.1999999999999999	0.1818181818181818
10.1021/acs.inorgchem.1c02515	PhMe	3.0	3.3	1.1	NaHCO3	0.6	Pd(LA7)	Pd	no	Ar	0.05	110.0	24.0	14.0	280.0	0	False	inert	2022	0.1999999999999999	0.1818181818181818
10.1021/acs.inorgchem.1c02515	PhMe	3.0	3.3	1.1	Cs2CO3	0.6	Pd(LA7)	Pd	no	Ar	0.05	110.0	24.0	19.0	380.0	0	False	inert	2022	0.1999999999999999	0.1818181818181818
10.1021/acs.inorgchem.1c02515	neat	3.0	3.3	1.1	KOH	0.6	Pd(LA7)	Pd	no	Ar	0.05	110.0	24.0	54.0	1080.0	0	False	inert	2022	0.1999999999999999	0.1818181818181818
10.1021/acs.inorgchem.1c02515	neat	3.0	3.3	1.1	NaOH	0.6	Pd(LA7)	Pd	no	Ar	0.05	110.0	24.0	65.0	1300.0	0	False	inert	2022	0.1999999999999999	0.1818181818181818
10.1021/acs.inorgchem.1c02515	neat	3.0	3.3	1.1	NaOH	0.6	Pd(LA7)	Pd	no	Ar	0.05	110.0	12.0	57.0	1140.0	0	False	inert	2022	0.1999999999999999	0.1818181818181818
10.1021/acs.inorgchem.1c02515	neat	3.0	3.3	1.1	tBuONa	0.6	Pd(LA7)	Pd	no	Ar	0.05	110.0	12.0	66.0	1320.0	0	True	inert	2022	0.1999999999999999	0.1818181818181818
10.1021/acs.inorgchem.1c02515	PhMe	3.0	3.3	1.1	LiOH	0.6	Pd(LA7)	Pd	no	Ar	0.05	110.0	24.0	5.0	100.0	0	False	inert	2022	0.1999999999999999	0.1818181818181818
10.1016/j.tet.2022.132993	PhMe	0.1	0.4	4.0	tBuOK	0.1	Bpy-UiO-Ni	Ni	no	N2	15.0	140.0	48.0	0.0	0.0	0	False	inert	2022	1.0	0.25
10.1016/j.tet.2022.132993	PhMe	0.1	0.4	4.0	tBuOK	0.1	Bpy-UiO-Ni	Ni	no	N2	12.0	140.0	48.0	18.0	1.5	0	False	inert	2022	1.0	0.25
10.1016/j.tet.2022.132993	PhMe	0.1	0.4	4.0	tBuOK	0.1	Bpy-UiO-Ni	Ni	no	N2	8.0	140.0	48.0	69.0	8.625	0	True	inert	2022	1.0	0.25
10.1016/j.tet.2022.132993	PhMe	0.1	0.4	4.0	tBuONa	0.1	Bpy-UiO-Ni	Ni	no	N2	8.0	140.0	48.0	0.0	0.0	0	False	inert	2022	1.0	0.25
10.1016/j.tet.2022.132993	PhMe	0.1	0.4	4.0	CsOH	0.1	Bpy-UiO-Ni	Ni	no	N2	8.0	140.0	48.0	10.0	1.25	0	False	inert	2022	1.0	0.25
10.1016/j.tet.2022.132993	PhMe	0.1	0.4	4.0	KOH	0.1	Bpy-UiO-Ni	Ni	no	N2	8.0	140.0	48.0	30.0	3.75	0	False	inert	2022	1.0	0.25
10.1016/j.tet.2022.132993	PhMe	0.1	0.4	4.0	tBuOK	0.13	Bpy-UiO-Ni	Ni	no	N2	8.0	140.0	48.0	100.0	12.5	0	True	inert	2022	1.3	0.325
10.1016/j.tet.2022.132993	PhMe	0.1	0.4	4.0	tBuOK	0.15	Bpy-UiO-Ni	Ni	no	N2	8.0	140.0	48.0	59.0	7.375	0	False	inert	2022	1.4999999999999998	0.3749999999999999
10.1016/j.tet.2022.132993	PhMe	0.1	0.4	4.0	tBuOK	0.13	Bpy-UiO-Ni	Ni	no	N2	8.0	140.0	36.0	27.0	3.375	0	False	inert	2022	1.3	0.325
10.1016/j.tet.2022.132993	PhMe	0.1	0.4	4.0	tBuOK	0.13	no		no	N2	8.0	140.0	48.0	30.0	3.75	0	False	inert	2022	1.3	0.325
10.1016/j.tet.2022.132993	PhMe	0.1	0.4	4.0	no base	0.0	Bpy-UiO-Ni	Ni	no	N2	8.0	140.0	48.0	0.0	0.0	0	False	inert	2022	0.0	0.0
10.1016/j.tet.2022.132993	PhMe	0.1	0.4	4.0	tBuOK	0.13	Bpy-UiO-Ni	Ni	no	air	8.0	140.0	48.0	0.0	0.0	0	False	oxygen	2022	1.3	0.325
10.1021/acssuschemeng.2c01092	PhMe	0.5	0.5	1.0	no base	0.0	Ni@SBA	Ni	no	N2	3.0	120.0	24.0	49.0	16.333333333333332	0	False	inert	2022	0.0	0.0
10.1021/acssuschemeng.2c01092	PhMe	0.5	0.5	1.0	no base	0.0	Ni/Ru@SBA	Ni	no	N2	3.0	120.0	24.0	93.0	31.0	0	True	inert	2022	0.0	0.0
10.1021/acssuschemeng.2c01092	heptane	0.5	0.5	1.0	no base	0.0	Ni/Ru@SBA	Ni	no	N2	3.0	120.0	24.0	75.0	25.0	0	True	inert	2022	0.0	0.0
10.1021/acssuschemeng.2c01092	AcOH	0.5	0.5	1.0	no base	0.0	Ni/Ru@SBA	Ni	no	N2	3.0	120.0	24.0	62.0	20.666666666666668	0	False	inert	2022	0.0	0.0
10.1021/acssuschemeng.2c01092	p-xylene	0.5	0.5	1.0	no base	0.0	Ni/Ru@SBA	Ni	no	N2	3.0	120.0	24.0	73.0	24.33333333333333	0	True	inert	2022	0.0	0.0
10.1021/acssuschemeng.2c01092	PhMe	0.5	0.5	1.0	no base	0.0	Ni/Ru@SBA	Ni	no	N2	3.0	100.0	24.0	77.0	25.666666666666668	0	True	inert	2022	0.0	0.0
10.1021/acssuschemeng.2c01092	PhMe	0.5	0.5	1.0	no base	0.0	Ni/Ru@SBA	Ni	no	N2	3.0	140.0	24.0	91.0	30.33333333333333	0	True	inert	2022	0.0	0.0
10.1021/acssuschemeng.2c01092	PhMe	0.5	0.5	1.0	no base	0.0	Ni/Ru@SBA	Ni	no	N2	3.0	120.0	48.0	94.0	31.33333333333333	0	True	inert	2022	0.0	0.0
10.1021/acssuschemeng.2c01092	PhMe	1.0	1.0	1.0	no base	0.0	Ni/Ru@SBA	Ni	no	N2	3.0	120.0	24.0	90.0	30.0	0	True	inert	2022	0.0	0.0
10.1021/acssuschemeng.2c01092	PhMe	2.0	2.0	1.0	no base	0.0	Ni/Ru@SBA	Ni	no	N2	3.0	120.0	24.0	89.0	29.666666666666668	0	True	inert	2022	0.0	0.0
10.1039/d1ob02214h	PhMe	1.0	1.0	1.0	K2CO3	0.1	RuNHC(1)	Ru	no	Ar	0.5	100.0	2.0	10.0	20.0	0	False	inert	2021	0.1	0.1
10.1039/d1ob02214h	PhMe	1.0	1.0	1.0	iPrOK	0.1	RuNHC(1)	Ru	no	Ar	0.5	100.0	2.0	70.0	140.0	0	True	inert	2021	0.1	0.1
10.1039/d1ob02214h	PhMe	1.0	1.0	1.0	NaOH	0.1	RuNHC(1)	Ru	no	Ar	0.5	100.0	2.0	93.0	186.0	0	True	inert	2021	0.1	0.1
10.1039/d1ob02214h	PhMe	1.0	1.0	1.0	tBuOK	0.1	RuNHC(1)	Ru	no	Ar	0.5	100.0	2.0	80.0	160.0	0	True	inert	2021	0.1	0.1
10.1039/d1ob02214h	PhMe	1.0	1.0	1.0	KOH	0.1	RuNHC(1)	Ru	no	Ar	0.5	100.0	2.0	93.0	186.0	0	True	inert	2021	0.1	0.1
10.1039/d1ob02214h	PhMe	1.0	1.0	1.0	K2CO3	0.1	RuNHC(2)	Ru	no	Ar	0.5	100.0	2.0	18.0	36.0	0	False	inert	2021	0.1	0.1
10.1039/d1ob02214h	PhMe	1.0	1.0	1.0	iPrOK	0.1	RuNHC(2)	Ru	no	Ar	0.5	100.0	2.0	82.0	164.0	0	True	inert	2021	0.1	0.1
10.1039/d1ob02214h	PhMe	1.0	1.0	1.0	NaOH	0.1	RuNHC(2)	Ru	no	Ar	0.5	100.0	2.0	89.0	178.0	0	True	inert	2021	0.1	0.1
10.1039/d1ob02214h	PhMe	1.0	1.0	1.0	tBuOK	0.1	RuNHC(2)	Ru	no	Ar	0.5	100.0	2.0	92.0	184.0	0	True	inert	2021	0.1	0.1
10.1039/d1ob02214h	PhMe	1.0	1.0	1.0	KOH	0.1	RuNHC(2)	Ru	no	Ar	0.5	100.0	2.0	99.0	198.0	0	True	inert	2021	0.1	0.1
10.1039/d1ob02214h	PhMe	1.0	1.0	1.0	K2CO3	0.1	RuNHC(3)	Ru	no	Ar	0.5	100.0	2.0	11.0	22.0	0	False	inert	2021	0.1	0.1
10.1039/d1ob02214h	PhMe	1.0	1.0	1.0	iPrOK	0.1	RuNHC(3)	Ru	no	Ar	0.5	100.0	2.0	75.0	150.0	0	True	inert	2021	0.1	0.1
10.1039/d1ob02214h	PhMe	1.0	1.0	1.0	NaOH	0.1	RuNHC(3)	Ru	no	Ar	0.5	100.0	2.0	85.0	170.0	0	True	inert	2021	0.1	0.1
10.1039/d1ob02214h	PhMe	1.0	1.0	1.0	tBuOK	0.1	RuNHC(3)	Ru	no	Ar	0.5	100.0	2.0	85.0	170.0	0	True	inert	2021	0.1	0.1
10.1039/d1ob02214h	PhMe	1.0	1.0	1.0	KOH	0.1	RuNHC(3)	Ru	no	Ar	0.5	100.0	2.0	96.0	192.0	0	True	inert	2021	0.1	0.1
10.1039/d1ob02214h	PhMe	1.0	1.0	1.0	KOH	0.1	no		no	Ar	0.5	100.0	2.0	0.0	0.0	0	False	inert	2021	0.1	0.1
10.1039/d1ob02214h	PhMe	1.0	1.0	1.0	no base	0.0	RuNHC(2)	Ru	no	Ar	0.5	100.0	2.0	0.0	0.0	0	False	inert	2021	0.0	0.0
10.1039/d1ob02214h	p-xylene	1.0	1.0	1.0	KOH	0.1	RuNHC(2)	Ru	no	Ar	0.5	100.0	2.0	99.0	198.0	0	True	inert	2021	0.1	0.1
10.1039/d1ob02214h	dioxane	1.0	1.0	1.0	KOH	0.1	RuNHC(2)	Ru	no	Ar	0.5	100.0	2.0	78.0	156.0	0	True	inert	2021	0.1	0.1
10.1039/d1ob02214h	DMF	1.0	1.0	1.0	KOH	0.1	RuNHC(2)	Ru	no	Ar	0.5	100.0	2.0	0.0	0.0	0	False	inert	2021	0.1	0.1
10.1039/d1ob02214h	tBuOH	1.0	1.0	1.0	KOH	0.1	RuNHC(2)	Ru	no	Ar	0.5	100.0	2.0	49.0	98.0	0	False	inert	2021	0.1	0.1
10.1039/d1ob02214h	neat	1.0	1.0	1.0	KOH	0.1	RuNHC(2)	Ru	no	Ar	0.5	100.0	2.0	98.0	196.0	0	True	inert	2021	0.1	0.1
10.1039/d1ob02214h	PhMe	1.0	1.0	1.0	KOH	0.1	RuNHC(2)	Ru	no	Ar	0.5	80.0	2.0	99.0	198.0	0	True	inert	2021	0.1	0.1
10.1039/d1ob02214h	PhMe	1.0	1.0	1.0	KOH	0.1	RuNHC(2)	Ru	no	Ar	0.5	60.0	2.0	75.0	150.0	0	True	inert	2021	0.1	0.1
10.1039/d1ob02214h	PhMe	1.0	1.0	1.0	KOH	0.1	RuNHC(2)	Ru	no	Ar	0.1	80.0	2.0	94.0	940.0	0	True	inert	2021	0.1	0.1
10.1039/d1ob02214h	PhMe	1.0	1.0	1.0	KOH	0.1	RuNHC(2)	Ru	no	Ar	0.1	60.0	2.0	6.0	60.0	0	False	inert	2021	0.1	0.1
10.1039/d1ob02214h	PhMe	1.0	1.0	1.0	KOH	0.1	RuNHC(2)	Ru	no	Ar	0.05	80.0	2.0	90.0	1800.0	0	True	inert	2021	0.1	0.1
10.1039/d2gc02206k	neat	2.0	4.0	2.0	LiOH	2.0	NiBr2(DME)	Ni	2.2% LB3 NNN	N2	1.0	130.0	15.0	0.0	0.0	0	False	inert	2022	1.0	0.5
10.1039/d2gc02206k	neat	2.0	4.0	2.0	NaOH	2.0	NiBr2(DME)	Ni	2.2% LB3 NNN	N2	1.0	130.0	15.0	5.0	5.0	0	False	inert	2022	1.0	0.5
10.1039/d2gc02206k	neat	2.0	4.0	2.0	KOH	2.0	NiBr2(DME)	Ni	2.2% LB3 NNN	N2	1.0	130.0	15.0	5.0	5.0	0	False	inert	2022	1.0	0.5
10.1039/d2gc02206k	neat	2.0	4.0	2.0	CsOH	2.0	NiBr2(DME)	Ni	2.2% LB3 NNN	N2	1.0	130.0	15.0	5.0	5.0	0	False	inert	2022	1.0	0.5
10.1039/d2gc02206k	neat	2.0	4.0	2.0	Li2CO3	2.0	NiBr2(DME)	Ni	2.2% LB3 NNN	N2	1.0	130.0	15.0	0.0	0.0	0	False	inert	2022	1.0	0.5
10.1039/d2gc02206k	neat	2.0	4.0	2.0	Na2CO3	2.0	NiBr2(DME)	Ni	2.2% LB3 NNN	N2	1.0	130.0	15.0	0.0	0.0	0	False	inert	2022	1.0	0.5
10.1039/d2gc02206k	neat	2.0	4.0	2.0	K2CO3	2.0	NiBr2(DME)	Ni	2.2% LB3 NNN	N2	1.0	130.0	15.0	0.0	0.0	0	False	inert	2022	1.0	0.5
10.1039/d2gc02206k	neat	2.0	4.0	2.0	Cs2CO3	2.0	NiBr2(DME)	Ni	2.2% LB3 NNN	N2	1.0	130.0	15.0	0.0	0.0	0	False	inert	2022	1.0	0.5
10.1039/d2gc02206k	neat	2.0	4.0	2.0	tBuOLi	2.0	NiBr2(DME)	Ni	2.2% LB3 NNN	N2	1.0	130.0	15.0	5.0	5.0	0	False	inert	2022	1.0	0.5
10.1039/d2gc02206k	neat	2.0	4.0	2.0	tBuONa	2.0	NiBr2(DME)	Ni	2.2% LB3 NNN	N2	1.0	130.0	15.0	68.0	68.0	0	True	inert	2022	1.0	0.5
10.1039/d2gc02206k	neat	2.0	4.0	2.0	tBuOCs	2.0	NiBr2(DME)	Ni	2.2% LB3 NNN	N2	1.0	130.0	15.0	5.0	5.0	0	False	inert	2022	1.0	0.5
10.1039/d2gc02206k	neat	2.0	4.0	2.0	Pyridine	2.0	NiBr2(DME)	Ni	2.2% LB3 NNN	N2	1.0	130.0	15.0	5.0	5.0	0	False	inert	2022	1.0	0.5
10.1039/d2gc02206k	neat	2.0	4.0	2.0	Et3N	2.0	NiBr2(DME)	Ni	2.2% LB3 NNN	N2	1.0	130.0	15.0	0.0	0.0	0	False	inert	2022	1.0	0.5
10.1039/d2gc02206k	neat	2.0	4.0	2.0	TBD	2.0	NiBr2(DME)	Ni	2.2% LB3 NNN	N2	1.0	130.0	15.0	0.0	0.0	0	False	inert	2022	1.0	0.5
10.1039/d2gc02206k	neat	2.0	4.0	2.0	DBU	2.0	NiBr2(DME)	Ni	2.2% LB3 NNN	N2	1.0	130.0	15.0	0.0	0.0	0	False	inert	2022	1.0	0.5
10.1039/d2gc02206k	neat	2.0	4.0	2.0	tBuOLi	2.0	NiBr2(DME)	Ni	2.2% LB3 NNN	N2	1.0	130.0	15.0	0.0	0.0	0	False	inert	2022	1.0	0.5
10.1039/d2gc02206k	neat	2.0	4.0	2.0	NaH	2.0	NiBr2(DME)	Ni	2.2% LB3 NNN	N2	1.0	130.0	15.0	41.0	41.0	0	False	inert	2022	1.0	0.5
10.1039/d2gc02206k	neat	2.0	4.0	2.0	NaNH2	2.0	NiBr2(DME)	Ni	2.2% LB3 NNN	N2	1.0	130.0	15.0	36.0	36.0	0	False	inert	2022	1.0	0.5
10.1039/d2gc02206k	neat	2.0	4.0	2.0	KH	2.0	NiBr2(DME)	Ni	2.2% LB3 NNN	N2	1.0	130.0	15.0	71.0	71.0	0	True	inert	2022	1.0	0.5
10.1039/d2gc02206k	neat	2.0	4.0	2.0	tBuOK	0.0	NiBr2(DME)	Ni	2.2% LB3 NNN	N2	1.0	130.0	15.0	0.0	0.0	0	False	inert	2022	0.0	0.0
10.1039/d2gc02206k	neat	2.0	4.0	2.0	tBuOK	0.5	NiBr2(DME)	Ni	2.2% LB3 NNN	N2	1.0	130.0	15.0	23.0	23.0	0	False	inert	2022	0.25	0.125
10.1039/d2gc02206k	neat	2.0	4.0	2.0	tBuOK	1.0	NiBr2(DME)	Ni	2.2% LB3 NNN	N2	1.0	130.0	15.0	51.0	51.0	0	False	inert	2022	0.5	0.25
10.1039/d2gc02206k	neat	2.0	4.0	2.0	tBuOK	1.75	NiBr2(DME)	Ni	2.2% LB3 NNN	N2	1.0	130.0	15.0	86.0	86.0	0	True	inert	2022	0.875	0.4375
10.1039/d2gc02206k	neat	2.0	4.0	2.0	tBuOK	2.25	NiBr2(DME)	Ni	2.2% LB3 NNN	N2	1.0	130.0	15.0	95.0	95.0	0	True	inert	2022	1.125	0.5625
10.1039/d2gc02206k	neat	2.0	4.0	2.0	tBuOK	2.5	NiBr2(DME)	Ni	2.2% LB3 NNN	N2	1.0	130.0	15.0	93.0	93.0	0	True	inert	2022	1.25	0.625
10.1039/d2gc02206k	neat	2.0	4.0	2.0	tBuOK	3.0	NiBr2(DME)	Ni	2.2% LB3 NNN	N2	1.0	130.0	15.0	90.0	90.0	0	True	inert	2022	1.5	0.75
10.1039/d2gc02206k	neat	2.0	2.0	1.0	tBuOK	2.0	NiBr2(DME)	Ni	2.2% LB3 NNN	N2	1.0	130.0	15.0	72.0	72.0	0	True	inert	2022	1.0	1.0
10.1039/d2gc02206k	neat	2.0	3.0	1.5	tBuOK	2.0	NiBr2(DME)	Ni	2.2% LB3 NNN	N2	1.0	130.0	15.0	89.0	89.0	0	True	inert	2022	1.0	0.6666666666666666
10.1039/d2gc02206k	neat	3.0	2.0	0.6666666666666666	tBuOK	2.0	NiBr2(DME)	Ni	2.2% LB3 NNN	N2	1.0	130.0	15.0	71.0	71.0	0	True	inert	2022	0.6666666666666666	1.0
10.1039/d2gc02206k	neat	4.0	2.0	0.5	tBuOK	2.0	NiBr2(DME)	Ni	2.2% LB3 NNN	N2	1.0	130.0	15.0	73.0	73.0	0	True	inert	2022	0.5	1.0
10.1039/d2gc02206k	neat	2.0	4.0	2.0	tBuOK	2.0	NiBr2(DME)	Ni	2.2% LB3 NNN	N2	1.0	130.0	3.0	22.0	22.0	0	False	inert	2022	1.0	0.5
10.1039/d2gc02206k	neat	2.0	4.0	2.0	tBuOK	2.0	NiBr2(DME)	Ni	2.2% LB3 NNN	N2	1.0	130.0	6.0	49.0	49.0	0	False	inert	2022	1.0	0.5
10.1039/d2gc02206k	neat	2.0	4.0	2.0	tBuOK	2.0	NiBr2(DME)	Ni	2.2% LB3 NNN	N2	1.0	130.0	12.0	80.0	80.0	0	True	inert	2022	1.0	0.5
10.1039/d2gc02206k	neat	2.0	4.0	2.0	tBuOK	2.0	NiBr2(DME)	Ni	2.2% LB3 NNN	N2	1.0	130.0	24.0	95.0	95.0	0	True	inert	2022	1.0	0.5
10.1039/d2gc02206k	neat	2.0	4.0	2.0	tBuOK	2.0	NiBr2(DME)	Ni	2.2% LB3 NNN	air	1.0	130.0	15.0	48.0	48.0	0	False	oxygen	2022	1.0	0.5
10.1039/d2gc02206k	neat	2.0	4.0	2.0	tBuOK	2.0	NiBr2(DME)	Ni	2.2% LB3 NNN	O2	1.0	130.0	15.0	0.0	0.0	0	False	oxygen	2022	1.0	0.5
10.1039/d2gc02206k	neat	2.0	4.0	2.0	tBuOK	2.0	NiBr2(DME)	Ni	0	N2	1.0	130.0	15.0	0.0	0.0	0	False	inert	2022	1.0	0.5
10.1039/d2gc02206k	neat	2.0	4.0	2.0	tBuOK	2.0	NiBr2(DME)	Ni	2.2% LB1 NNN	N2	1.0	130.0	15.0	83.0	83.0	0	True	inert	2022	1.0	0.5
10.1039/d2gc02206k	neat	2.0	4.0	2.0	tBuOK	2.0	NiBr2(DME)	Ni	2.2% LB2 NNN	N2	1.0	130.0	15.0	78.0	78.0	0	True	inert	2022	1.0	0.5
10.1039/d2gc02206k	neat	2.0	4.0	2.0	tBuOK	2.0	NiBr2(DME)	Ni	2.2% LB3 NNN	N2	1.0	130.0	15.0	95.0	95.0	0	True	inert	2022	1.0	0.5
10.1039/d2gc02206k	neat	2.0	4.0	2.0	tBuOK	2.0	NiBr2(DME)	Ni	2.2% LB4 NNN	N2	1.0	130.0	15.0	82.0	82.0	0	True	inert	2022	1.0	0.5
10.1039/d2gc02206k	neat	2.0	4.0	2.0	tBuOK	2.0	NiBr2(DME)	Ni	2.2% LB5 NNN	N2	1.0	130.0	15.0	74.0	74.0	0	True	inert	2022	1.0	0.5
10.1039/d2gc02206k	neat	2.0	4.0	2.0	tBuOK	2.0	NiBr2(DME)	Ni	2.2% LB6 N	N2	1.0	130.0	15.0	5.0	5.0	0	False	inert	2022	1.0	0.5
10.1039/d2gc02206k	neat	2.0	4.0	2.0	tBuOK	2.0	NiBr2(DME)	Ni	2.2% LB7 N	N2	1.0	130.0	15.0	5.0	5.0	0	False	inert	2022	1.0	0.5
10.1039/d2gc02206k	neat	2.0	4.0	2.0	tBuOK	2.0	NiBr2(DME)	Ni	2.2% LB8 N	N2	1.0	130.0	15.0	5.0	5.0	0	False	inert	2022	1.0	0.5
10.1039/d2gc02206k	neat	2.0	4.0	2.0	tBuOK	2.0	NiBr2(DME)	Ni	2.2% LB9 ONO	N2	1.0	130.0	15.0	5.0	5.0	0	False	inert	2022	1.0	0.5
10.1039/d2gc02206k	neat	2.0	4.0	2.0	tBuOK	2.0	NiBr2(DME)	Ni	2.2% LB10 SNS	N2	1.0	130.0	15.0	5.0	5.0	0	False	inert	2022	1.0	0.5
10.1039/d2gc02206k	neat	2.0	4.0	2.0	tBuOK	2.0	NiBr2(DME)	Ni	2.2% bpy	N2	1.0	130.0	15.0	26.0	26.0	0	False	inert	2022	1.0	0.5
10.1039/d2gc02206k	neat	2.0	4.0	2.0	tBuOK	2.0	NiBr2(DME)	Ni	2.2% 1,10-phen	N2	1.0	130.0	15.0	34.0	34.0	0	False	inert	2022	1.0	0.5
10.1039/d2gc02206k	neat	2.0	4.0	2.0	tBuOK	2.0	NiBr2	Ni	2.2% LB3 NNN	N2	1.0	130.0	15.0	12.0	12.0	0	False	inert	2022	1.0	0.5
10.1039/d2gc02206k	neat	2.0	4.0	2.0	tBuOK	2.0	NiCl2(DME)	Ni	2.2% LB3 NNN	N2	1.0	130.0	15.0	31.0	31.0	0	False	inert	2022	1.0	0.5
10.1039/d2gc02206k	neat	2.0	4.0	2.0	tBuOK	2.0	no		2.2% LB3 NNN	N2	0.0	130.0	15.0	0.0		0	False	inert	2022	1.0	0.5
10.1039/d2gc02206k	neat	2.0	4.0	2.0	tBuOK	2.0	NiCl2	Ni	2.2% LB3 NNN	N2	1.0	130.0	15.0	10.0	10.0	0	False	inert	2022	1.0	0.5
10.1039/d2gc02206k	neat	2.0	4.0	2.0	tBuOK	2.0	NiI2	Ni	2.2% LB3 NNN	N2	1.0	130.0	15.0	8.0	8.0	0	False	inert	2022	1.0	0.5
10.1039/d2gc02206k	neat	2.0	4.0	2.0	tBuOK	2.0	[NiCl(allyl)]2	Ni	2.2% LB3 NNN	N2	1.0	130.0	15.0	31.0	31.0	0	False	inert	2022	1.0	0.5
10.1039/d2gc02206k	neat	2.0	4.0	2.0	tBuOK	2.0	Li2NiBr4	Ni	2.2% LB3 NNN	N2	1.0	130.0	15.0	20.0	20.0	0	False	inert	2022	1.0	0.5
10.1039/d2gc02206k	neat	2.0	4.0	2.0	tBuOK	2.0	Ni(cod)2	Ni	2.2% LB3 NNN	N2	1.0	130.0	15.0	21.0	21.0	0	False	inert	2022	1.0	0.5
10.1039/d2gc02206k	neat	2.0	4.0	2.0	tBuOK	2.0	Ni(PPh3)4	Ni	2.2% LB3 NNN	N2	1.0	130.0	15.0	22.0	22.0	0	False	inert	2022	1.0	0.5
10.1039/d2gc02206k	neat	2.0	4.0	2.0	tBuOK	2.0	Ni(PPh3)2Cl2	Ni	2.2% LB3 NNN	N2	1.0	130.0	15.0	23.0	23.0	0	False	inert	2022	1.0	0.5
10.1039/d2gc02206k	neat	2.0	4.0	2.0	tBuOK	2.0	Ni(DPPM)Cl2	Ni	2.2% LB3 NNN	N2	1.0	130.0	15.0	32.0	32.0	0	False	inert	2022	1.0	0.5
10.1039/d2gc02206k	neat	2.0	4.0	2.0	tBuOK	2.0	Ni(DPPB)Cl2	Ni	2.2% LB3 NNN	N2	1.0	130.0	15.0	36.0	36.0	0	False	inert	2022	1.0	0.5
10.1039/d2gc02206k	neat	2.0	4.0	2.0	tBuOK	2.0	Ni(DPPP)Cl2	Ni	2.2% LB3 NNN	N2	1.0	130.0	15.0	24.0	24.0	0	False	inert	2022	1.0	0.5
10.1039/d2gc02206k	neat	2.0	4.0	2.0	tBuOK	2.0	Ni(DPPH)Cl2	Ni	2.2% LB3 NNN	N2	1.0	130.0	15.0	21.0	21.0	0	False	inert	2022	1.0	0.5
10.1039/d2gc02206k	neat	2.0	4.0	2.0	tBuOK	2.0	Ni(PCy3)2)Cl2	Ni	2.2% LB3 NNN	N2	1.0	130.0	15.0	12.0	12.0	0	False	inert	2022	1.0	0.5
10.1039/d2gc02206k	neat	2.0	4.0	2.0	tBuOK	2.0	Ni(acac)2	Ni	2.2% LB3 NNN	N2	1.0	130.0	15.0	28.0	28.0	0	False	inert	2022	1.0	0.5
10.1039/d2gc02206k	neat	2.0	4.0	2.0	tBuOK	2.0	NiN4Br	Ni	no	N2	0.05	130.0	15.0	86.0	1720.0	0	True	inert	2022	1.0	0.5
10.1039/d2gc02206k	neat	2.0	4.0	2.0	tBuOK	2.0	NiN4Br	Ni	no	N2	0.1	130.0	15.0	96.0	960.0	0	True	inert	2022	1.0	0.5
10.1039/d2cy00846g	neat	10.0	21.0	2.1	no base	0.0	MFBBCFPc		no	air?	0.05	25.0	18.0	81.0	1620.0	5 W LED	True	oxygen	2022	0.0	0.0
10.1039/d2dt01771g	DCM	0.96	0.96	1.0	no base	0.0	[CuNNO(OAc)]2	Cu	2% TEMPO	air	1.0	25.0	3.0	70.0	70.0	12 W White LEDs	True	oxygen	2022	0.0	0.0
10.1039/d2dt01771g	DCM	0.96	0.96	1.0	no base	0.0	Cu(OAc)2*H2O	Cu	2% TEMPO	air	0.5	25.0	3.0	0.0	0.0	12 W White LEDs	False	oxygen	2022	0.0	0.0
10.1039/d2dt01771g	MeCN	0.96	0.96	1.0	no base	0.0	Cu(OAc)2*H2O	Cu	2% TEMPO	air	0.5	25.0	3.0	0.0	0.0	12 W White LEDs	False	oxygen	2022	0.0	0.0
10.1021/acs.inorgchem.2c00703	PhMe	1.0	1.0	1.0	tBuOK	1.0	Cp*IrCl(N^O)1	Ir	no	air	0.5	80.0	10.0	88.0	176.0	0	True	oxygen	2022	1.0	1.0
10.1021/acs.inorgchem.2c00703	PhMe	1.0	1.0	1.0	tBuOK	1.0	Cp*IrCl(N^O)1	Ir	no	inert	0.5	80.0	10.0	88.0	176.0	0	True	inert	2022	1.0	1.0
10.1021/acs.inorgchem.2c00703	THF	1.0	1.0	1.0	tBuOK	1.0	Cp*IrCl(N^O)1	Ir	no	inert	0.5	80.0	10.0	33.0	66.0	0	False	inert	2022	1.0	1.0
10.1021/acs.inorgchem.2c00703	DMSO	1.0	1.0	1.0	tBuOK	1.0	Cp*IrCl(N^O)1	Ir	no	inert	0.5	80.0	10.0	30.0	60.0	0	False	inert	2022	1.0	1.0
10.1021/acs.inorgchem.2c00703	DMF	1.0	1.0	1.0	tBuOK	1.0	Cp*IrCl(N^O)1	Ir	no	inert	0.5	80.0	10.0	22.0	44.0	0	False	inert	2022	1.0	1.0
10.1021/acs.inorgchem.2c00703	dioxane	1.0	1.0	1.0	tBuOK	1.0	Cp*IrCl(N^O)1	Ir	no	inert	0.5	80.0	10.0	35.0	70.0	0	False	inert	2022	1.0	1.0
10.1021/acs.inorgchem.2c00703	hexane	1.0	1.0	1.0	tBuOK	1.0	Cp*IrCl(N^O)1	Ir	no	inert	0.5	80.0	10.0	0.0	0.0	0	False	inert	2022	1.0	1.0
10.1021/acs.inorgchem.2c00703	DCE	1.0	1.0	1.0	tBuOK	1.0	Cp*IrCl(N^O)1	Ir	no	inert	0.5	80.0	10.0	9.0	18.0	0	False	inert	2022	1.0	1.0
10.1021/acs.inorgchem.2c00703	PhMe	1.0	1.0	1.0	tBuONa	1.0	Cp*IrCl(N^O)1	Ir	no	inert	0.5	80.0	10.0	49.0	98.0	0	False	inert	2022	1.0	1.0
10.1021/acs.inorgchem.2c00703	PhMe	1.0	1.0	1.0	MeONa	1.0	Cp*IrCl(N^O)1	Ir	no	inert	0.5	80.0	10.0	44.0	88.0	0	False	inert	2022	1.0	1.0
10.1021/acs.inorgchem.2c00703	PhMe	1.0	1.0	1.0	KOH	1.0	Cp*IrCl(N^O)1	Ir	no	inert	0.5	80.0	10.0	20.0	40.0	0	False	inert	2022	1.0	1.0
10.1021/acs.inorgchem.2c00703	PhMe	1.0	1.0	1.0	K2CO3	1.0	Cp*IrCl(N^O)1	Ir	no	inert	0.5	80.0	10.0	4.0	8.0	0	False	inert	2022	1.0	1.0
10.1021/acs.inorgchem.2c00703	PhMe	1.0	1.0	1.0	Cs2CO3	1.0	Cp*IrCl(N^O)1	Ir	no	inert	0.5	80.0	10.0	2.0	4.0	0	False	inert	2022	1.0	1.0
10.1021/acs.inorgchem.2c00703	PhMe	1.0	1.0	1.0	Pyridine	1.0	Cp*IrCl(N^O)1	Ir	no	inert	0.5	80.0	10.0	3.0	6.0	0	False	inert	2022	1.0	1.0
10.1021/acs.inorgchem.2c00703	PhMe	1.0	1.0	1.0	Et3N	1.0	Cp*IrCl(N^O)1	Ir	no	inert	0.5	80.0	10.0	0.0	0.0	0	False	inert	2022	1.0	1.0
10.1021/acs.inorgchem.2c00703	PhMe	1.0	1.0	1.0	tBuOK	1.0	Cp*IrCl(N^O)1	Ir	no	inert	0.5	80.0	8.0	83.0	166.0	0	True	inert	2022	1.0	1.0
10.1021/acs.inorgchem.2c00703	PhMe	1.0	1.0	1.0	tBuOK	1.0	Cp*IrCl(N^O)1	Ir	no	inert	0.2	80.0	8.0	84.0	420.0	0	True	inert	2022	1.0	1.0
10.1021/acs.inorgchem.2c00703	PhMe	1.0	1.0	1.0	tBuOK	1.0	Cp*IrCl(N^O)1	Ir	no	inert	0.2	50.0	8.0	84.0	420.0	0	True	inert	2022	1.0	1.0
10.1021/acs.inorgchem.2c00703	PhMe	1.0	1.0	1.0	tBuOK	1.0	Cp*IrCl(N^O)1	Ir	no	inert	0.2	25.0	8.0	4.0	20.0	0	False	inert	2022	1.0	1.0
10.1021/acs.inorgchem.2c00703	PhMe	1.0	1.0	1.0	tBuOK	1.0	Cp*IrCl(N^O)2	Ir	no	inert	0.2	50.0	8.0	86.0	430.0	0	True	inert	2022	1.0	1.0
10.1021/acs.inorgchem.2c00703	PhMe	1.0	1.0	1.0	tBuOK	1.0	Cp*IrCl(N^O)3	Ir	no	inert	0.2	50.0	8.0	78.0	390.0	0	True	inert	2022	1.0	1.0
10.1021/acs.inorgchem.2c00703	PhMe	1.0	1.0	1.0	tBuOK	1.0	Cp*IrCl(N^O)4	Ir	no	inert	0.2	50.0	8.0	77.0	385.0	0	True	inert	2022	1.0	1.0
10.1021/acs.inorgchem.2c00703	PhMe	1.0	1.0	1.0	tBuOK	1.0	[Cp*IrCl2]2	Ir	no	inert	0.2	50.0	8.0	0.0	0.0	0	False	inert	2022	1.0	1.0
10.1021/acs.inorgchem.2c00703	PhMe	1.0	1.0	1.0	tBuOK	1.0	no		no	inert	0.0	50.0	8.0	0.0		0	False	inert	2022	1.0	1.0
10.1039/d2gc00827k	PhMe	1.0	25.0	25.0	no base	0.0	10Cu-5Co/MgAl-LDO	Cu	no	H2	24.0	200.0	4.0	89.0	3.7083333333333335	1 atm H2	True	inert	2022	0.0	0.0
10.1039/d1ra09052f	neat	1.0	2.0	2.0	no base	0.0	GIrNC	Ir	no	air?	4.0	110.0	24.0	60.0	15.0	0	False	oxygen	2022	0.0	0.0
10.1039/d1ra09052f	neat	1.0	2.0	2.0	no base	0.0	GIrNC	Ir	no	air?	1.0	110.0	24.0	99.0	99.0	0	True	oxygen	2022	0.0	0.0
10.1016/j.jcat.2022.08.014	neat	2.89	2.89	1.0	CsOH	2.89	no		no	air	0.0	80.0	18.0	5.0	inf	0	False	oxygen	2022	1.0	1.0
10.1016/j.jcat.2022.08.014	neat	2.89	2.89	1.0	CsOH	2.89	no		no	air	0.0	100.0	18.0	17.0	inf	0	False	oxygen	2022	1.0	1.0
10.1016/j.jcat.2022.08.014	neat	2.89	2.89	1.0	CsOH	2.89	no		no	air	0.0	120.0	18.0	25.0	inf	0	False	oxygen	2022	1.0	1.0
10.1016/j.jcat.2022.08.014	neat	2.89	2.89	1.0	CsOH	2.89	no		no	air	0.0	140.0	18.0	28.0	inf	0	False	oxygen	2022	1.0	1.0
10.1016/j.jcat.2022.08.014	neat	2.89	2.89	1.0	CsOH	2.89	no		no	air	0.0	160.0	18.0	48.0	inf	0	False	oxygen	2022	1.0	1.0
10.1016/j.jcat.2022.08.014	neat	2.89	2.89	1.0	tBuOK	2.89	no		no	air	0.0	80.0	18.0	72.0	inf	0	True	oxygen	2022	1.0	1.0
10.1016/j.jcat.2022.08.014	neat	2.89	2.89	1.0	tBuOK	2.89	no		no	air	0.0	100.0	18.0	65.0	inf	0	False	oxygen	2022	1.0	1.0
10.1016/j.jcat.2022.08.014	neat	2.89	2.89	1.0	tBuOK	2.89	no		no	air	0.0	120.0	18.0	60.0	inf	0	False	oxygen	2022	1.0	1.0
10.1016/j.jcat.2022.08.014	neat	2.89	2.89	1.0	tBuOK	2.89	no		no	air	0.0	140.0	18.0	43.0	inf	0	False	oxygen	2022	1.0	1.0
10.1016/j.jcat.2022.08.014	neat	2.89	2.89	1.0	tBuOK	2.89	no		no	air	0.0	160.0	18.0	33.0	inf	0	False	oxygen	2022	1.0	1.0
10.1016/j.jcat.2022.08.014	neat	2.89	2.89	1.0	KOH	2.89	no		no	air	0.0	80.0	18.0	2.0	inf	0	False	oxygen	2022	1.0	1.0
10.1016/j.jcat.2022.08.014	neat	2.89	2.89	1.0	KOH	2.89	no		no	air	0.0	100.0	18.0	7.0	inf	0	False	oxygen	2022	1.0	1.0
10.1016/j.jcat.2022.08.014	neat	2.89	2.89	1.0	KOH	2.89	no		no	air	0.0	120.0	18.0	13.0	inf	0	False	oxygen	2022	1.0	1.0
10.1016/j.jcat.2022.08.014	neat	2.89	2.89	1.0	KOH	2.89	no		no	air	0.0	140.0	18.0	39.0	inf	0	False	oxygen	2022	1.0	1.0
10.1016/j.jcat.2022.08.014	neat	2.89	2.89	1.0	KOH	2.89	no		no	air	0.0	160.0	18.0	42.0	inf	0	False	oxygen	2022	1.0	1.0
10.1016/j.jcat.2022.08.014	neat	2.89	2.89	1.0	NaOH	2.89	no		no	air	0.0	80.0	18.0	0.0		0	False	oxygen	2022	1.0	1.0
10.1016/j.jcat.2022.08.014	neat	2.89	2.89	1.0	NaOH	2.89	no		no	air	0.0	100.0	18.0	0.0		0	False	oxygen	2022	1.0	1.0
10.1016/j.jcat.2022.08.014	neat	2.89	2.89	1.0	NaOH	2.89	no		no	air	0.0	120.0	18.0	7.0	inf	0	False	oxygen	2022	1.0	1.0
10.1016/j.jcat.2022.08.014	neat	2.89	2.89	1.0	NaOH	2.89	no		no	air	0.0	140.0	18.0	16.0	inf	0	False	oxygen	2022	1.0	1.0
10.1016/j.jcat.2022.08.014	neat	2.89	2.89	1.0	NaOH	2.89	no		no	air	0.0	160.0	18.0	0.0		0	False	oxygen	2022	1.0	1.0
10.1016/j.jcat.2022.08.014	neat	2.89	2.89	1.0	LiOH	2.89	no		no	air	0.0	80.0	18.0	0.0		0	False	oxygen	2022	1.0	1.0
10.1016/j.jcat.2022.08.014	neat	2.89	2.89	1.0	LiOH	2.89	no		no	air	0.0	100.0	18.0	0.0		0	False	oxygen	2022	1.0	1.0
10.1016/j.jcat.2022.08.014	neat	2.89	2.89	1.0	LiOH	2.89	no		no	air	0.0	120.0	18.0	0.0		0	False	oxygen	2022	1.0	1.0
10.1016/j.jcat.2022.08.014	neat	2.89	2.89	1.0	LiOH	2.89	no		no	air	0.0	140.0	18.0	3.0	inf	0	False	oxygen	2022	1.0	1.0
10.1016/j.jcat.2022.08.014	neat	2.89	2.89	1.0	LiOH	2.89	no		no	air	0.0	160.0	18.0	0.0		0	False	oxygen	2022	1.0	1.0
10.1016/j.jcat.2022.08.014	neat	2.89	2.89	1.0	K2CO3	2.89	no		no	air	0.0	80.0	18.0	0.0		0	False	oxygen	2022	1.0	1.0
10.1016/j.jcat.2022.08.014	neat	2.89	2.89	1.0	K2CO3	2.89	no		no	air	0.0	100.0	18.0	0.0		0	False	oxygen	2022	1.0	1.0
10.1016/j.jcat.2022.08.014	neat	2.89	2.89	1.0	K2CO3	2.89	no		no	air	0.0	120.0	18.0	0.0		0	False	oxygen	2022	1.0	1.0
10.1016/j.jcat.2022.08.014	neat	2.89	2.89	1.0	K2CO3	2.89	no		no	air	0.0	140.0	18.0	0.0		0	False	oxygen	2022	1.0	1.0
10.1016/j.jcat.2022.08.014	neat	2.89	2.89	1.0	K2CO3	2.89	no		no	air	0.0	160.0	18.0	17.0	inf	0	False	oxygen	2022	1.0	1.0
10.1016/j.jcat.2022.08.014	neat	2.89	2.89	1.0	KOH	0.289	no		no	air	0.0	90.0	24.0	0.0		0	False	oxygen	2022	0.0999999999999999	0.0999999999999999
10.1016/j.jcat.2022.08.014	neat	2.89	2.89	1.0	KOH	2.89	no		no	air	0.0	90.0	24.0	0.0		0	False	oxygen	2022	1.0	1.0
10.1016/j.jcat.2022.08.014	neat	2.89	2.89	1.0	K2CO3	0.289	no		no	air	0.0	90.0	24.0	0.0		0	False	oxygen	2022	0.0999999999999999	0.0999999999999999
10.1016/j.jcat.2022.08.014	neat	2.89	2.89	1.0	K2CO3	2.89	no		no	air	0.0	90.0	24.0	0.0		0	False	oxygen	2022	1.0	1.0
10.1016/j.jcat.2022.08.014	neat	6.0	6.0	1.0	tBuOK	6.0	no		no	air	0.0	80.0	24.0	22.0	inf	0	False	oxygen	2022	1.0	1.0
10.1016/j.jcat.2022.08.014	neat	2.67	2.67	1.0	tBuOK	2.67	no		no	air	0.0	80.0	24.0	31.0	inf	0	False	oxygen	2022	1.0	1.0
10.1016/j.jcat.2022.08.014	neat	1.38	1.38	1.0	tBuOK	1.38	no		no	air	0.0	80.0	24.0	52.0	inf	0	False	oxygen	2022	1.0	1.0
10.1016/j.jcat.2022.08.014	neat	4.22	4.22	1.0	tBuOK	4.22	no		no	air	0.0	80.0	24.0	57.0	inf	0	False	oxygen	2022	1.0	1.0
10.1016/j.jcat.2022.08.014	neat	3.36	3.36	1.0	tBuOK	3.36	no		no	air	0.0	80.0	24.0	69.0	inf	0	True	oxygen	2022	1.0	1.0
10.1016/j.jcat.2022.08.014	neat	2.89	2.89	1.0	tBuOK	2.89	no		no	air	0.0	80.0	24.0	72.0	inf	0	True	oxygen	2022	1.0	1.0
10.1016/j.jcat.2022.08.014	neat	2.41	2.41	1.0	tBuOK	2.41	no		no	air	0.0	80.0	24.0	65.0	inf	0	False	oxygen	2022	1.0	1.0
10.1016/j.jcat.2022.08.014	neat	2.03	2.03	1.0	tBuOK	2.03	no		no	air	0.0	80.0	24.0	51.0	inf	0	False	oxygen	2022	1.0	1.0
10.1016/j.jcat.2022.08.014	neat	1.33	1.33	1.0	tBuOK	1.33	no		no	air	0.0	80.0	24.0	14.0	inf	0	False	oxygen	2022	1.0	1.0
10.1016/j.jcat.2022.08.014	neat	2.89	2.89	1.0	tBuOK	2.89	no		no	air	0.0	60.0	24.0	2.0	inf	0	False	oxygen	2022	1.0	1.0
10.1016/j.jcat.2022.08.014	neat	6.0	6.0	1.0	tBuOK	6.0	no		no	air	0.0	60.0	24.0	28.0	inf	0	False	oxygen	2022	1.0	1.0
10.1016/j.jcat.2022.08.014	neat	2.67	2.67	1.0	tBuOK	2.67	no		no	air	0.0	60.0	24.0	37.0	inf	0	False	oxygen	2022	1.0	1.0
10.1016/j.jcat.2022.08.014	neat	1.38	1.38	1.0	tBuOK	1.38	no		no	air	0.0	60.0	24.0	35.0	inf	0	False	oxygen	2022	1.0	1.0
10.1016/j.jcat.2022.08.014	neat	4.22	4.22	1.0	tBuOK	4.22	no		no	air	0.0	60.0	24.0	45.0	inf	0	False	oxygen	2022	1.0	1.0
10.1016/j.jcat.2022.08.014	neat	3.36	3.36	1.0	tBuOK	3.36	no		no	air	0.0	60.0	24.0	45.0	inf	0	False	oxygen	2022	1.0	1.0
10.1016/j.jcat.2022.08.014	neat	2.89	2.89	1.0	tBuOK	2.89	no		no	air	0.0	60.0	24.0	44.0	inf	0	False	oxygen	2022	1.0	1.0
10.1016/j.jcat.2022.08.014	neat	2.41	2.41	1.0	tBuOK	2.41	no		no	air	0.0	60.0	24.0	39.0	inf	0	False	oxygen	2022	1.0	1.0
10.1016/j.jcat.2022.08.014	neat	2.03	2.03	1.0	tBuOK	2.03	no		no	air	0.0	60.0	24.0	26.0	inf	0	False	oxygen	2022	1.0	1.0
10.1016/j.jcat.2022.08.014	neat	1.33	1.33	1.0	tBuOK	1.33	no		no	air	0.0	60.0	24.0	2.0	inf	0	False	oxygen	2022	1.0	1.0
10.1016/j.jcat.2022.08.014	neat	6.0	6.0	1.0	tBuOK	6.0	no		no	air	0.0	70.0	24.0	29.0	inf	0	False	oxygen	2022	1.0	1.0
10.1016/j.jcat.2022.08.014	neat	2.67	2.67	1.0	tBuOK	2.67	no		no	air	0.0	70.0	24.0	38.0	inf	0	False	oxygen	2022	1.0	1.0
10.1016/j.jcat.2022.08.014	neat	1.38	1.38	1.0	tBuOK	1.38	no		no	air	0.0	70.0	24.0	39.0	inf	0	False	oxygen	2022	1.0	1.0
10.1016/j.jcat.2022.08.014	neat	4.22	4.22	1.0	tBuOK	4.22	no		no	air	0.0	70.0	24.0	57.0	inf	0	False	oxygen	2022	1.0	1.0
10.1016/j.jcat.2022.08.014	neat	3.36	3.36	1.0	tBuOK	3.36	no		no	air	0.0	70.0	24.0	60.0	inf	0	False	oxygen	2022	1.0	1.0
10.1016/j.jcat.2022.08.014	neat	2.89	2.89	1.0	tBuOK	2.89	no		no	air	0.0	70.0	24.0	55.0	inf	0	False	oxygen	2022	1.0	1.0
10.1016/j.jcat.2022.08.014	neat	2.41	2.41	1.0	tBuOK	2.41	no		no	air	0.0	70.0	24.0	51.0	inf	0	False	oxygen	2022	1.0	1.0
10.1016/j.jcat.2022.08.014	neat	2.03	2.03	1.0	tBuOK	2.03	no		no	air	0.0	70.0	24.0	46.0	inf	0	False	oxygen	2022	1.0	1.0
10.1016/j.jcat.2022.08.014	neat	1.33	1.33	1.0	tBuOK	1.33	no		no	air	0.0	70.0	24.0	3.0	inf	0	False	oxygen	2022	1.0	1.0
10.1016/j.jcat.2022.08.014	neat	6.0	6.0	1.0	tBuOK	6.0	no		no	air	0.0	90.0	24.0	23.0	inf	0	False	oxygen	2022	1.0	1.0
10.1016/j.jcat.2022.08.014	neat	2.67	2.67	1.0	tBuOK	2.67	no		no	air	0.0	90.0	24.0	36.0	inf	0	False	oxygen	2022	1.0	1.0
10.1016/j.jcat.2022.08.014	neat	1.38	1.38	1.0	tBuOK	1.38	no		no	air	0.0	90.0	24.0	58.0	inf	0	False	oxygen	2022	1.0	1.0
10.1016/j.jcat.2022.08.014	neat	4.22	4.22	1.0	tBuOK	4.22	no		no	air	0.0	90.0	24.0	63.0	inf	0	False	oxygen	2022	1.0	1.0
10.1016/j.jcat.2022.08.014	neat	3.36	3.36	1.0	tBuOK	3.36	no		no	air	0.0	90.0	24.0	68.0	inf	0	True	oxygen	2022	1.0	1.0
10.1016/j.jcat.2022.08.014	neat	2.89	2.89	1.0	tBuOK	2.89	no		no	air	0.0	90.0	24.0	75.0	inf	0	True	oxygen	2022	1.0	1.0
10.1016/j.jcat.2022.08.014	neat	2.41	2.41	1.0	tBuOK	2.41	no		no	air	0.0	90.0	24.0	67.0	inf	0	True	oxygen	2022	1.0	1.0
10.1016/j.jcat.2022.08.014	neat	2.03	2.03	1.0	tBuOK	2.03	no		no	air	0.0	90.0	24.0	49.0	inf	0	False	oxygen	2022	1.0	1.0
10.1016/j.jcat.2022.08.014	neat	1.33	1.33	1.0	tBuOK	1.33	no		no	air	0.0	90.0	24.0	19.0	inf	0	False	oxygen	2022	1.0	1.0
10.1016/j.jcat.2022.08.014	neat	6.0	6.0	1.0	tBuOK	6.0	no		no	air	0.0	100.0	24.0	14.0	inf	0	False	oxygen	2022	1.0	1.0
10.1016/j.jcat.2022.08.014	neat	2.67	2.67	1.0	tBuOK	2.67	no		no	air	0.0	100.0	24.0	23.0	inf	0	False	oxygen	2022	1.0	1.0
10.1016/j.jcat.2022.08.014	neat	1.38	1.38	1.0	tBuOK	1.38	no		no	air	0.0	100.0	24.0	40.0	inf	0	False	oxygen	2022	1.0	1.0
10.1016/j.jcat.2022.08.014	neat	4.22	4.22	1.0	tBuOK	4.22	no		no	air	0.0	100.0	24.0	58.0	inf	0	False	oxygen	2022	1.0	1.0
10.1016/j.jcat.2022.08.014	neat	3.36	3.36	1.0	tBuOK	3.36	no		no	air	0.0	100.0	24.0	67.0	inf	0	True	oxygen	2022	1.0	1.0
10.1016/j.jcat.2022.08.014	neat	2.89	2.89	1.0	tBuOK	2.89	no		no	air	0.0	100.0	24.0	73.0	inf	0	True	oxygen	2022	1.0	1.0
10.1016/j.jcat.2022.08.014	neat	2.41	2.41	1.0	tBuOK	2.41	no		no	air	0.0	100.0	24.0	69.0	inf	0	True	oxygen	2022	1.0	1.0
10.1016/j.jcat.2022.08.014	neat	2.03	2.03	1.0	tBuOK	2.03	no		no	air	0.0	100.0	24.0	46.0	inf	0	False	oxygen	2022	1.0	1.0
10.1016/j.jcat.2022.08.014	neat	1.33	1.33	1.0	tBuOK	1.33	no		no	air	0.0	100.0	24.0	21.0	inf	0	False	oxygen	2022	1.0	1.0
10.1016/j.jcat.2022.08.014	neat	6.0	6.0	1.0	tBuOK	6.0	no		no	air	0.0	110.0	24.0	18.0	inf	0	False	oxygen	2022	1.0	1.0
10.1016/j.jcat.2022.08.014	neat	2.67	2.67	1.0	tBuOK	2.67	no		no	air	0.0	110.0	24.0	10.0	inf	0	False	oxygen	2022	1.0	1.0
10.1016/j.jcat.2022.08.014	neat	1.38	1.38	1.0	tBuOK	1.38	no		no	air	0.0	110.0	24.0	22.0	inf	0	False	oxygen	2022	1.0	1.0
10.1016/j.jcat.2022.08.014	neat	4.22	4.22	1.0	tBuOK	4.22	no		no	air	0.0	110.0	24.0	56.0	inf	0	False	oxygen	2022	1.0	1.0
10.1016/j.jcat.2022.08.014	neat	3.36	3.36	1.0	tBuOK	3.36	no		no	air	0.0	110.0	24.0	69.0	inf	0	True	oxygen	2022	1.0	1.0
10.1016/j.jcat.2022.08.014	neat	2.89	2.89	1.0	tBuOK	2.89	no		no	air	0.0	110.0	24.0	76.0	inf	0	True	oxygen	2022	1.0	1.0
10.1016/j.jcat.2022.08.014	neat	2.41	2.41	1.0	tBuOK	2.41	no		no	air	0.0	110.0	24.0	63.0	inf	0	False	oxygen	2022	1.0	1.0
10.1016/j.jcat.2022.08.014	neat	2.03	2.03	1.0	tBuOK	2.03	no		no	air	0.0	110.0	24.0	51.0	inf	0	False	oxygen	2022	1.0	1.0
10.1016/j.jcat.2022.08.014	neat	1.33	1.33	1.0	tBuOK	1.33	no		no	air	0.0	110.0	24.0	39.0	inf	0	False	oxygen	2022	1.0	1.0
10.1016/j.jcat.2022.08.014	neat	6.0	6.0	1.0	tBuOK	6.0	no		no	air	0.0	120.0	24.0	27.0	inf	0	False	oxygen	2022	1.0	1.0
10.1016/j.jcat.2022.08.014	neat	2.67	2.67	1.0	tBuOK	2.67	no		no	air	0.0	120.0	24.0	1.0	inf	0	False	oxygen	2022	1.0	1.0
10.1016/j.jcat.2022.08.014	neat	1.38	1.38	1.0	tBuOK	1.38	no		no	air	0.0	120.0	24.0	3.0	inf	0	False	oxygen	2022	1.0	1.0
10.1016/j.jcat.2022.08.014	neat	4.22	4.22	1.0	tBuOK	4.22	no		no	air	0.0	120.0	24.0	43.0	inf	0	False	oxygen	2022	1.0	1.0
10.1016/j.jcat.2022.08.014	neat	3.36	3.36	1.0	tBuOK	3.36	no		no	air	0.0	120.0	24.0	49.0	inf	0	False	oxygen	2022	1.0	1.0
10.1016/j.jcat.2022.08.014	neat	2.89	2.89	1.0	tBuOK	2.89	no		no	air	0.0	120.0	24.0	59.0	inf	0	False	oxygen	2022	1.0	1.0
10.1016/j.jcat.2022.08.014	neat	2.41	2.41	1.0	tBuOK	2.41	no		no	air	0.0	120.0	24.0	46.0	inf	0	False	oxygen	2022	1.0	1.0
10.1016/j.jcat.2022.08.014	neat	2.03	2.03	1.0	tBuOK	2.03	no		no	air	0.0	120.0	24.0	54.0	inf	0	False	oxygen	2022	1.0	1.0
10.1016/j.jcat.2022.08.014	neat	1.33	1.33	1.0	tBuOK	1.33	no		no	air	0.0	120.0	24.0	43.0	inf	0	False	oxygen	2022	1.0	1.0
10.1016/j.jcat.2022.08.014	neat	2.94	2.94	1.0	tBuOK	2.94	no		no	air	0.0	25.0	18.0	0.0		0	False	oxygen	2022	1.0	1.0
10.1016/j.jcat.2022.08.014	neat	2.94	2.94	1.0	tBuOK	2.94	no		no	air	0.0	40.0	18.0	0.0		0	False	oxygen	2022	1.0	1.0
10.1016/j.jcat.2022.08.014	neat	2.94	2.94	1.0	tBuOK	2.94	no		no	air	0.0	60.0	18.0	25.0	inf	0	False	oxygen	2022	1.0	1.0
10.1016/j.jcat.2022.08.014	neat	2.94	2.94	1.0	tBuOK	2.94	no		no	air	0.0	70.0	18.0	30.0	inf	0	False	oxygen	2022	1.0	1.0
10.1016/j.jcat.2022.08.014	neat	2.94	2.94	1.0	tBuOK	2.94	no		no	air	0.0	80.0	18.0	72.0	inf	0	True	oxygen	2022	1.0	1.0
10.1016/j.jcat.2022.08.014	neat	2.94	2.94	1.0	tBuOK	2.94	no		no	air	0.0	90.0	18.0	73.0	inf	0	True	oxygen	2022	1.0	1.0
10.1016/j.jcat.2022.08.014	neat	2.94	2.94	1.0	tBuOK	2.94	no		no	air	0.0	100.0	18.0	65.0	inf	0	False	oxygen	2022	1.0	1.0
10.1016/j.jcat.2022.08.014	neat	2.94	2.94	1.0	tBuOK	2.94	no		no	air	0.0	120.0	18.0	60.0	inf	0	False	oxygen	2022	1.0	1.0
10.1016/j.jcat.2022.08.014	neat	2.94	2.94	1.0	tBuOK	2.94	no		no	air	0.0	140.0	18.0	43.0	inf	0	False	oxygen	2022	1.0	1.0
10.1016/j.jcat.2022.08.014	neat	2.94	2.94	1.0	tBuOK	2.94	no		no	air	0.0	160.0	18.0	33.0	inf	0	False	oxygen	2022	1.0	1.0
10.1016/j.jcat.2022.08.014	PhMe	4.22	2.81	0.6658767772511849	tBuOK	2.81	no		no	air	0.0	25.0	24.0	0.0		0	False	oxygen	2022	0.6658767772511849	1.0
10.1016/j.jcat.2022.08.014	PhMe	4.22	2.81	0.6658767772511849	tBuOK	2.81	no		no	air	0.0	40.0	24.0	0.0		0	False	oxygen	2022	0.6658767772511849	1.0
10.1016/j.jcat.2022.08.014	PhMe	4.22	2.81	0.6658767772511849	tBuOK	2.81	no		no	air	0.0	60.0	24.0	6.0	inf	0	False	oxygen	2022	0.6658767772511849	1.0
10.1016/j.jcat.2022.08.014	PhMe	4.22	2.81	0.6658767772511849	tBuOK	2.81	no		no	air	0.0	80.0	24.0	52.0	inf	0	False	oxygen	2022	0.6658767772511849	1.0
10.1016/j.jcat.2022.08.014	PhMe	4.22	2.81	0.6658767772511849	tBuOK	2.81	no		no	air	0.0	90.0	24.0	70.0	inf	0	True	oxygen	2022	0.6658767772511849	1.0
10.1016/j.jcat.2022.08.014	PhMe	4.22	2.81	0.6658767772511849	tBuOK	2.81	no		no	air	0.0	100.0	24.0	67.0	inf	0	True	oxygen	2022	0.6658767772511849	1.0
10.1016/j.jcat.2022.08.014	PhMe	4.22	2.81	0.6658767772511849	tBuOK	2.81	no		no	air	0.0	120.0	24.0	31.0	inf	0	False	oxygen	2022	0.6658767772511849	1.0
10.1016/j.jcat.2022.08.014	PhMe	4.22	2.81	0.6658767772511849	tBuOK	2.81	no		no	air	0.0	140.0	24.0	19.0	inf	0	False	oxygen	2022	0.6658767772511849	1.0
10.1016/j.jcat.2022.08.014	PhMe	4.22	2.81	0.6658767772511849	tBuOK	2.81	no		no	air	0.0	160.0	24.0	20.0	inf	0	False	oxygen	2022	0.6658767772511849	1.0
10.1016/j.jcat.2022.08.014	neat	1.47	2.94	2.0	tBuOK	2.94	no		no	air	0.0	90.0	18.0	51.0	inf	0	False	oxygen	2022	2.0	1.0
10.1016/j.jcat.2022.08.014	neat	2.94	2.94	1.0	tBuOK	2.94	no		no	air	0.0	90.0	18.0	68.0	inf	0	True	oxygen	2022	1.0	1.0
10.1016/j.jcat.2022.08.014	neat	4.41	2.94	0.6666666666666666	tBuOK	2.94	no		no	air	0.0	90.0	18.0	75.0	inf	0	True	oxygen	2022	0.6666666666666666	1.0
10.1016/j.jcat.2022.08.014	neat	5.88	2.94	0.5	tBuOK	2.94	no		no	air	0.0	90.0	18.0	44.0	inf	0	False	oxygen	2022	0.5	1.0
10.1016/j.jcat.2022.08.014	neat	8.82	2.94	0.3333333333333333	tBuOK	2.94	no		no	air	0.0	90.0	18.0	44.0	inf	0	False	oxygen	2022	0.3333333333333333	1.0
10.1016/j.jcat.2022.08.014	neat	4.41	2.94	0.6666666666666666	tBuOK	2.94	no		no	air	0.0	80.0	18.0	61.0	inf	0	False	oxygen	2022	0.6666666666666666	1.0
10.1016/j.jcat.2022.08.014	PhMe	0.9273	2.81	3.0303030303030303	tBuOK	2.81	no		no	air	0.0	90.0	24.0	32.0	inf	0	False	oxygen	2022	3.0303030303030303	1.0
10.1016/j.jcat.2022.08.014	PhMe	0.9273	2.81	3.0303030303030303	tBuOK	2.81	no		no	air	0.0	90.0	48.0	56.0	inf	0	False	oxygen	2022	3.0303030303030303	1.0
10.1016/j.jcat.2022.08.014	PhMe	1.405	2.81	2.0	tBuOK	2.81	no		no	air	0.0	90.0	24.0	47.0	inf	0	False	oxygen	2022	2.0	1.0
10.1016/j.jcat.2022.08.014	PhMe	1.405	2.81	2.0	tBuOK	2.81	no		no	air	0.0	70.0	24.0	35.0	inf	0	False	oxygen	2022	2.0	1.0
10.1016/j.jcat.2022.08.014	PhMe	1.405	2.81	2.0	tBuOK	2.81	no		no	air	0.0	110.0	24.0	26.0	inf	0	False	oxygen	2022	2.0	1.0
10.1016/j.jcat.2022.08.014	PhMe	1.405	2.81	2.0	tBuOK	2.81	no		no	air	0.0	130.0	24.0	18.0	inf	0	False	oxygen	2022	2.0	1.0
10.1016/j.jcat.2022.08.014	PhMe	1.405	2.81	2.0	tBuOK	2.81	no		no	air	0.0	90.0	24.0	31.0	inf	больше толуола	False	oxygen	2022	2.0	1.0
10.1016/j.jcat.2022.08.014	PhMe	1.405	2.81	2.0	tBuOK	2.81	no		no	air	0.0	90.0	48.0	61.0	inf	0	False	oxygen	2022	2.0	1.0
10.1016/j.jcat.2022.08.014	PhMe	2.1075	2.81	1.3333333333333337	tBuOK	2.81	no		no	air	0.0	90.0	24.0	62.0	inf	0	False	oxygen	2022	1.3333333333333337	1.0
10.1016/j.jcat.2022.08.014	PhMe	2.1075	2.81	1.3333333333333337	tBuOK	2.81	no		no	air	0.0	90.0	48.0	56.0	inf	0	False	oxygen	2022	1.3333333333333337	1.0
10.1016/j.jcat.2022.08.014	PhMe	2.81	2.81	1.0	tBuOK	2.81	no		no	air	0.0	90.0	24.0	58.0	inf	0	False	oxygen	2022	1.0	1.0
10.1016/j.jcat.2022.08.014	PhMe	2.81	2.81	1.0	tBuOK	2.81	no		no	air	0.0	90.0	48.0	58.0	inf	0	False	oxygen	2022	1.0	1.0
10.1016/j.jcat.2022.08.014	PhMe	4.215	2.81	0.6666666666666667	tBuOK	2.81	no		no	air	0.0	90.0	24.0	70.0	inf	0	True	oxygen	2022	0.6666666666666667	1.0
10.1016/j.jcat.2022.08.014	PhMe	5.62	2.81	0.5	tBuOK	2.81	no		no	air	0.0	90.0	24.0	73.0	inf	0	True	oxygen	2022	0.5	1.0
10.1016/j.jcat.2022.08.014	neat	4.42	2.94	0.665158371040724	tBuOK	1.47	no		no	air	0.0	90.0	18.0	10.0	inf	0	False	oxygen	2022	0.332579185520362	0.5
10.1016/j.jcat.2022.08.014	neat	4.42	2.94	0.665158371040724	tBuOK	2.352	no		no	air	0.0	90.0	18.0	55.0	inf	0	False	oxygen	2022	0.5321266968325792	0.7999999999999999
10.1016/j.jcat.2022.08.014	neat	4.42	2.94	0.665158371040724	tBuOK	2.94	no		no	air	0.0	90.0	18.0	76.0	inf	0	True	oxygen	2022	0.665158371040724	1.0
10.1016/j.jcat.2022.08.014	neat	4.42	2.94	0.665158371040724	tBuOK	4.41	no		no	air	0.0	90.0	18.0	35.0	inf	0	False	oxygen	2022	0.997737556561086	1.5
10.1016/j.jcat.2022.08.014	neat	4.42	2.94	0.665158371040724	tBuOK	5.89	no		no	air	0.0	90.0	18.0	31.0	inf	0	False	oxygen	2022	1.332579185520362	2.003401360544218
10.1016/j.jcat.2022.08.014	PhMe	4.22	2.81	0.6658767772511849	tBuOK	0.7025	no		no	air	0.0	90.0	24.0	0.0		0	False	oxygen	2022	0.1664691943127962	0.25
10.1016/j.jcat.2022.08.014	PhMe	4.22	2.81	0.6658767772511849	tBuOK	1.405	no		no	air	0.0	90.0	24.0	0.0		0	False	oxygen	2022	0.3329383886255924	0.5
10.1016/j.jcat.2022.08.014	PhMe	4.22	2.81	0.6658767772511849	tBuOK	2.1075	no		no	air	0.0	90.0	24.0	22.0	inf	0	False	oxygen	2022	0.4994075829383886	0.75
10.1016/j.jcat.2022.08.014	PhMe	4.22	2.81	0.6658767772511849	tBuOK	2.81	no		no	air	0.0	90.0	24.0	76.0	inf	0	True	oxygen	2022	0.6658767772511849	1.0
10.1016/j.jcat.2022.08.014	PhMe	1.41	2.91	2.063829787234043	tBuOK	1.41	no		no	air	0.0	90.0	24.0	35.0	inf	0	False	oxygen	2022	1.0	0.4845360824742267
10.1016/j.jcat.2022.08.014	PhMe	1.41	2.91	2.063829787234043	tBuOK	1.7625	no		no	air	0.0	90.0	24.0	18.0	inf	0	False	oxygen	2022	1.25	0.6056701030927835
10.1016/j.jcat.2022.08.014	PhMe	1.41	2.91	2.063829787234043	tBuOK	1.7625	no		no	air	0.0	90.0	48.0	29.0	inf	0	False	oxygen	2022	1.25	0.6056701030927835
10.1016/j.jcat.2022.08.014	PhMe	1.41	2.91	2.063829787234043	tBuOK	2.115	no		no	air	0.0	90.0	24.0	39.0	inf	0	False	oxygen	2022	1.5000000000000002	0.7268041237113403
10.1016/j.jcat.2022.08.014	PhMe	1.41	2.91	2.063829787234043	tBuOK	2.115	no		no	air	0.0	90.0	48.0	63.0	inf	0	False	oxygen	2022	1.5000000000000002	0.7268041237113403
10.1016/j.jcat.2022.08.014	PhMe	1.41	2.91	2.063829787234043	tBuOK	2.4675	no		no	air	0.0	90.0	24.0	60.0	inf	0	False	oxygen	2022	1.75	0.8479381443298968
10.1016/j.jcat.2022.08.014	PhMe	1.41	2.91	2.063829787234043	tBuOK	2.4675	no		no	air	0.0	90.0	48.0	89.0	inf	0	True	oxygen	2022	1.75	0.8479381443298968
10.1016/j.jcat.2022.08.014	PhMe	1.41	2.91	2.063829787234043	tBuOK	2.82	no		no	air	0.0	90.0	24.0	62.0	inf	0	False	oxygen	2022	2.0	0.9690721649484536
10.1016/j.jcat.2022.08.014	PhMe	1.41	2.91	2.063829787234043	tBuOK	2.82	no		no	air	0.0	90.0	48.0	57.0	inf	0	False	oxygen	2022	2.0	0.9690721649484536
10.1016/j.jcat.2022.08.014	PhMe	1.41	2.91	2.063829787234043	tBuOK	3.1725	no		no	air	0.0	90.0	24.0	31.0	inf	0	False	oxygen	2022	2.25	1.0902061855670102
10.1016/j.jcat.2022.08.014	PhMe	1.41	2.91	2.063829787234043	tBuOK	3.525	no		no	air	0.0	90.0	24.0	33.0	inf	0	False	oxygen	2022	2.5	1.211340206185567
10.1016/j.jcat.2022.08.014	PhMe	1.41	2.91	2.063829787234043	tBuOK	4.23	no		no	air	0.0	90.0	24.0	28.0	inf	0	False	oxygen	2022	3.0000000000000004	1.4536082474226806
10.1016/j.jcat.2022.08.014	PhMe	1.41	2.91	2.063829787234043	tBuOK	5.64	no		no	air	0.0	90.0	24.0	13.0	inf	0	False	oxygen	2022	4.0	1.938144329896907
10.1016/j.jcat.2022.08.014	neat	4.42	2.94	0.665158371040724	tBuOK	2.94	no		20% H2O	air	0.0	90.0	18.0	63.0	inf	0	False	oxygen	2022	0.665158371040724	1.0
10.1016/j.jcat.2022.08.014	neat	4.42	2.94	0.665158371040724	tBuOK	2.94	no		43% H2O	air	0.0	90.0	18.0	2.0	inf	0	False	oxygen	2022	0.665158371040724	1.0
10.1016/j.jcat.2022.08.014	neat	4.42	2.94	0.665158371040724	tBuOK	2.94	no		20% tBuOH	air	0.0	90.0	18.0	56.0	inf	0	False	oxygen	2022	0.665158371040724	1.0
10.1016/j.jcat.2022.08.014	neat	4.42	2.94	0.665158371040724	tBuOK	2.94	no		43% tBuOH	air	0.0	90.0	18.0	64.0	inf	0	False	oxygen	2022	0.665158371040724	1.0
10.1016/j.jcat.2022.08.014	neat	4.42	2.94	0.665158371040724	tBuOK	2.94	no		50% tBuOH	air	0.0	90.0	18.0	61.0	inf	0	False	oxygen	2022	0.665158371040724	1.0
10.1016/j.jcat.2022.08.014	neat	4.42	2.94	0.665158371040724	tBuOK	2.94	no		100% tBuOH	air	0.0	90.0	18.0	63.0	inf	0	False	oxygen	2022	0.665158371040724	1.0
10.1016/j.jcat.2022.08.014	neat	4.42	2.94	0.665158371040724	tBuOK	2.94	no		200% tBuOH	air	0.0	90.0	18.0	38.0	inf	0	False	oxygen	2022	0.665158371040724	1.0
10.1016/j.jcat.2022.08.014	neat	4.42	2.94	0.665158371040724	tBuOK	2.94	no		no	air	0.0	90.0	18.0	76.0	inf	0	True	oxygen	2022	0.665158371040724	1.0
10.1016/j.jcat.2022.08.014	dioxane	2.78	2.78	1.0	tBuOK	2.78	no		no	air	0.0	70.0	18.0	48.0	inf	0	False	oxygen	2022	1.0	1.0
10.1016/j.jcat.2022.08.014	dioxane	2.78	2.78	1.0	tBuOK	2.78	no		Na2SO4	air	0.0	70.0	18.0	43.0	inf	0	False	oxygen	2022	1.0	1.0
10.1016/j.jcat.2022.08.014	neat	2.94	2.94	1.0	tBuOK	2.94	no		no	air	0.0	70.0	18.0	45.0	inf	0	False	oxygen	2022	1.0	1.0
10.1016/j.jcat.2022.08.014	neat	2.94	2.94	1.0	tBuOK	2.94	no		100 mg MS 3A	air	0.0	70.0	18.0	43.0	inf	0	False	oxygen	2022	1.0	1.0
10.1016/j.jcat.2022.08.014	neat	4.42	2.94	0.665158371040724	tBuOK	2.94	no		no	air	0.0	90.0	2.0	38.0	inf	0	False	oxygen	2022	0.665158371040724	1.0
10.1016/j.jcat.2022.08.014	neat	4.42	2.94	0.665158371040724	tBuOK	2.94	no		no	air	0.0	90.0	4.0	51.0	inf	0	False	oxygen	2022	0.665158371040724	1.0
10.1016/j.jcat.2022.08.014	neat	4.42	2.94	0.665158371040724	tBuOK	2.94	no		no	air	0.0	90.0	8.0	64.0	inf	0	False	oxygen	2022	0.665158371040724	1.0
10.1016/j.jcat.2022.08.014	neat	4.42	2.94	0.665158371040724	tBuOK	2.94	no		no	air	0.0	90.0	12.0	68.0	inf	0	True	oxygen	2022	0.665158371040724	1.0
10.1016/j.jcat.2022.08.014	neat	4.42	2.94	0.665158371040724	tBuOK	2.94	no		no	air	0.0	90.0	24.0	73.0	inf	0	True	oxygen	2022	0.665158371040724	1.0
10.1016/j.jcat.2022.08.014	neat	4.42	2.94	0.665158371040724	tBuOK	2.94	no		no	air	0.0	90.0	48.0	74.0	inf	0	True	oxygen	2022	0.665158371040724	1.0
10.1016/j.jcat.2022.08.014	PhMe	4.22	2.81	0.6658767772511849	tBuOK	2.81	no		no	air	0.0	90.0	2.0	11.0	inf	0	False	oxygen	2022	0.6658767772511849	1.0
10.1016/j.jcat.2022.08.014	PhMe	4.22	2.81	0.6658767772511849	tBuOK	2.81	no		no	air	0.0	90.0	4.0	16.0	inf	0	False	oxygen	2022	0.6658767772511849	1.0
10.1016/j.jcat.2022.08.014	PhMe	4.22	2.81	0.6658767772511849	tBuOK	2.81	no		no	air	0.0	90.0	8.0	23.0	inf	0	False	oxygen	2022	0.6658767772511849	1.0
10.1016/j.jcat.2022.08.014	PhMe	4.22	2.81	0.6658767772511849	tBuOK	2.81	no		no	air	0.0	90.0	12.0	46.0	inf	0	False	oxygen	2022	0.6658767772511849	1.0
10.1016/j.jcat.2022.08.014	PhMe	4.22	2.81	0.6658767772511849	tBuOK	2.81	no		no	air	0.0	90.0	18.0	61.0	inf	0	False	oxygen	2022	0.6658767772511849	1.0
10.1016/j.jcat.2022.08.014	PhMe	4.22	2.81	0.6658767772511849	tBuOK	2.81	no		no	air	0.0	90.0	24.0	70.0	inf	0	True	oxygen	2022	0.6658767772511849	1.0
10.1016/j.jcat.2022.08.014	PhMe	4.22	2.81	0.6658767772511849	tBuOK	2.81	no		no	air	0.0	90.0	48.0	78.0	inf	0	True	oxygen	2022	0.6658767772511849	1.0
10.1016/j.jcat.2022.08.014	PhMe	4.22	2.81	0.6658767772511849	tBuOK	2.81	no		no	air	0.0	90.0	72.0	80.0	inf	0	True	oxygen	2022	0.6658767772511849	1.0
10.1016/j.jcat.2022.08.014	neat	4.22	2.81	0.6658767772511849	tBuOK	2.81	no		no	air	0.0	90.0	18.0	76.0	inf	0	True	oxygen	2022	0.6658767772511849	1.0
10.1016/j.jcat.2022.08.014	hexane	4.22	2.81	0.6658767772511849	tBuOK	2.81	no		no	air	0.0	90.0	18.0	17.0	inf	Low solubility	False	oxygen	2022	0.6658767772511849	1.0
10.1016/j.jcat.2022.08.014	dioxane	4.22	2.81	0.6658767772511849	tBuOK	2.81	no		no	air	0.0	90.0	18.0	85.0	inf	0	True	oxygen	2022	0.6658767772511849	1.0
10.1016/j.jcat.2022.08.014	PhMe	4.22	2.81	0.6658767772511849	tBuOK	2.81	no		no	air	0.0	90.0	18.0	71.0	inf	0	True	oxygen	2022	0.6658767772511849	1.0
10.1016/j.jcat.2022.08.014	Et3N	4.22	2.81	0.6658767772511849	tBuOK	2.81	no		no	air	0.0	90.0	18.0	10.0	inf	0	False	oxygen	2022	0.6658767772511849	1.0
10.1016/j.jcat.2022.08.014	EtOAc	4.22	2.81	0.6658767772511849	tBuOK	2.81	no		no	air	0.0	90.0	18.0	0.0		Side processes prevailed	False	oxygen	2022	0.6658767772511849	1.0
10.1016/j.jcat.2022.08.014	morpholine	4.22	2.81	0.6658767772511849	tBuOK	2.81	no		no	air	0.0	90.0	18.0	75.0	inf	0	True	oxygen	2022	0.6658767772511849	1.0
10.1016/j.jcat.2022.08.014	THF	4.22	2.81	0.6658767772511849	tBuOK	2.81	no		no	air	0.0	90.0	18.0	75.0	inf	0	True	oxygen	2022	0.6658767772511849	1.0
10.1016/j.jcat.2022.08.014	tBuOH	4.22	2.81	0.6658767772511849	tBuOK	2.81	no		no	air	0.0	90.0	18.0	64.0	inf	0	False	oxygen	2022	0.6658767772511849	1.0
10.1016/j.jcat.2022.08.014	pyridine	4.22	2.81	0.6658767772511849	tBuOK	2.81	no		no	air	0.0	90.0	18.0	14.0	inf	0	False	oxygen	2022	0.6658767772511849	1.0
10.1016/j.jcat.2022.08.014	ethylene diamine	4.22	2.81	0.6658767772511849	tBuOK	2.81	no		no	air	0.0	90.0	18.0	0.0		0	False	oxygen	2022	0.6658767772511849	1.0
10.1016/j.jcat.2022.08.014	ethylene diamine	4.22	2.81	0.6658767772511849	tBuOK	2.81	no		no	air	0.0	200.0	18.0	0.0		0	False	oxygen	2022	0.6658767772511849	1.0
10.1016/j.jcat.2022.08.014	iPrOH	4.22	2.81	0.6658767772511849	tBuOK	2.81	no		no	air	0.0	90.0	18.0	4.0	inf	0	False	oxygen	2022	0.6658767772511849	1.0
10.1016/j.jcat.2022.08.014	NMP	4.22	2.81	0.6658767772511849	tBuOK	2.81	no		no	air	0.0	90.0	18.0	0.0		Side processes prevailed	False	oxygen	2022	0.6658767772511849	1.0
10.1016/j.jcat.2022.08.014	PhNO2	4.22	2.81	0.6658767772511849	tBuOK	2.81	no		no	air	0.0	90.0	18.0	0.0		Side processes prevailed	False	oxygen	2022	0.6658767772511849	1.0
10.1016/j.jcat.2022.08.014	MeCN	4.22	2.81	0.6658767772511849	tBuOK	2.81	no		no	air	0.0	90.0	18.0	0.0		Side processes prevailed	False	oxygen	2022	0.6658767772511849	1.0
10.1016/j.jcat.2022.08.014	DMSO	4.22	2.81	0.6658767772511849	tBuOK	2.81	no		no	air	0.0	90.0	18.0	0.0		Side processes prevailed	False	oxygen	2022	0.6658767772511849	1.0
10.1016/j.jcat.2022.08.014	propylene carbonate	4.22	2.81	0.6658767772511849	tBuOK	2.81	no		no	air	0.0	90.0	18.0	0.0		Side processes prevailed	False	oxygen	2022	0.6658767772511849	1.0
10.1016/j.jcat.2022.08.014	H2O	4.22	2.81	0.6658767772511849	tBuOK	2.81	no		no	air	0.0	90.0	18.0	0.0		0	False	oxygen	2022	0.6658767772511849	1.0
10.1016/j.jcat.2022.08.014	H2O	4.22	2.81	0.6658767772511849	tBuOK	2.81	no		no	air	0.0	200.0	18.0	0.0		0	False	oxygen	2022	0.6658767772511849	1.0
10.1016/j.jcat.2022.08.014	PhMe	4.22	2.81	0.6658767772511849	tBuOK	2.81	no		no	air	0.0	90.0	24.0	46.0	inf	3.5M solution, for precise amount of reagents see ESI	False	oxygen	2022	0.6658767772511849	1.0
10.1016/j.jcat.2022.08.014	PhMe	4.22	2.81	0.6658767772511849	tBuOK	2.81	no		no	air	0.0	90.0	24.0	70.0	inf	3.5M solution, for precise amount of reagents see ESI	True	oxygen	2022	0.6658767772511849	1.0
10.1016/j.jcat.2022.08.014	PhMe	4.22	2.81	0.6658767772511849	tBuOK	2.81	no		no	air	0.0	90.0	24.0	65.0	inf	3.5M solution, for precise amount of reagents see ESI	False	oxygen	2022	0.6658767772511849	1.0
10.1016/j.jcat.2022.08.014	PhMe	4.22	2.81	0.6658767772511849	tBuOK	2.81	no		no	air	0.0	90.0	24.0	64.0	inf	3.5M solution, for precise amount of reagents see ESI	False	oxygen	2022	0.6658767772511849	1.0
10.1016/j.jcat.2022.08.014	PhMe	4.22	2.81	0.6658767772511849	tBuOK	2.81	no		no	air	0.0	90.0	24.0	72.0	inf	3.5M solution, for precise amount of reagents see ESI	True	oxygen	2022	0.6658767772511849	1.0
10.1016/j.jcat.2022.08.014	PhMe	4.22	2.81	0.6658767772511849	tBuOK	2.81	no		no	air	0.0	90.0	24.0	69.0	inf	3.5M solution, for precise amount of reagents see ESI	True	oxygen	2022	0.6658767772511849	1.0
10.1016/j.jcat.2022.08.014	PhMe	4.22	2.81	0.6658767772511849	tBuOK	2.81	no		20% KI	air	0.0	90.0	24.0	65.0	inf	0	False	oxygen	2022	0.6658767772511849	1.0
10.1016/j.jcat.2022.08.014	dioxane	4.22	2.81	0.6658767772511849	tBuOK	2.81	no		10% KI	air	0.0	90.0	24.0	77.0	inf	0	True	oxygen	2022	0.6658767772511849	1.0
10.1016/j.jcat.2022.08.014	dioxane	4.22	2.81	0.6658767772511849	tBuOK	2.81	no		20% KI	air	0.0	90.0	24.0	80.0	inf	0	True	oxygen	2022	0.6658767772511849	1.0
10.1016/j.jcat.2022.08.014	dioxane	4.22	2.81	0.6658767772511849	tBuOK	2.81	no		50% KI	air	0.0	90.0	24.0	78.0	inf	0	True	oxygen	2022	0.6658767772511849	1.0
10.1016/j.jcat.2022.08.014	dioxane	4.22	2.81	0.6658767772511849	tBuOK	2.81	no		100% KI	air	0.0	90.0	24.0	81.0	inf	0	True	oxygen	2022	0.6658767772511849	1.0
10.1016/j.jcat.2022.08.014	PhMe	4.22	2.81	0.6658767772511849	tBuOK	2.81	no		no	air	0.0	90.0	24.0	74.0	inf	US treatment of tBuOK suspension in PhMe	True	oxygen	2022	0.6658767772511849	1.0
10.1016/j.jcat.2022.08.014	PhMe	4.22	2.81	0.6658767772511849	tBuOK	2.81	no		no	air	0.0	90.0	24.0	76.0	inf	US treatment of reaction mixture prior to heating	True	oxygen	2022	0.6658767772511849	1.0
10.1016/j.jcat.2022.08.014	PhMe	4.22	2.81	0.6658767772511849	tBuOK	2.81	no		no	air	0.0	70.0	1.0	8.0	inf	reation under US	False	oxygen	2022	0.6658767772511849	1.0
10.1016/j.jcat.2022.08.014	PhMe	4.22	2.81	0.6658767772511849	tBuOK	2.81	no		no	air	0.0	90.0	24.0	70.0	inf	w/o US	True	oxygen	2022	0.6658767772511849	1.0
10.1016/j.jcat.2022.08.014	PhMe	4.22	2.81	0.6658767772511849	tBuOK	2.81	no		no	air	0.0	90.0	24.0	58.0	inf	0	False	oxygen	2022	0.6658767772511849	1.0
10.1016/j.jcat.2022.08.014	PhMe	4.22	2.81	0.6658767772511849	tBuOK	2.81	no		no	Ar	0.0	90.0	24.0	0.0		0	False	inert	2022	0.6658767772511849	1.0
10.1016/j.jcat.2022.08.014	PhMe	4.22	2.81	0.6658767772511849	tBuOK	2.81	no		no	O2	0.0	90.0	24.0	0.0		0	False	oxygen	2022	0.6658767772511849	1.0
10.1016/j.jcat.2022.08.014	dioxane	1.87	2.81	1.502673796791444	tBuOK	2.25	no		no	air	0.0	200.0	24.0	8.0	inf	0	False	oxygen	2022	1.2032085561497323	0.800711743772242
10.1016/j.jcat.2022.08.014	dioxane	1.87	2.81	1.502673796791444	tBuOK	2.25	no		no	Ar	0.0	200.0	24.0	3.0	inf	0	False	inert	2022	1.2032085561497323	0.800711743772242
10.1016/j.jcat.2022.08.014	neat	77.0	58.0	0.7532467532467533	tBuOK	58.0	no		no	air	0.0	90.0	48.0	66.0	inf	0	True	oxygen	2022	0.7532467532467533	1.0
10.1016/j.jcat.2022.08.014	neat	77.0	58.0	0.7532467532467533	tBuOK	58.0	no		no	O2	0.0	85.0	48.0	69.0	inf	0	True	oxygen	2022	0.7532467532467533	1.0
10.1039/d2ra00198e	octane	1.0	2.0	2.0	no base	0.0	10WO3/ZrO2	W	no	air	4.3	140.0	4.0	62.0	14.418604651162791	0	False	oxygen	2022	0.0	0.0
10.1039/d2ta06142b	neat	0.55	4.81	8.745454545454544	tBuOK	0.45	Bi-S3/s-Vs	Bi	no	Ar	0.08	25.0	12.0	93.0	1162.5	100W blue LED	True	inert	2022	0.8181818181818181	0.0935550935550935
10.1016/j.apcatb.2022.121264	hexane	0.02	0.022	1.1	no base	0.0	Rh/TiO2	Rh	no	N2	4.0	25.0	4.0	0.0	0.0	14W blue LED	False	inert	2022	0.0	0.0
10.1016/j.apcatb.2022.121264	hexane	0.02	0.022	1.1	no base	0.0	Fe/TiO2	Fe	no	N2	1.7	25.0	4.0	85.0	50.0	14W blue LED	True	inert	2022	0.0	0.0
10.1016/j.apcatb.2022.121264	hexane	0.02	0.022	1.1	no base	0.0	Pt/TiO2	Pt	no	N2	3.0	25.0	4.0	10.0	3.333333333333333	14W blue LED	False	inert	2022	0.0	0.0
10.1016/j.apcatb.2022.121264	hexane	0.02	0.022	1.1	no base	0.0	Cu/TiO2	Cu	no	N2	1.3	25.0	4.0	12.0	9.23076923076923	14W blue LED	False	inert	2022	0.0	0.0
10.1016/j.apcatb.2022.121264	hexane	0.02	0.022	1.1	no base	0.0	Ni/TiO2	Ni	no	N2	0.026	25.0	4.0	0.0	0.0	14W blue LED	False	inert	2022	0.0	0.0
10.1016/j.apcatb.2022.121264	hexane	0.02	0.022	1.1	no base	0.0	Ru/TiO2	Ru	no	N2	4.9	25.0	4.0	0.0	0.0	14W blue LED	False	inert	2022	0.0	0.0
10.1016/j.apcatb.2022.121264	hexane	0.02	0.022	1.1	no base	0.0	Co/TiO2	Co	no	N2	0.03	25.0	4.0	5.0	166.66666666666669	14W blue LED	False	inert	2022	0.0	0.0
10.1016/j.apcatb.2022.121264	hexane	0.02	0.022	1.1	no base	0.0	Au/TiO2	Au	no	N2	2.2	25.0	4.0	51.0	23.18181818181818	14W blue LED	False	inert	2022	0.0	0.0
10.1016/j.apcatb.2022.121264	hexane	0.02	0.022	1.1	no base	0.0	Pd/TiO2	Pd	no	N2	4.3	25.0	4.0	46.0	10.697674418604652	14W blue LED	False	inert	2022	0.0	0.0
10.1016/j.apcatb.2022.121264	hexane	0.02	0.022	1.1	no base	0.0	Ag/TiO2	Ag	no	N2	2.2	25.0	4.0	56.0	25.454545454545453	14W blue LED	False	inert	2022	0.0	0.0
10.1016/j.apcatb.2022.121264	hexane	0.02	0.022	1.1	no base	0.0	TiO2	Ti	no	N2	630.0	25.0	4.0	20.0	0.0317460317460317	14W blue LED	False	inert	2022	0.0	0.0
10.1021/acscatal.2c00433	MeCN	0.16	10.0	62.5	no base	0.0	PdCl2/CdS	Pd	no	N2	0.27	25.0	3.5	32.0	118.5185185185185	visible light	False	inert	2022	0.0	0.0
10.1021/acscatal.2c00433	MeCN	0.16	10.0	62.5	no base	0.0	PdCl2	Pd	no	N2	0.27	25.0	3.5	0.0	0.0	visible light	False	inert	2022	0.0	0.0
10.1021/acscatal.2c00433	MeCN	0.16	10.0	62.5	no base	0.0	PdCl2/TiO2	Pd	no	N2	0.27	25.0	3.5	0.0	0.0	visible light	False	inert	2022	0.0	0.0
10.1021/acscatal.2c00433	MeCN	0.16	10.0	62.5	no base	0.0	PdCl2/C3N4	Pd	no	N2	0.27	25.0	3.5	2.0	7.4074074074074066	visible light	False	inert	2022	0.0	0.0
10.1021/acscatal.2c00433	MeCN	0.16	10.0	62.5	no base	0.0	PdCl2/WO3	Pd	no	N2	0.27	25.0	3.5	3.0	11.11111111111111	visible light	False	inert	2022	0.0	0.0
10.1021/acscatal.2c00433	MeCN	0.16	10.0	62.5	no base	0.0	PdCl2/BiVO4	Pd	no	N2	0.27	25.0	3.5	1.0	3.7037037037037033	visible light	False	inert	2022	0.0	0.0
10.1021/acscatal.2c00433	MeCN	0.16	10.0	62.5	no base	0.0	CdS	Cd	no	N2	43.0	25.0	3.5	0.0	0.0	visible light	False	inert	2022	0.0	0.0
10.1021/acsomega.2c03200	PhMe	5.0	5.0	1.0	KOH	0.25	RuH(CO)L2(N^O)3	Ru	no	air?	0.5	110.0	12.0	93.0	186.0	0	True	oxygen	2022	0.05	0.05
10.1007/s11426-023-1719-y	neat	1.0	3.0	3.0	no base	0.0	Pt@Beta(8.4)	Pt	no	N2	0.5	160.0	2.5	93.0	186.0	0	True	inert	2023	0.0	0.0
10.1007/s11426-023-1719-y	neat	1.0	3.0	3.0	no base	0.0	Pt/Al2O3	Pt	no	N2	0.5	160.0	2.5	13.0	26.0	0	False	inert	2023	0.0	0.0
10.1007/s11426-023-1719-y	neat	1.0	3.0	3.0	no base	0.0	Pt/C	Pt	no	N2	0.5	160.0	2.5	0.0	0.0	0	False	inert	2023	0.0	0.0
10.1007/s11426-023-1719-y	neat	1.0	3.0	3.0	no base	0.0	Al2O3&SiO2	Al	no	N2	18.0	160.0	2.5	39.0	2.1666666666666665	0	False	inert	2023	0.0	0.0
10.1007/s11426-023-1719-y	neat	1.0	3.0	3.0	no base	0.0	Pt@Beta(8.4)	Pt	no	N2	0.01	180.0	5.0	63.0	6300.0	0	False	inert	2023	0.0	0.0
10.1039/d3qi00142c	THF	1.0	1.0	1.0	tBuOK	0.3	(P^N)2IrCl	Ir	no	no data	1.0	100.0	24.0	90.0	90.0	0	True	no_data	2023	0.3	0.3
10.1039/d3qi00142c	THF	1.0	1.0	1.0	tBuOK	0.3	(P^N)2IrPyOTf	Ir	no	no data	1.0	100.0	24.0	53.0	53.0	0	False	no_data	2023	0.3	0.3
10.1002/ejic.202300263	PhMe	1.0	1.2	1.2	tBuOK	0.5	[(NNN)CoCl2]2	Co	no	Ar	2.0	120.0	12.0	83.0	41.5	0	True	inert	2023	0.5	0.4166666666666667
10.1016/j.arabjc.2023.105124	CyH	0.5	1.0	2.0	KOH	0.53	Cu1/NPC-550	Cu	no	Ar	6.5	140.0	12.0	82.0	12.615384615384617	0	True	inert	2023	1.06	0.53
10.1016/j.arabjc.2023.105124	CyH	0.5	1.0	2.0	KOH	0.53	Cu2/NPC-550	Cu	no	Ar	13.0	140.0	12.0	95.0	7.3076923076923075	0	True	inert	2023	1.06	0.53
10.1016/j.arabjc.2023.105124	CyH	0.5	1.0	2.0	KOH	0.53	Cu3/NPC-550	Cu	no	Ar	20.0	140.0	12.0	88.0	4.4	0	True	inert	2023	1.06	0.53
10.1016/j.arabjc.2023.105124	CyH	0.5	1.0	2.0	KOH	0.53	Cu2/NPC-450	Cu	no	Ar	13.0	140.0	12.0	38.0	2.923076923076923	0	False	inert	2023	1.06	0.53
10.1016/j.arabjc.2023.105124	CyH	0.5	1.0	2.0	KOH	0.53	Cu2/NPC-650	Cu	no	Ar	13.0	140.0	12.0	93.0	7.153846153846154	0	True	inert	2023	1.06	0.53
10.1016/j.arabjc.2023.105124	CyH	0.5	1.0	2.0	KOH	0.53	Cu(NO3)2	Cu	no	Ar	53.0	140.0	12.0	0.0	0.0	0	False	inert	2023	1.06	0.53
10.1016/j.arabjc.2023.105124	CyH	0.5	1.0	2.0	KOH	0.53	NPC-550		no	Ar	0.0	140.0	12.0	29.0	inf	0	False	inert	2023	1.06	0.53
10.1016/j.arabjc.2023.105124	CyH	0.5	1.0	2.0	no base	0.0	NPC-550		no	Ar	0.0	140.0	12.0	5.0	inf	0	False	inert	2023	0.0	0.0
10.1016/j.arabjc.2023.105124	CyH	0.5	1.0	2.0	KOH	0.53	no		no	Ar	0.0	140.0	12.0	17.0	inf	0	False	inert	2023	1.06	0.53
10.1002/cssc.202300513	PhCl	0.5	0.5	1.0	no base	0.0	Co(BF4)2*6H2O	Co	5% triphos, 30% [P4444][BF4] - ionic liquid	N2	10.0	120.0	12.0	95.0	9.5	0	True	inert	2023	0.0	0.0
10.1002/cssc.202300513	p-xylene	0.5	0.5	1.0	no base	0.0	Co(BF4)2*6H2O	Co	5% triphos	N2	10.0	120.0	12.0	30.0	3.0	0	False	inert	2023	0.0	0.0
10.1002/cssc.202300513	p-xylene	0.5	0.5	1.0	no base	0.0	Co(BF4)2*6H2O	Co	5% triphos, 30% [P4444][BF4] - ionic liquid	N2	10.0	120.0	12.0	70.0	7.0	0	True	inert	2023	0.0	0.0
10.1002/cssc.202300513	p-xylene	0.5	0.5	1.0	no base	0.0	Co(BF4)2*6H2O	Co	5% triphos, 30% N4444][BF4] - ionic liquid	N2	10.0	120.0	12.0	43.0	4.3	0	False	inert	2023	0.0	0.0
10.1002/cssc.202300513	p-xylene	0.5	0.5	1.0	no base	0.0	Co(BF4)2*6H2O	Co	5% triphos, 30% [BMIm][PF6] - ionic liquid	N2	10.0	120.0	12.0	36.0	3.6	0	False	inert	2023	0.0	0.0
10.1002/cssc.202300513	p-xylene	0.5	0.5	1.0	no base	0.0	Co(BF4)2*6H2O	Co	5% triphos, 30% [P4444][Cl] - ionic liquid	N2	10.0	120.0	12.0	1.0	0.1	0	False	inert	2023	0.0	0.0
10.1002/cssc.202300513	p-xylene	0.5	0.5	1.0	no base	0.0	CoF3	Co	5% triphos, 30% [P4444][BF4] - ionic liquid	N2	10.0	120.0	12.0	1.0	0.1	0	False	inert	2023	0.0	0.0
10.1002/cssc.202300513	p-xylene	0.5	0.5	1.0	no base	0.0	CoF2	Co	5% triphos, 30% [P4444][BF4] - ionic liquid	N2	10.0	120.0	12.0	1.0	0.1	0	False	inert	2023	0.0	0.0
10.1002/cssc.202300513	p-xylene	0.5	0.5	1.0	no base	0.0	Co(OAc)2*4H2O	Co	5% triphos, 30% [P4444][BF4] - ionic liquid	N2	10.0	120.0	12.0	1.0	0.1	0	False	inert	2023	0.0	0.0
10.1002/cssc.202300513	p-xylene	0.5	0.5	1.0	no base	0.0	Co(acac)2*2H2O	Co	5% triphos, 30% [P4444][BF4] - ionic liquid	N2	10.0	120.0	12.0	1.0	0.1	0	False	inert	2023	0.0	0.0
10.1002/cssc.202300513	p-xylene	0.5	0.5	1.0	no base	0.0	no		5% triphos, 30% [P4444][BF4] - ionic liquid	N2	0.0	120.0	12.0	0.0		0	False	inert	2023	0.0	0.0
10.1002/cssc.202300513	PhCl	0.5	0.5	1.0	no base	0.0	Co(BF4)2*6H2O	Co	no ligand, 30% [P4444][BF4] - ionic liquid	N2	10.0	120.0	12.0	1.0	0.1	0	False	inert	2023	0.0	0.0
10.1002/cssc.202300513	PhCl	0.5	0.5	1.0	no base	0.0	Co(BF4)2*6H2O	Co	5% PP3, 30% [P4444][BF4] - ionic liquid	N2	10.0	120.0	12.0	7.0	0.7	0	False	inert	2023	0.0	0.0
10.1002/cssc.202300513	PhCl	0.5	0.5	1.0	no base	0.0	Co(BF4)2*6H2O	Co	5% dppe, 30% [P4444][BF4] - ionic liquid	N2	10.0	120.0	12.0	11.0	1.1	0	False	inert	2023	0.0	0.0
10.1002/cssc.202300513	PhCl	0.5	0.5	1.0	no base	0.0	Co(BF4)2*6H2O	Co	5% PPh3, 30% [P4444][BF4] - ionic liquid	N2	10.0	120.0	12.0	11.0	1.1	0	False	inert	2023	0.0	0.0
10.1002/cssc.202300513	neat	0.5	0.5	1.0	no base	0.0	Co(BF4)2*6H2O	Co	5% triphos, 30% [P4444][BF4] - ionic liquid	N2	10.0	120.0	12.0	17.0	1.7	0	False	inert	2023	0.0	0.0
10.1002/cssc.202300513	heptane	0.5	0.5	1.0	no base	0.0	Co(BF4)2*6H2O	Co	5% triphos, 30% [P4444][BF4] - ionic liquid	N2	10.0	120.0	12.0	33.0	3.3	0	False	inert	2023	0.0	0.0
10.1002/cssc.202300513	PhMe	0.5	0.5	1.0	no base	0.0	Co(BF4)2*6H2O	Co	5% triphos, 30% [P4444][BF4] - ionic liquid	N2	10.0	120.0	12.0	59.0	5.9	0	False	inert	2023	0.0	0.0
10.1002/cssc.202300513	p-xylene	0.5	0.5	1.0	no base	0.0	Co(BF4)2*6H2O	Co	5% triphos, 30% [P4444][BF4] - ionic liquid	N2	10.0	120.0	12.0	70.0	7.0	0	True	inert	2023	0.0	0.0
10.1002/cssc.202300513	dioxane	0.5	0.5	1.0	no base	0.0	Co(BF4)2*6H2O	Co	5% triphos, 30% [P4444][BF4] - ionic liquid	N2	10.0	120.0	12.0	53.0	5.3	0	False	inert	2023	0.0	0.0
10.1002/cssc.202300513	THF	0.5	0.5	1.0	no base	0.0	Co(BF4)2*6H2O	Co	5% triphos, 30% [P4444][BF4] - ionic liquid	N2	10.0	120.0	12.0	9.0	0.9	0	False	inert	2023	0.0	0.0
10.1002/cssc.202300513	DCM	0.5	0.5	1.0	no base	0.0	Co(BF4)2*6H2O	Co	5% triphos, 30% [P4444][BF4] - ionic liquid	N2	10.0	120.0	12.0	5.0	0.5	0	False	inert	2023	0.0	0.0
10.1002/cssc.202300513	MeCN	0.5	0.5	1.0	no base	0.0	Co(BF4)2*6H2O	Co	5% triphos, 30% [P4444][BF4] - ionic liquid	N2	10.0	120.0	12.0	19.0	1.9	0	False	inert	2023	0.0	0.0
10.1002/cssc.202300513	DMSO	0.5	0.5	1.0	no base	0.0	Co(BF4)2*6H2O	Co	5% triphos, 30% [P4444][BF4] - ionic liquid	N2	10.0	120.0	12.0	1.0	0.1	0	False	inert	2023	0.0	0.0
10.1002/ajoc.202300282	PhMe	0.3	0.6	2.0	tBuOK	0.015	Pd(OAc)2	Pd	MS 3A	N2	1.5	130.0	20.0	88.0	58.66666666666666	0	True	inert	2023	0.05	0.025
10.1038/s41428-023-00801-9	trifluoroethanol	1.0	1.0	1.0	no base	0.0	polym*(Cp*Ir(NHC)Cl2)	Ir	0	no data	1.4	80.0	100.0	41.0	29.28571428571429	0	False	no_data	2023	0.0	0.0
10.1007/s12274-023-6041-z	o-xylene	3.0	6.0	2.0	no base	1.5	Ni2Fe2@CN	Ni	0	Ar	1.5	140.0	24.0	0.0	0.0	0	False	inert	2023	0.5	0.25
10.1007/s12274-023-6041-z	o-xylene	3.0	6.0	2.0	K2CO3	1.5	Ni2Fe2@CN	Ni	0	Ar	0.8	140.0	24.0	3.0	3.75	0	False	inert	2023	0.5	0.25
10.1007/s12274-023-6041-z	o-xylene	3.0	6.0	2.0	Cs2CO3	1.5	Ni2Fe2@CN	Ni	0	Ar	0.8	140.0	24.0	9.0	11.25	0	False	inert	2023	0.5	0.25
10.1007/s12274-023-6041-z	o-xylene	3.0	6.0	2.0	KOH	1.5	Ni2Fe2@CN	Ni	0	Ar	0.8	140.0	24.0	99.0	123.75	0	True	inert	2023	0.5	0.25
10.1007/s12274-023-6041-z	o-xylene	3.0	6.0	2.0	K3PO4	1.5	Ni2Fe2@CN	Ni	0	Ar	0.8	140.0	24.0	15.0	18.75	0	False	inert	2023	0.5	0.25
10.1007/s12274-023-6041-z	o-xylene	3.0	6.0	2.0	MeOK	1.5	Ni2Fe2@CN	Ni	0	Ar	0.8	140.0	24.0	87.0	108.75	0	True	inert	2023	0.5	0.25
10.1007/s12274-023-6041-z	DMSO	3.0	6.0	2.0	KOH	1.5	Ni2Fe2@CN	Ni	0	Ar	0.8	140.0	24.0	0.0	0.0	0	False	inert	2023	0.5	0.25
10.1007/s12274-023-6041-z	DMF	3.0	6.0	2.0	KOH	1.5	Ni2Fe2@CN	Ni	0	Ar	0.8	140.0	24.0	0.0	0.0	0	False	inert	2023	0.5	0.25
10.1007/s12274-023-6041-z	MeCN	3.0	6.0	2.0	KOH	1.5	Ni2Fe2@CN	Ni	0	Ar	0.8	140.0	24.0	69.0	86.25	0	True	inert	2023	0.5	0.25
10.1007/s12274-023-6041-z	dioxane	3.0	6.0	2.0	KOH	1.5	Ni2Fe2@CN	Ni	0	Ar	0.8	140.0	24.0	14.0	17.5	0	False	inert	2023	0.5	0.25
10.1007/s12274-023-6041-z	H2O	3.0	6.0	2.0	KOH	1.5	Ni2Fe2@CN	Ni	0	Ar	0.8	140.0	24.0	0.0	0.0	0	False	inert	2023	0.5	0.25
10.1007/s12274-023-6041-z	PhMe	3.0	6.0	2.0	KOH	1.5	Ni2Fe2@CN	Ni	0	Ar	0.8	140.0	24.0	31.0	38.75	0	False	inert	2023	0.5	0.25
10.1007/s12274-023-6041-z	THF	3.0	6.0	2.0	KOH	1.5	Ni2Fe2@CN	Ni	0	Ar	0.8	140.0	24.0	0.0	0.0	0	False	inert	2023	0.5	0.25
10.1007/s12274-023-6041-z	neat	3.0	6.0	2.0	KOH	1.5	Ni2Fe2@CN	Ni	0	Ar	0.8	140.0	24.0	87.0	108.75	0	True	inert	2023	0.5	0.25
10.1007/s12274-023-6041-z	o-xylene	3.0	6.0	2.0	KOH	1.5	Ni2Fe2@CN	Ni	0	Ar	0.8	130.0	24.0	88.0	110.0	0	True	inert	2023	0.5	0.25
10.1007/s12274-023-6041-z	o-xylene	3.0	6.0	2.0	KOH	1.5	Ni2Fe2@CN	Ni	0	Ar	0.8	150.0	24.0	97.0	121.25	0	True	inert	2023	0.5	0.25
10.1007/s12274-023-6041-z	o-xylene	3.0	6.0	2.0	KOH	1.5	no		0	Ar	0.0	140.0	24.0	0.0		0	False	inert	2023	0.5	0.25
10.1007/s12274-023-6041-z	o-xylene	3.0	6.0	2.0	KOH	1.5	K3[Fe(CN)6]	Fe	0	Ar	0.5	140.0	24.0	31.0	62.0	0	False	inert	2023	0.5	0.25
10.1007/s12274-023-6041-z	o-xylene	3.0	6.0	2.0	KOH	1.5	Fe@CN-2	Fe	0	Ar	1.2	140.0	24.0	36.0	30.0	0	False	inert	2023	0.5	0.25
10.1007/s12274-023-6041-z	o-xylene	3.0	6.0	2.0	KOH	1.5	Fe@CN	Fe	0	Ar	1.2	140.0	24.0	51.0	42.5	0	False	inert	2023	0.5	0.25
10.1007/s12274-023-6041-z	o-xylene	3.0	6.0	2.0	KOH	1.5	Ni1Fe2@CN	Ni	0	Ar	0.5	140.0	24.0	72.0	144.0	0	True	inert	2023	0.5	0.25
10.1007/s12274-023-6041-z	o-xylene	3.0	6.0	2.0	KOH	1.5	Ni3Fe2@CN	Ni	0	Ar	1.2	140.0	24.0	96.0	80.0	0	True	inert	2023	0.5	0.25
10.1007/s12274-023-6041-z	o-xylene	3.0	6.0	2.0	KOH	1.5	NiCl2*6H2O	Ni	0	Ar	0.7	140.0	24.0	25.0	35.714285714285715	0	False	inert	2023	0.5	0.25
10.1016/j.jcat.2023.01.020	PhMe	1.0	1.2	1.2	no base	0.0	Cu/CeO2-NC	Cu	0	Ar	0.5	160.0	12.0	24.0	48.0	0	False	inert	2023	0.0	0.0
10.1016/j.jcat.2023.01.020	PhMe	1.0	1.2	1.2	no base	0.0	Cu/CeO2-NR	Cu	0	Ar	0.5	160.0	12.0	35.0	70.0	0	False	inert	2023	0.0	0.0
10.1016/j.jcat.2023.01.020	PhMe	1.0	1.2	1.2	no base	0.0	Cu/CeO2-O	Cu	0	Ar	0.5	160.0	12.0	47.0	94.0	0	False	inert	2023	0.0	0.0
10.1016/j.jcat.2023.01.020	PhMe	1.0	1.2	1.2	no base	0.0	Cu/CeO2-P	Cu	0	Ar	0.5	160.0	12.0	88.0	176.0	0	True	inert	2023	0.0	0.0
10.1016/j.jcat.2023.01.020	PhMe	1.0	1.2	1.2	no base	0.0	Cu/CeO2-C	Cu	0	Ar	0.5	160.0	12.0	0.0	0.0	0	False	inert	2023	0.0	0.0
10.1021/acs.joc.3c00313	PhMe	1.0	1.0	1.0	tBuOK	0.5	(NNN1)RuCl2	Ru	0	Ar	0.1	120.0	14.0	89.0	890.0	0	True	inert	2023	0.5	0.5
10.1021/acs.joc.3c00313	PhMe	1.0	1.0	1.0	tBuOK	0.5	(NNN1)RuCl2	Ru	0	Ar	0.05	120.0	14.0	73.0	1460.0	0	True	inert	2023	0.5	0.5
10.1021/acs.joc.3c00313	PhMe	1.0	1.0	1.0	tBuOK	0.7	(NNN1)RuCl2	Ru	0	Ar	2.0	120.0	14.0	89.0	44.5	0	True	inert	2023	0.7	0.7
10.1021/acs.joc.3c00313	PhMe	1.0	1.0	1.0	tBuOK	0.7	(NNN1)RuCl2	Ru	0	Ar	2.0	100.0	14.0	78.0	39.0	0	True	inert	2023	0.7	0.7
10.1021/acs.joc.3c00313	PhMe	1.0	1.0	1.0	tBuOK	0.7	(NNN1)RuCl2	Ru	0	Ar	2.0	140.0	14.0	89.0	44.5	0	True	inert	2023	0.7	0.7
10.1021/acs.joc.3c00313	p-xylene	1.0	1.0	1.0	tBuOK	0.7	(NNN1)RuCl2	Ru	0	Ar	2.0	120.0	14.0	86.0	43.0	0	True	inert	2023	0.7	0.7
10.1021/acs.joc.3c00313	THF	1.0	1.0	1.0	tBuOK	0.7	(NNN1)RuCl2	Ru	0	Ar	2.0	120.0	14.0	72.0	36.0	0	True	inert	2023	0.7	0.7
10.1021/acs.joc.3c00313	MeCN	1.0	1.0	1.0	tBuOK	0.7	(NNN1)RuCl2	Ru	0	Ar	2.0	120.0	14.0	0.0	0.0	0	False	inert	2023	0.7	0.7
10.1021/acs.joc.3c00313	PhMe	1.0	1.0	1.0	tBuONa	0.7	(NNN1)RuCl2	Ru	0	Ar	2.0	120.0	14.0	84.0	42.0	0	True	inert	2023	0.7	0.7
10.1021/acs.joc.3c00313	PhMe	1.0	1.0	1.0	NaOH	0.7	(NNN1)RuCl2	Ru	0	Ar	2.0	120.0	14.0	67.0	33.5	0	True	inert	2023	0.7	0.7
10.1021/acs.joc.3c00313	PhMe	1.0	1.0	1.0	K3PO4	0.7	(NNN1)RuCl2	Ru	0	Ar	2.0	120.0	14.0	37.0	18.5	0	False	inert	2023	0.7	0.7
10.1021/acs.joc.3c00313	PhMe	1.0	1.0	1.0	K2CO3	0.7	(NNN1)RuCl2	Ru	0	Ar	2.0	120.0	14.0	45.0	22.5	0	False	inert	2023	0.7	0.7
10.1021/acs.joc.3c00313	PhMe	1.0	1.0	1.0	tBuOK	0.5	(NNN1)RuCl2	Ru	0	Ar	1.0	120.0	14.0	89.0	89.0	0	True	inert	2023	0.5	0.5
10.1021/acs.joc.3c00313	PhMe	1.0	1.0	1.0	tBuOK	0.5	(NNN1)RuCl2	Ru	0	Ar	1.0	120.0	14.0	54.0	54.0	0	False	inert	2023	0.5	0.5
10.1021/acs.joc.3c00313	PhMe	1.0	1.0	1.0	tBuOK	0.5	(NNN1)RuCl2	Ru	0	Ar	1.0	120.0	6.0	90.0	90.0	0	True	inert	2023	0.5	0.5
10.1021/acs.joc.3c00313	PhMe	1.0	1.0	1.0	tBuOK	0.5	(NNN1)RuCl2	Ru	0	Ar	0.5	120.0	16.0	90.0	180.0	0	True	inert	2023	0.5	0.5
10.1021/acs.joc.3c00313	PhMe	1.0	1.0	1.0	tBuOK	0.5	(NNN1)RuCl2	Ru	0	Ar	0.1	120.0	14.0	89.0	890.0	0	True	inert	2023	0.5	0.5
10.1021/acs.joc.3c00313	PhMe	1.0	1.0	1.0	tBuOK	0.5	(NNN1)RuCl2	Ru	0	Ar	0.1	120.0	14.0	82.0	820.0	0	True	inert	2023	0.5	0.5
10.1021/acs.joc.3c00313	PhMe	1.0	1.0	1.0	tBuOK	0.3	(NNN1)RuCl2	Ru	0	Ar	0.05	120.0	14.0	73.0	1460.0	0	True	inert	2023	0.3	0.3
10.1021/acs.joc.3c00313	PhMe	1.0	1.0	1.0	tBuOK	0.5	(NNN1)RuCl2	Ru	0	Ar	0.1	120.0	14.0	81.0	810.0	0	True	inert	2023	0.5	0.5
10.1021/acs.joc.3c00313	PhMe	1.0	1.0	1.0	tBuOK	0.5	(NNN1)RuCl2	Ru	0	Ar	0.1	120.0	14.0	52.0	520.0	0	False	inert	2023	0.5	0.5
10.1021/acs.joc.3c00313	PhMe	1.0	1.0	1.0	tBuOK	0.5	no		0	air	0.0	120.0	14.0	0.0		0	False	oxygen	2023	0.5	0.5
10.1021/acs.joc.3c00313	PhMe	1.0	1.0	1.0	no base	0.0	(NNN1)RuCl2	Ru	0	Ar	0.1	120.0	14.0	18.0	180.0	0	False	inert	2023	0.0	0.0
10.1021/acs.joc.3c00313	PhMe	1.0	1.0	1.0	tBuOK	0.5	RuCl3	Ru	0	Ar	0.1	120.0	14.0	19.0	190.0	0	False	inert	2023	0.5	0.5
10.1021/acs.joc.3c00313	PhMe	1.0	1.0	1.0	tBuOK	0.5	(NNN1)		0	Ar	0.1	120.0	14.0	0.0	0.0	0	False	inert	2023	0.5	0.5
10.1021/acs.joc.3c00313	PhMe	1.0	1.0	1.0	tBuOK	0.5	(NNN2)		0	Ar	0.1	120.0	14.0	0.0	0.0	0	False	inert	2023	0.5	0.5
10.1021/acs.joc.3c00313	PhMe	1.0	1.0	1.0	tBuOK	0.5	Ru(PPh3)3Cl2	Ru	0	Ar	0.1	120.0	14.0	28.0	280.0	0	False	inert	2023	0.5	0.5
10.1021/acs.joc.3c00313	PhMe	10.74	10.74	1.0	tBuOK	5.37	(NNN1)RuCl2	Ru	0	Ar	0.1	120.0	14.0	81.0	810.0	0	True	inert	2023	0.5	0.5
10.1016/j.jcat.2023.02.005	PhMe	1.5	1.0	0.6666666666666666	KOH	0.3	MNC-316		0	Ar	0.0	130.0	18.0	99.0	inf	0	True	inert	2023	0.1999999999999999	0.3
10.1016/j.jcat.2023.02.005	PhMe	1.5	1.0	0.6666666666666666	KOH	0.3	no		0	Ar	0.0	130.0	18.0	13.0	inf	0	False	inert	2023	0.1999999999999999	0.3
10.1016/j.jcat.2023.02.005	PhMe	1.5	1.0	0.6666666666666666	no base	0.0	MNC-316		0	Ar	0.0	130.0	18.0	0.0		0	False	inert	2023	0.0	0.0
10.1016/j.jcat.2023.02.005	PhMe	1.5	1.0	0.6666666666666666	KOH	0.3	MNC-316		0	Ar	0.0	140.0	18.0	99.0	inf	0	True	inert	2023	0.1999999999999999	0.3
10.1016/j.jcat.2023.02.005	PhMe	1.5	1.0	0.6666666666666666	KOH	0.3	MNC-316		0	Ar	0.0	120.0	18.0	87.0	inf	0	True	inert	2023	0.1999999999999999	0.3
10.1016/j.jcat.2023.02.005	PhMe	1.5	1.0	0.6666666666666666	KOH	0.3	MNC-316		0	Ar	0.0	110.0	18.0	77.0	inf	0	True	inert	2023	0.1999999999999999	0.3
10.1016/j.jcat.2023.02.005	PhMe	1.5	1.0	0.6666666666666666	KOH	0.3	MNC-316		0	Ar	0.0	100.0	18.0	65.0	inf	0	False	inert	2023	0.1999999999999999	0.3
10.1016/j.jcat.2023.02.005	PhMe	1.5	1.0	0.6666666666666666	NaOH	0.3	MNC-316		0	Ar	0.0	130.0	18.0	37.0	inf	0	False	inert	2023	0.1999999999999999	0.3
10.1016/j.jcat.2023.02.005	PhMe	1.5	1.0	0.6666666666666666	Cs2CO3	0.3	MNC-316		0	Ar	0.0	130.0	18.0	2.0	inf	0	False	inert	2023	0.1999999999999999	0.3
10.1016/j.jcat.2023.02.005	PhMe	1.5	1.0	0.6666666666666666	KOH	0.1	MNC-316		0	Ar	0.0	130.0	18.0	6.0	inf	0	False	inert	2023	0.0666666666666666	0.1
10.1016/j.jcat.2023.02.005	m-xylene	1.5	1.0	0.6666666666666666	KOH	0.3	MNC-316		0	Ar	0.0	130.0	18.0	88.0	inf	0	True	inert	2023	0.1999999999999999	0.3
10.1016/j.jcat.2023.02.005	DMSO	1.5	1.0	0.6666666666666666	KOH	0.3	MNC-316		0	Ar	0.0	130.0	18.0	69.0	inf	0	True	inert	2023	0.1999999999999999	0.3
10.1016/j.jcat.2023.02.005	PhMe	1.5	1.0	0.6666666666666666	KOH	0.3	MNC-316		0	air	0.0	130.0	18.0	49.0	inf	0	False	oxygen	2023	0.1999999999999999	0.3
10.1016/j.jcat.2023.02.005	PhMe	1.5	1.0	0.6666666666666666	KOH	0.3	MNC-316		0	O2	0.0	130.0	18.0	0.0		0	False	oxygen	2023	0.1999999999999999	0.3
10.1016/j.jcat.2023.02.005	PhMe	1.5	1.0	0.6666666666666666	KOH	0.3	acridine		0	Ar	10.0	130.0	18.0	96.0	9.6	0	True	inert	2023	0.1999999999999999	0.3
10.1016/j.jcat.2023.02.005	PhMe	1.5	1.0	0.6666666666666666	KOH	0.3	phenanthridine		0	Ar	10.0	130.0	18.0	90.0	9.0	0	True	inert	2023	0.1999999999999999	0.3
10.1021/acs.joc.2c02657	THF	0.5	1.0	2.0	tBuOK	2.0	5 wt.% Pt/C	Pt	0	air?	1.02	130.0	48.0	94.0	92.15686274509804	0	True	oxygen	2023	4.0	2.0
10.1021/acs.joc.2c01773	PhMe	1.0	1.2	1.2	tBuOK	0.5	(NNN2)ZnCl2	Zn	0	Ar	7.0	120.0	16.0	79.0	11.285714285714286	0	True	inert	2022	0.5	0.4166666666666667
10.1021/acs.joc.2c01773	PhMe	1.0	1.2	1.2	tBuOK	0.5	(NNN2)ZnCl2	Zn	0	Ar	3.0	120.0	16.0	78.0	26.0	0	True	inert	2022	0.5	0.4166666666666667
10.1021/acs.joc.2c01773	PhMe	1.0	1.2	1.2	NaOH	0.5	(NNN2)ZnCl2	Zn	0	Ar	3.0	120.0	16.0	9.0	3.0	0	False	inert	2022	0.5	0.4166666666666667
10.1021/acs.joc.2c01773	PhMe	1.0	1.2	1.2	tBuOK	0.7	(NNN2)ZnCl2	Zn	0	Ar	3.0	120.0	16.0	78.0	26.0	0	True	inert	2022	0.7	0.5833333333333334
10.1021/acs.joc.2c01773	PhMe	1.0	1.2	1.2	tBuOK	0.3	(NNN2)ZnCl2	Zn	0	Ar	3.0	120.0	16.0	69.0	23.0	0	True	inert	2022	0.3	0.25
10.1021/acs.joc.2c01773	THF	1.0	1.2	1.2	tBuOK	0.5	(NNN2)ZnCl2	Zn	0	Ar	3.0	120.0	16.0	62.0	20.666666666666668	0	False	inert	2022	0.5	0.4166666666666667
10.1021/acs.joc.2c01773	PhMe	1.0	1.2	1.2	tBuOK	0.5	(NNN2)ZnCl2	Zn	0	Ar	3.0	110.0	16.0	58.0	19.33333333333333	0	False	inert	2022	0.5	0.4166666666666667
10.1021/acs.joc.2c01773	PhMe	1.0	1.2	1.2	tBuOK	0.5	(NNN2)ZnCl2	Zn	0	Ar	3.0	140.0	16.0	76.0	25.33333333333333	0	True	inert	2022	0.5	0.4166666666666667
10.1021/acs.joc.2c01773	PhMe	1.0	1.2	1.2	tBuOK	0.5	(NNN2)ZnCl2	Zn	0	Ar	3.0	120.0	24.0	75.0	25.0	0	True	inert	2022	0.5	0.4166666666666667
10.1021/acs.joc.2c01773	PhMe	1.0	1.2	1.2	tBuOK	0.5	(NNN2)ZnCl2	Zn	0	Ar	3.0	120.0	12.0	71.0	23.666666666666668	0	True	inert	2022	0.5	0.4166666666666667
10.1021/acs.joc.2c01773	PhMe	1.0	1.2	1.2	tBuOK	0.5	(NNN1)ZnCl2	Zn	0	Ar	3.0	120.0	16.0	67.0	22.33333333333333	0	True	inert	2022	0.5	0.4166666666666667
10.1021/acs.joc.2c01773	PhMe	1.0	1.2	1.2	tBuOK	0.5	(NNN2)ZnCl2	Zn	0	O2	3.0	120.0	16.0	47.0	15.666666666666666	0	False	oxygen	2022	0.5	0.4166666666666667
10.1021/acs.joc.2c01773	PhMe	1.0	1.2	1.2	tBuOK	0.5	ZnCl2	Zn	0	Ar	3.0	120.0	16.0	0.0	0.0	0	False	inert	2022	0.5	0.4166666666666667
10.1021/acs.joc.2c01773	PhMe	1.0	1.2	1.2	tBuOK	0.5	ZnCl2	Zn	(NNN2) ligand	Ar	3.0	120.0	16.0	42.0	14.0	0	False	inert	2022	0.5	0.4166666666666667
10.1021/acs.joc.2c01773	PhMe	1.0	1.2	1.2	no base	0.0	(NNN2)ZnCl2	Zn	0	Ar	3.0	120.0	16.0	0.0	0.0	0	False	inert	2022	0.0	0.0
10.1021/acs.joc.2c01773	PhMe	1.0	1.2	1.2	tBuOK	0.5	no		0	Ar	0.0	120.0	16.0	0.0		0	False	inert	2022	0.5	0.4166666666666667
10.1021/acs.joc.2c01773	PhMe	1.0	1.2	1.2	tBuOK	0.5	(NNN2)ZnCl2	Zn	0	Ar	2.0	120.0	16.0	68.0	34.0	0	True	inert	2022	0.5	0.4166666666666667
10.1021/acs.joc.2c01773	PhMe	1.0	1.2	1.2	tBuONa	0.5	(NNN2)ZnCl2	Zn	0	Ar	3.0	120.0	16.0	76.0	25.33333333333333	0	True	inert	2022	0.5	0.4166666666666667
10.1021/acs.joc.2c01773	PhMe	1.0	1.2	1.2	KOH	0.5	(NNN2)ZnCl2	Zn	0	Ar	3.0	120.0	16.0	8.0	2.6666666666666665	0	False	inert	2022	0.5	0.4166666666666667
10.1021/acs.joc.2c01773	PhMe	1.0	1.2	1.2	K3PO4	0.5	(NNN2)ZnCl2	Zn	0	Ar	3.0	120.0	16.0	0.0	0.0	0	False	inert	2022	0.5	0.4166666666666667
10.1021/acs.joc.2c01773	p-xylene	1.0	1.2	1.2	tBuOK	0.5	(NNN2)ZnCl2	Zn	0	Ar	3.0	120.0	16.0	77.0	25.666666666666668	0	True	inert	2022	0.5	0.4166666666666667
10.1021/acs.joc.2c01773	MeCN	1.0	1.2	1.2	tBuOK	0.5	(NNN2)ZnCl2	Zn	0	Ar	3.0	120.0	16.0	20.0	6.666666666666667	0	False	inert	2022	0.5	0.4166666666666667
10.1021/acs.joc.2c01773	MeOH	1.0	1.2	1.2	tBuOK	0.5	(NNN2)ZnCl2	Zn	0	Ar	3.0	120.0	16.0	18.0	6.0	0	False	inert	2022	0.5	0.4166666666666667
10.1021/acs.joc.2c01773	PhMe	1.0	1.2	1.2	tBuOK	0.5	Zn(ClO4)2	Zn	0	Ar	3.0	120.0	16.0	0.0	0.0	0	False	inert	2022	0.5	0.4166666666666667
10.1021/acs.joc.2c01773	PhMe	1.0	1.2	1.2	tBuOK	0.5	Zn-dust	Zn	0	Ar	3.0	120.0	16.0	0.0	0.0	0	False	inert	2022	0.5	0.4166666666666667
10.1021/acs.joc.2c01773	PhMe	1.0	1.2	1.2	tBuOK	0.5	(NNN2) ligand		0	Ar	0.0	120.0	16.0	33.0	inf	0	False	inert	2022	0.5	0.4166666666666667
10.1021/acs.joc.2c01773	PhMe	1.0	1.2	1.2	tBuOK	0.5	(NNN1) ligand		0	Ar	0.0	120.0	16.0	32.0	inf	0	False	inert	2022	0.5	0.4166666666666667
10.1021/acs.joc.2c01773	PhMe	1.0	1.5	1.5	tBuOK	1.0	ZnCl2	Zn	0	Ar	15.0	140.0	36.0	6.0	0.4	0	False	inert	2022	1.0	0.6666666666666666
10.1016/j.mcat.2023.113440	neat	1.0	1.0	1.0	KOH	1.0	(p-cymene)Ru(ArNH21)Cl2	Ru	0	air?	2.0	110.0	6.0	99.0	49.5	0	True	oxygen	2023	1.0	1.0
10.1016/j.mcat.2023.113440	neat	1.0	1.0	1.0	KOH	1.0	(p-cymene)Ru(ArNH21)Cl2	Ru	0	air?	0.5	110.0	6.0	0.0	0.0	0	False	oxygen	2023	1.0	1.0
10.1016/j.mcat.2023.113440	neat	1.0	1.0	1.0	KOH	1.0	(p-cymene)Ru(ArNH21)Cl2	Ru	0	air?	1.0	110.0	6.0	42.0	42.0	0	False	oxygen	2023	1.0	1.0
10.1016/j.mcat.2023.113440	neat	1.0	1.0	1.0	KOH	1.0	(p-cymene)Ru(ArNH21)Cl2	Ru	0	air?	1.5	110.0	6.0	71.0	47.333333333333336	0	True	oxygen	2023	1.0	1.0
10.1016/j.mcat.2023.113440	PhMe	1.0	1.0	1.0	KOH	1.0	(p-cymene)Ru(ArNH21)Cl2	Ru	0	air?	2.0	110.0	6.0	40.0	20.0	0	False	oxygen	2023	1.0	1.0
10.1016/j.mcat.2023.113440	DMF	1.0	1.0	1.0	KOH	1.0	(p-cymene)Ru(ArNH21)Cl2	Ru	0	air?	2.0	140.0	6.0	48.0	24.0	0	False	oxygen	2023	1.0	1.0
10.1016/j.mcat.2023.113440	H2O	1.0	1.0	1.0	KOH	1.0	(p-cymene)Ru(ArNH21)Cl2	Ru	0	air?	2.0	100.0	6.0	0.0	0.0	0	False	oxygen	2023	1.0	1.0
10.1016/j.mcat.2023.113440	MeCN	1.0	1.0	1.0	KOH	1.0	(p-cymene)Ru(ArNH21)Cl2	Ru	0	air?	2.0	70.0	6.0	0.0	0.0	0	False	oxygen	2023	1.0	1.0
10.1016/j.mcat.2023.113440	DCM	1.0	1.0	1.0	KOH	1.0	(p-cymene)Ru(ArNH21)Cl2	Ru	0	air?	2.0	40.0	6.0	0.0	0.0	0	False	oxygen	2023	1.0	1.0
10.1016/j.mcat.2023.113440	THF	1.0	1.0	1.0	KOH	1.0	(p-cymene)Ru(ArNH21)Cl2	Ru	0	air?	2.0	70.0	6.0	0.0	0.0	0	False	oxygen	2023	1.0	1.0
10.1016/j.mcat.2023.113440	neat	1.0	1.0	1.0	KOH	1.0	no		0	air?	0.0	110.0	6.0	0.0		0	False	oxygen	2023	1.0	1.0
10.1016/j.mcat.2023.113440	neat	1.0	1.0	1.0	KOH	1.0	(p-cymene)Ru(ArNH21)Cl2	Ru	0	air?	2.0	110.0	8.0	79.0	39.5	0	True	oxygen	2023	1.0	1.0
10.1016/j.mcat.2023.113440	neat	1.0	1.0	1.0	KOH	1.0	(p-cymene)Ru(ArNH22)Cl2	Ru	0	air?	2.0	110.0	6.0	25.0	12.5	0	False	oxygen	2023	1.0	1.0
10.1016/j.mcat.2023.113440	neat	1.0	1.0	1.0	KOH	1.0	(p-cymene)Ru(ArNH23)Cl2	Ru	0	air?	2.0	110.0	6.0	68.0	34.0	0	True	oxygen	2023	1.0	1.0
10.1016/j.mcat.2023.113440	neat	1.0	1.0	1.0	NaOH	1.0	(p-cymene)Ru(ArNH21)Cl2	Ru	0	air?	2.0	110.0	6.0	66.0	33.0	0	True	oxygen	2023	1.0	1.0
10.1016/j.mcat.2023.113440	neat	1.0	1.0	1.0	Na2CO3	1.0	(p-cymene)Ru(ArNH21)Cl2	Ru	0	air?	2.0	110.0	6.0	68.0	34.0	0	True	oxygen	2023	1.0	1.0
10.1016/j.mcat.2023.113440	neat	1.0	1.0	1.0	K2CO3	1.0	(p-cymene)Ru(ArNH21)Cl2	Ru	0	air?	2.0	110.0	6.0	54.0	27.0	0	False	oxygen	2023	1.0	1.0
10.1016/j.mcat.2023.113440	neat	1.0	1.0	1.0	Cs2CO3	1.0	(p-cymene)Ru(ArNH21)Cl2	Ru	0	air?	2.0	110.0	6.0	56.0	28.0	0	False	oxygen	2023	1.0	1.0
10.1016/j.ica.2023.121546	neat	10.0	10.0	1.0	no base	0.0	Cu-BTC	Cu	0	air	15.0	180.0	15.0	18.0	1.2	0	False	oxygen	2023	0.0	0.0
10.1016/j.ica.2023.121546	neat	10.0	10.0	1.0	no base	0.0	Cu-BTC	Cu	0	air	15.0	160.0	15.0	11.0	0.7333333333333333	0	False	oxygen	2023	0.0	0.0
10.1016/j.ica.2023.121546	neat	10.0	20.0	2.0	no base	0.0	Cu-BTC	Cu	0	air	15.0	180.0	15.0	30.0	2.0	0	False	oxygen	2023	0.0	0.0
10.1016/j.ica.2023.121546	neat	10.0	10.0	1.0	no base	0.0	Cu-BTC	Cu	0	air	7.0	180.0	15.0	9.0	1.2857142857142858	0	False	oxygen	2023	0.0	0.0
10.1016/j.ica.2023.121546	neat	10.0	10.0	1.0	no base	0.0	Cu-BTC	Cu	0	air	15.0	180.0	24.0	32.0	2.1333333333333333	0	False	oxygen	2023	0.0	0.0
10.1016/j.ica.2023.121546	neat	10.0	10.0	1.0	no base	0.0	Cu-BTC	Cu	0	air	15.0	180.0	12.0	9.0	0.6	0	False	oxygen	2023	0.0	0.0
10.1016/j.ica.2023.121546	neat	10.0	10.0	1.0	Na2CO3	3.8	Cu-BTC	Cu	0	air	15.0	180.0	12.0	6.0	0.4	0	False	oxygen	2023	0.38	0.38
10.1016/j.ica.2023.121546	neat	10.0	10.0	1.0	Na2CO3	9.5	Cu-BTC	Cu	0	air	15.0	180.0	12.0	3.0	0.2	0	False	oxygen	2023	0.95	0.95
10.1016/j.ica.2023.121546	neat	10.0	10.0	1.0	Na2CO3	10.0	Cu-BTC	Cu	0	air	15.0	180.0	12.0	8.0	0.5333333333333333	0	False	oxygen	2023	1.0	1.0
10.1016/j.ica.2023.121546	neat	10.0	20.0	2.0	Na2CO3	3.8	Cu-BTC	Cu	0	air	15.0	180.0	12.0	5.0	0.3333333333333333	0	False	oxygen	2023	0.38	0.19
10.1016/j.ica.2023.121546	neat	10.0	10.0	1.0	NaHCO3	3.8	Cu-BTC	Cu	0	air	0.0	180.0	12.0	14.0	inf	0	False	oxygen	2023	0.38	0.38
10.1016/j.ica.2023.121546	neat	10.0	10.0	1.0	NaHCO3	9.5	Cu-BTC	Cu	0	air	15.0	180.0	15.0	25.0	1.6666666666666667	0	False	oxygen	2023	0.95	0.95
10.1016/j.ica.2023.121546	neat	10.0	10.0	1.0	NaHCO3	10.0	Cu-BTC	Cu	0	air	15.0	180.0	15.0	9.0	0.6	0	False	oxygen	2023	1.0	1.0
10.1016/j.ica.2023.121546	neat	10.0	10.0	1.0	NaHCO3	10.0	no		0	air	15.0	180.0	15.0	0.0	0.0	0	False	oxygen	2023	1.0	1.0
10.1016/j.ica.2023.121546	neat	10.0	10.0	1.0	TBD	3.8	Cu-BTC	Cu	0	air	15.0	180.0	15.0	8.0	0.5333333333333333	0	False	oxygen	2023	0.38	0.38
10.1016/j.ica.2023.121546	neat	10.0	10.0	1.0	TBD	9.5	Cu-BTC	Cu	0	air	15.0	180.0	15.0	15.0	1.0	0	False	oxygen	2023	0.95	0.95
10.1016/j.ica.2023.121546	neat	10.0	10.0	1.0	TBD	10.0	Cu-BTC	Cu	0	air	15.0	180.0	15.0	11.0	0.7333333333333333	0	False	oxygen	2023	1.0	1.0
10.1016/j.ica.2023.121546	neat	10.0	20.0	2.0	TBD	3.8	Cu-BTC	Cu	0	air	15.0	200.0	15.0	7.0	0.4666666666666667	0	False	oxygen	2023	0.38	0.19
10.1016/j.ica.2023.121546	neat	10.0	10.0	1.0	TBD	3.8	Cu-BTC	Cu	0	air	15.0	200.0	15.0	11.0	0.7333333333333333	0	False	oxygen	2023	0.38	0.38
10.1002/cctc.202300741	PhMe	1.0	1.25	1.25	tBuOK	1.0	no		0	air	0.0	120.0	18.0	31.0	inf	0	False	oxygen	2023	1.0	0.8
10.1002/cctc.202300741	PhMe	1.0	1.25	1.25	tBuOK	0.25	no		0	air	0.0	120.0	18.0	57.0	inf	0	False	oxygen	2023	0.25	0.2
10.1002/cctc.202300741	PhMe	0.2	0.25	1.25	tBuOK	0.05	no		0	air	0.0	130.0	18.0	78.0	inf	0	True	oxygen	2023	0.25	0.2
10.1002/cctc.202300741	PhMe	0.2	0.25	1.25	tBuOK	0.05	no		0	air	0.0	140.0	18.0	93.0	inf	0	True	oxygen	2023	0.25	0.2
10.1002/cctc.202300741	PhMe	0.2	0.25	1.25	tBuOK	0.02	no		0	air	0.0	140.0	18.0	60.0	inf	0	False	oxygen	2023	0.0999999999999999	0.08
10.1002/cctc.202300741	PhMe	0.2	0.25	1.25	tBuOK	0.1	no		0	air	0.0	140.0	18.0	59.0	inf	0	False	oxygen	2023	0.5	0.4
10.1002/cctc.202300741	PhMe	0.2	0.25	1.25	tBuOK	0.2	no		0	air	0.0	140.0	18.0	49.0	inf	0	False	oxygen	2023	1.0	0.8
10.1002/cctc.202300741	PhMe	0.2	0.25	1.25	tBuOK	0.05	no		0	N2	0.0	140.0	18.0	22.0	inf	0	False	inert	2023	0.25	0.2
10.1002/cctc.202300741	PhMe	0.2	0.25	1.25	KOH	0.05	no		0	air	0.0	140.0	18.0	70.0	inf	0	True	oxygen	2023	0.25	0.2
10.1002/cctc.202300741	PhMe	0.2	0.25	1.25	KOH	0.2	no		0	air	0.0	140.0	18.0	53.0	inf	0	False	oxygen	2023	1.0	0.8
10.1002/cctc.202300741	PhMe	0.2	0.25	1.25	NaOH	0.05	no		0	air	0.0	140.0	18.0	20.0	inf	0	False	oxygen	2023	0.25	0.2
10.1002/cctc.202300741	PhMe	0.2	0.25	1.25	tBuONa	0.05	no		0	air	0.0	140.0	18.0	11.0	inf	0	False	oxygen	2023	0.25	0.2
10.1002/cctc.202300741	PhMe	0.2	0.25	1.25	K2CO3	0.05	no		0	air	0.0	140.0	18.0	0.0		0	False	oxygen	2023	0.25	0.2
10.1002/cctc.202300741	PhMe	0.2	0.25	1.25	tBuOK	0.05	no		0	air	0.0	140.0	18.0	90.0	inf	sublimated tBuOK	True	oxygen	2023	0.25	0.2
10.3390/nano13030445	PhMe	1.0	2.0	2.0	KOH	0.3	no		0	Ar	0.0	120.0	12.0	5.0	inf	0	False	inert	2023	0.3	0.15
10.3390/nano13030445	PhMe	1.0	2.0	2.0	no base	0.3	CNS@Zn1-AA	Zn	0	Ar	0.9	120.0	12.0	8.0	8.88888888888889	0	False	inert	2023	0.3	0.15
10.3390/nano13030445	PhMe	1.0	2.0	2.0	KOH	0.3	CNS@Zn1-AA	Zn	0	Ar	0.9	120.0	12.0	90.0	100.0	0	True	inert	2023	0.3	0.15
10.3390/nano13030445	PhMe	1.0	2.0	2.0	KOH	0.3	nano Zn	Zn	0	Ar	23.0	120.0	12.0	13.0	0.5652173913043478	0	False	inert	2023	0.3	0.15
10.3390/nano13030445	PhMe	1.0	2.0	2.0	KOH	0.3	ZnO	Zn	0	Ar	18.0	120.0	12.0	8.0	0.4444444444444444	0	False	inert	2023	0.3	0.15
10.3390/nano13030445	PhMe	1.0	2.0	2.0	KOH	0.3	Zn(NO2)3*6H2O	Zn	0	Ar	5.0	120.0	12.0	12.0	2.4	0	False	inert	2023	0.3	0.15
10.3390/nano13030445	PhMe	1.0	2.0	2.0	tBuOK	0.3	CNS@Zn1-AA	Zn	0	Ar	0.9	120.0	18.0	92.0	102.2222222222222	0	True	inert	2023	0.3	0.15
10.3390/nano13030445	PhMe	1.0	2.0	2.0	NaOH	0.3	CNS@Zn1-AA	Zn	0	Ar	0.9	120.0	12.0	46.0	51.11111111111111	0	False	inert	2023	0.3	0.15
10.3390/nano13030445	PhMe	1.0	2.0	2.0	Na2CO3	0.3	CNS@Zn1-AA	Zn	0	Ar	0.9	120.0	12.0	9.0	10.0	0	False	inert	2023	0.3	0.15
10.3390/nano13030445	PhMe	1.0	2.0	2.0	tBuOK	0.3	CNS@Zn1-AA	Zn	0	Ar	0.9	120.0	12.0	7.0	7.777777777777778	0	False	inert	2023	0.3	0.15
10.1016/j.molstruc.2023.134999	PhMe	5.5	4.8	0.8727272727272727	KOH	1.2	no		0	Ar	0.0	110.0	24.0	0.0		0	False	inert	2023	0.2181818181818181	0.25
10.1016/j.molstruc.2023.134999	PhMe	5.5	4.8	0.8727272727272727	KOH	1.2	Cu@APPOSS-2PC	Cu	0	Ar		110.0	12.0	92.0		0	True	inert	2023	0.2181818181818181	0.25
10.1016/j.molstruc.2023.134999	PhMe	5.5	4.8	0.8727272727272727	KOH	1.2	Ni@APPOSS-2PC	Ni	0	Ar		110.0	12.0	93.0		0	True	inert	2023	0.2181818181818181	0.25
10.1016/j.molstruc.2023.134999	PhMe	5.5	4.8	0.8727272727272727	KOH	1.2	Cu@APPOSS-2PC	Cu	0	Ar		70.0	22.0	71.0		0	True	inert	2023	0.2181818181818181	0.25
10.1016/j.molstruc.2023.134999	PhMe	5.5	4.8	0.8727272727272727	KOH	1.2	Ni@APPOSS-2PC	Ni	0	Ar		70.0	22.0	69.0		0	True	inert	2023	0.2181818181818181	0.25
10.1016/j.molstruc.2023.134999	PhMe	5.5	4.8	0.8727272727272727	KOH	1.2	Cu@APPOSS-2PC	Cu	0	Ar		90.0	16.0	87.0		0	True	inert	2023	0.2181818181818181	0.25
10.1016/j.molstruc.2023.134999	PhMe	5.5	4.8	0.8727272727272727	KOH	1.2	Ni@APPOSS-2PC	Ni	0	Ar		90.0	16.0	91.0		0	True	inert	2023	0.2181818181818181	0.25
10.1016/j.molstruc.2023.134999	PhMe	5.5	4.8	0.8727272727272727	Cs2CO3	1.2	Cu@APPOSS-2PC	Cu	0	Ar		110.0	24.0	81.0		0	True	inert	2023	0.2181818181818181	0.25
10.1016/j.molstruc.2023.134999	PhMe	5.5	4.8	0.8727272727272727	Cs2CO3	1.2	Ni@APPOSS-2PC	Ni	0	Ar		110.0	24.0	90.0		0	True	inert	2023	0.2181818181818181	0.25
10.1016/j.molstruc.2023.134999	PhMe	5.5	4.8	0.8727272727272727	K2CO3	1.2	Cu@APPOSS-2PC	Cu	0	Ar		110.0	24.0	79.0		0	True	inert	2023	0.2181818181818181	0.25
10.1016/j.molstruc.2023.134999	PhMe	5.5	4.8	0.8727272727272727	K2CO3	1.2	Ni@APPOSS-2PC	Ni	0	Ar		110.0	24.0	86.0		0	True	inert	2023	0.2181818181818181	0.25
10.1016/j.poly.2023.116351	PhMe	1.0	1.0	1.0	KOH	1.0	Ru(NNO1)(CO)(PPh3)Cl	Ru	0	Ar	0.5	100.0	12.0	91.0	182.0	0	True	inert	2023	1.0	1.0
10.1002/slct.202300770	PhMe	1.2	1.0	0.8333333333333334	KOH	0.36	TiO2 NP	Ti	0	Ar	41.0	130.0	26.0	98.0	2.3902439024390243	смесь рутила и анатаза	True	inert	2023	0.3	0.36
10.1002/slct.202300770	PhMe	1.2	1.0	0.8333333333333334	no base	0.0	TiO2 NP	Ti	0	Ar	41.0	130.0	26.0	0.0	0.0	смесь рутила и анатаза	False	inert	2023	0.0	0.0
10.1002/slct.202300770	PhMe	1.2	1.0	0.8333333333333334	KOH	0.36	no		0	Ar	0.0	130.0	26.0	0.0		0	False	inert	2023	0.3	0.36
10.1002/slct.202300770	PhMe	1.2	1.0	0.8333333333333334	KOH	0.36	TiO2 NP	Ti	0	Ar	41.0	130.0	26.0	52.0	1.2682926829268293	чистый анатаз	False	inert	2023	0.3	0.36
10.1002/slct.202300770	PhMe	1.2	1.0	0.8333333333333334	KOH	0.4	TiO2 NP	Ti	0	Ar	41.0	130.0	26.0	86.0	2.097560975609756	0	True	inert	2023	0.3333333333333333	0.4
10.1002/slct.202300770	PhMe	1.2	1.0	0.8333333333333334	KOH	0.3	TiO2 NP	Ti	0	Ar	41.0	130.0	26.0	62.0	1.5121951219512195	0	False	inert	2023	0.25	0.3
10.1002/slct.202300770	PhMe	1.2	1.0	0.8333333333333334	KOH	0.2	TiO2 NP	Ti	0	Ar	41.0	130.0	26.0	47.0	1.146341463414634	0	False	inert	2023	0.1666666666666666	0.2
10.1002/slct.202300770	PhMe	1.2	1.0	0.8333333333333334	KOH	0.1	TiO2 NP	Ti	0	Ar	41.0	130.0	26.0	15.0	0.3658536585365853	0	False	inert	2023	0.0833333333333333	0.1
10.1002/slct.202300770	PhMe	1.2	1.0	0.8333333333333334	tBuOK	0.4	TiO2 NP	Ti	0	Ar	41.0	130.0	26.0	45.0	1.0975609756097562	0	False	inert	2023	0.3333333333333333	0.4
10.1002/slct.202300770	PhMe	1.2	1.0	0.8333333333333334	K2CO3	0.4	TiO2 NP	Ti	0	Ar	41.0	130.0	26.0	0.0	0.0	0	False	inert	2023	0.3333333333333333	0.4
10.1002/slct.202300770	PhMe	1.2	1.0	0.8333333333333334	NaOH	0.4	TiO2 NP	Ti	0	Ar	41.0	130.0	26.0	34.0	0.8292682926829268	0	False	inert	2023	0.3333333333333333	0.4
10.1002/slct.202300770	PhMe	1.2	1.0	0.8333333333333334	Cs2CO3	0.4	TiO2 NP	Ti	0	Ar	41.0	130.0	26.0	0.0	0.0	0	False	inert	2023	0.3333333333333333	0.4
10.1002/slct.202300770	PhMe	1.2	1.0	0.8333333333333334	Et3N	0.4	TiO2 NP	Ti	0	Ar	41.0	130.0	26.0	0.0	0.0	0	False	inert	2023	0.3333333333333333	0.4
10.1002/slct.202300770	PhMe	1.2	1.0	0.8333333333333334	DIPEA	0.4	TiO2 NP	Ti	0	Ar	41.0	130.0	26.0	0.0	0.0	0	False	inert	2023	0.3333333333333333	0.4
10.1002/slct.202300770	PhMe	1.2	1.0	0.8333333333333334	KOH	0.36	TiO2 NP	Ti	0	Ar	41.0	140.0	26.0	87.0	2.1219512195121952	0	True	inert	2023	0.3	0.36
10.1002/slct.202300770	PhMe	1.2	1.0	0.8333333333333334	KOH	0.36	TiO2 NP	Ti	0	Ar	41.0	130.0	26.0	86.0	2.097560975609756	0	True	inert	2023	0.3	0.36
10.1002/slct.202300770	PhMe	1.2	1.0	0.8333333333333334	KOH	0.36	TiO2 NP	Ti	0	Ar	41.0	120.0	26.0	80.0	1.951219512195122	0	True	inert	2023	0.3	0.36
10.1002/slct.202300770	PhMe	1.2	1.0	0.8333333333333334	KOH	0.36	TiO2 NP	Ti	0	Ar	41.0	100.0	26.0	3.0	0.073170731707317	0	False	inert	2023	0.3	0.36
10.1002/slct.202300770	PhMe	1.2	1.0	0.8333333333333334	KOH	0.36	TiO2 NP	Ti	0	Ar	41.0	130.0	26.0	84.0	2.048780487804878	0	True	inert	2023	0.3	0.36
10.1002/slct.202300770	PhMe	1.2	1.0	0.8333333333333334	KOH	0.36	TiO2 NP	Ti	0	Ar	27.33333333333333	130.0	26.0	11.0	0.402439024390244	0	False	inert	2023	0.3	0.36
10.1002/slct.202300770	PhMe	1.2	1.0	0.8333333333333334	KOH	0.36	TiO2 NP	Ti	0	Ar	13.666666666666666	130.0	26.0	1.0	0.073170731707317	0	False	inert	2023	0.3	0.36
10.1002/slct.202300770	p-xylene	1.2	1.0	0.8333333333333334	KOH	0.36	TiO2 NP	Ti	0	Ar	41.0	130.0	26.0	90.0	2.1951219512195124	0	True	inert	2023	0.3	0.36
10.1002/slct.202300770	EtOH	1.2	1.0	0.8333333333333334	KOH	0.36	TiO2 NP	Ti	0	Ar	41.0	130.0	26.0	22.0	0.5365853658536586	0	False	inert	2023	0.3	0.36
10.1002/slct.202300770	MeCN	1.2	1.0	0.8333333333333334	KOH	0.36	TiO2 NP	Ti	0	Ar	41.0	130.0	26.0	0.0	0.0	0	False	inert	2023	0.3	0.36
10.1002/slct.202300770	THF	1.2	1.0	0.8333333333333334	KOH	0.36	TiO2 NP	Ti	0	Ar	41.0	130.0	26.0	1.0	0.024390243902439	0	False	inert	2023	0.3	0.36
10.1002/slct.202300770	DMF	1.2	1.0	0.8333333333333334	KOH	0.36	TiO2 NP	Ti	0	Ar	41.0	130.0	26.0	0.0	0.0	0	False	inert	2023	0.3	0.36
10.1002/slct.202300770	dioxane	1.2	1.0	0.8333333333333334	KOH	0.36	TiO2 NP	Ti	0	Ar	41.0	130.0	26.0	0.0	0.0	0	False	inert	2023	0.3	0.36
10.1002/slct.202300770	PhMe	1.2	1.0	0.8333333333333334	KOH	0.36	TiO2 NP	Ti	0	Ar	41.0	130.0	16.0	29.0	0.7073170731707317	0	False	inert	2023	0.3	0.36
10.1021/acs.organomet.3c00046	neat	0.5	0.75	1.5	tBuOK	0.5	Mn(NHC1)2(CO)3Br	Mn	0	N2	1.5	50.0	24.0	42.0	28.0	0	False	inert	2023	1.0	0.6666666666666666
10.1021/acs.organomet.3c00046	neat	0.5	0.75	1.5	tBuOK	0.5	Mn(NHC2)2(CO)3Br	Mn	0	N2	1.5	50.0	24.0	15.0	10.0	0	False	inert	2023	1.0	0.6666666666666666
10.1021/acs.organomet.3c00046	neat	0.5	0.75	1.5	tBuOK	0.5	Mn(NHC3)2(CO)3Br	Mn	0	N2	1.5	50.0	24.0	99.0	66.0	0	True	inert	2023	1.0	0.6666666666666666
10.1021/acs.organomet.3c00046	neat	0.5	0.75	1.5	tBuOK	0.5	Re(NHC1)2(CO)3Br	Re	0	N2	1.5	50.0	24.0	14.0	9.333333333333334	0	False	inert	2023	1.0	0.6666666666666666
10.1021/acs.organomet.3c00046	neat	0.5	0.75	1.5	tBuOK	0.5	Re(NHC1)2(CO)3Cl	Re	0	N2	1.5	50.0	24.0	3.0	2.0	0	False	inert	2023	1.0	0.6666666666666666
10.1021/acs.organomet.3c00046	neat	0.5	0.75	1.5	tBuOK	0.5	Re(NHC2)2(CO)3Br	Re	0	N2	1.5	50.0	24.0	0.0	0.0	0	False	inert	2023	1.0	0.6666666666666666
10.1021/acs.organomet.3c00046	neat	0.5	0.75	1.5	tBuOK	0.5	Re(NHC3)2(CO)3Cl	Re	0	N2	1.5	50.0	24.0	0.0	0.0	0	False	inert	2023	1.0	0.6666666666666666
10.1021/acs.organomet.3c00046	neat	0.5	0.75	1.5	tBuOK	0.5	Mn(NHC1)2(CO)3Br	Mn	0	N2	1.5	100.0	24.0	99.0	66.0	0	True	inert	2023	1.0	0.6666666666666666
10.1021/acs.organomet.3c00046	neat	0.5	0.75	1.5	tBuOK	0.5	Mn(NHC2)2(CO)3Br	Mn	0	N2	1.5	100.0	24.0	45.0	30.0	0	False	inert	2023	1.0	0.6666666666666666
10.1021/acs.organomet.3c00046	neat	0.5	0.75	1.5	tBuOK	0.5	Mn(NHC3)2(CO)3Br	Mn	0	N2	1.5	100.0	24.0	99.0	66.0	0	True	inert	2023	1.0	0.6666666666666666
10.1021/acs.organomet.3c00046	neat	0.5	0.75	1.5	tBuOK	0.5	Re(NHC1)2(CO)3Br	Re	0	N2	1.5	100.0	24.0	99.0	66.0	0	True	inert	2023	1.0	0.6666666666666666
10.1021/acs.organomet.3c00046	neat	0.5	0.75	1.5	tBuOK	0.5	Re(NHC1)2(CO)3Cl	Re	0	N2	1.5	100.0	24.0	81.0	54.0	0	True	inert	2023	1.0	0.6666666666666666
10.1021/acs.organomet.3c00046	neat	0.5	0.75	1.5	tBuOK	0.5	Re(NHC2)2(CO)3Br	Re	0	N2	1.5	100.0	24.0	63.0	42.0	0	False	inert	2023	1.0	0.6666666666666666
10.1021/acs.organomet.3c00046	neat	0.5	0.75	1.5	tBuOK	0.5	Re(NHC3)2(CO)3Cl	Re	0	N2	1.5	100.0	24.0	79.0	52.66666666666666	0	True	inert	2023	1.0	0.6666666666666666
10.1021/acs.organomet.3c00046	neat	0.5	0.75	1.5	tBuOK	0.5	Mn(CO)5Br	Mn	0	N2	1.5	100.0	24.0	12.0	8.0	0	False	inert	2023	1.0	0.6666666666666666
10.1021/acs.organomet.3c00046	neat	0.5	0.75	1.5	tBuOK	0.5	Re(CO)5Br	Re	0	N2	1.5	100.0	24.0	39.0	26.0	0	False	inert	2023	1.0	0.6666666666666666
10.1021/acs.organomet.3c00046	neat	0.5	0.75	1.5	tBuOK	0.5	no		0	N2	0.0	100.0	24.0	5.0	inf	0	False	inert	2023	1.0	0.6666666666666666
10.1021/acs.organomet.3c00046	neat	0.5	0.75	1.5	tBuOK	0.0015	Mn(NHC1)2(CO)3Br	Mn	0	N2	1.5	100.0	2.0	91.0	60.66666666666666	0	True	inert	2023	0.003	0.002
10.1021/acs.organomet.3c00046	neat	0.5	0.75	1.5	tBuOK	0.0005	Mn(NHC1)2(CO)3Br	Mn	0	N2	1.5	100.0	16.0	73.0	48.66666666666666	0	True	inert	2023	0.001	0.0006666666666666
10.1021/acs.organomet.3c00046	neat	0.5	1.25	2.5	tBuOK	0.0005	Mn(NHC1)2(CO)3Br	Mn	0	N2	2.0	100.0	16.0	92.0	46.0	0	True	inert	2023	0.001	0.0004
10.1021/acs.organomet.3c00046	neat	0.5	1.25	2.5	tBuOK	0.00025	Mn(NHC1)2(CO)3Br	Mn	0	N2	2.0	100.0	24.0	45.0	22.5	0	False	inert	2023	0.0005	0.0002
10.1021/acs.organomet.3c00046	neat	0.5	0.75	1.5	no base	0.0	Mn(NHC1)2(CO)3Br	Mn	0	N2	1.5	100.0	24.0	15.0	10.0	0	False	inert	2023	0.0	0.0
10.1021/acs.organomet.3c00046	neat	0.5	0.75	1.5	tBuOK	0.25	Mn(NHC1)2(CO)3Br	Mn	0	N2	1.5	130.0	2.0	99.0	66.0	0	True	inert	2023	0.5	0.3333333333333333
10.1021/acs.organomet.3c00046	neat	0.5	0.75	1.5	tBuOK	0.25	Mn(NHC2)2(CO)3Br	Mn	0	N2	1.5	130.0	2.0	22.0	14.666666666666666	0	False	inert	2023	0.5	0.3333333333333333
10.1021/acs.organomet.3c00046	neat	0.5	0.75	1.5	tBuOK	0.25	Mn(NHC2)2(CO)3Br	Mn	0	N2	1.5	130.0	24.0	25.0	16.666666666666668	0	False	inert	2023	0.5	0.3333333333333333
10.1021/acs.organomet.3c00046	neat	0.5	0.75	1.5	tBuOK	0.25	Mn(NHC3)2(CO)3Br	Mn	0	N2	1.5	130.0	2.0	26.0	17.333333333333332	0	False	inert	2023	0.5	0.3333333333333333
10.1021/acs.organomet.3c00046	neat	0.5	0.75	1.5	tBuOK	0.25	Mn(NHC3)2(CO)3Br	Mn	0	N2	1.5	130.0	24.0	38.0	25.33333333333333	0	False	inert	2023	0.5	0.3333333333333333
10.1021/acs.organomet.3c00046	neat	0.5	0.75	1.5	tBuOK	0.25	Re(NHC1)2(CO)3Br	Re	0	N2	1.5	130.0	2.0	5.0	3.333333333333333	0	False	inert	2023	0.5	0.3333333333333333
10.1021/acs.organomet.3c00046	neat	0.5	0.75	1.5	tBuOK	0.25	Re(NHC1)2(CO)3Br	Re	0	N2	1.5	130.0	24.0	15.0	10.0	0	False	inert	2023	0.5	0.3333333333333333
10.1021/acs.organomet.3c00046	neat	0.5	0.75	1.5	tBuOK	0.25	Re(NHC2)2(CO)3Br	Re	0	N2	1.5	130.0	2.0	5.0	3.333333333333333	0	False	inert	2023	0.5	0.3333333333333333
10.1021/acs.organomet.3c00046	neat	0.5	0.75	1.5	tBuOK	0.25	Re(NHC2)2(CO)3Br	Re	0	N2	1.5	130.0	24.0	15.0	10.0	0	False	inert	2023	0.5	0.3333333333333333
10.1021/acs.organomet.3c00046	neat	0.5	0.75	1.5	tBuOK	0.25	Re(NHC3)2(CO)3Cl	Re	0	N2	1.5	130.0	2.0	5.0	3.333333333333333	0	False	inert	2023	0.5	0.3333333333333333
10.1021/acs.organomet.3c00046	neat	0.5	0.75	1.5	tBuOK	0.25	Re(NHC3)2(CO)3Cl	Re	0	N2	1.5	130.0	24.0	11.0	7.333333333333333	0	False	inert	2023	0.5	0.3333333333333333
10.1016/j.molstruc.2023.135159	neat	1.0	1.5	1.5	tBuOK	0.01	(p-cymene)Ru(BZI)Cl2*0.3H2O	Ru	0	inert	2.5	120.0	24.0	54.0	21.6	0	False	inert	2023	0.01	0.0066666666666666
10.1021/acsomega.2c06341	neat	1.0	1.5	1.5	tBuOK	1.5	Cp*Ir(NHC1)Cl2	Ir	0	air	1.0	120.0	20.0	55.0	55.0	0	False	oxygen	2023	1.5	1.0
10.1021/acsomega.2c06341	neat	1.0	1.5	1.5	tBuOK	1.5	Cp*Ir(NHC2)Cl2	Ir	0	air	1.0	120.0	20.0	80.0	80.0	0	True	oxygen	2023	1.5	1.0
10.1021/acsomega.2c06341	neat	1.0	1.5	1.5	tBuOK	1.5	Cp*Ir(NHC3)Cl2	Ir	0	air	1.0	120.0	20.0	72.0	72.0	0	True	oxygen	2023	1.5	1.0
10.1021/acsomega.2c06341	neat	1.0	1.5	1.5	tBuOK	1.5	(p-cymene)Ru(NHC1)Cl2	Ru	0	air	1.0	120.0	20.0	40.0	40.0	0	False	oxygen	2023	1.5	1.0
10.1021/acsomega.2c06341	neat	1.0	1.5	1.5	tBuOK	1.5	(p-cymene)Ru(NHC2)Cl2	Ru	0	air	1.0	120.0	20.0	67.0	67.0	0	True	oxygen	2023	1.5	1.0
10.1021/acsomega.2c06341	neat	1.0	1.5	1.5	tBuOK	1.5	(p-cymene)Ru(NHC3)Cl2	Ru	0	air	1.0	120.0	20.0	67.0	67.0	0	True	oxygen	2023	1.5	1.0
10.1021/acsomega.2c06341	neat	1.0	1.5	1.5	Cs2CO3	1.5	Cp*Ir(NHC2)Cl2	Ir	0	air	1.0	120.0	20.0	62.0	62.0	0	False	oxygen	2023	1.5	1.0
10.1021/acsomega.2c06341	neat	1.0	1.5	1.5	K2CO3	1.5	Cp*Ir(NHC2)Cl2	Ir	0	air	1.0	120.0	20.0	33.0	33.0	0	False	oxygen	2023	1.5	1.0
10.1021/acsomega.2c06341	neat	1.0	1.5	1.5	KOH	1.5	Cp*Ir(NHC2)Cl2	Ir	0	air	1.0	120.0	20.0	58.0	58.0	0	False	oxygen	2023	1.5	1.0
10.1021/acsomega.2c06341	neat	1.0	1.5	1.5	tBuOK	1.5	Cp*Ir(NHC2)Cl2	Ir	0	air	1.0	120.0	24.0	93.0	93.0	0	True	oxygen	2023	1.5	1.0
10.1021/acsomega.2c06341	neat	1.0	1.5	1.5	tBuOK	1.5	Cp*Ir(NHC2)Cl2	Ir	0	air	0.5	120.0	20.0	48.0	96.0	0	False	oxygen	2023	1.5	1.0
10.1021/acsomega.2c06341	neat	1.0	1.5	1.5	tBuOK	1.5	[Cp*IrCl2]2	Ir	0	air	1.0	120.0	20.0	22.0	22.0	0	False	oxygen	2023	1.5	1.0
10.1021/acsomega.2c06341	neat	1.0	1.5	1.5	tBuOK	1.5	[Cp*IrCl2]2	Ir	+1% (NHC2) ligand	air	1.0	120.0	20.0	42.0	42.0	0	False	oxygen	2023	1.5	1.0
10.1021/acsomega.2c06341	neat	1.0	1.5	1.5	tBuOK	1.5	no		0	air	0.0	120.0	20.0	0.0		0	False	oxygen	2023	1.5	1.0
10.1021/acsomega.2c06341	neat	1.0	1.5	1.5	tBuOK	1.5	Cp*Ir(NHC2)Cl2	Ir	0	Ar	1.0	120.0	20.0	69.0	69.0	0	True	inert	2023	1.5	1.0
10.1021/acsomega.2c06341	neat	1.0	1.5	1.5	tBuOK	1.5	Cp*Ir(NHC4)Cl2	Ir	0	air	1.0	120.0	20.0	62.0	62.0	0	False	oxygen	2023	1.5	1.0
10.1021/acsomega.2c06341	neat	1.0	1.5	1.5	tBuOK	1.5	(p-cymene)Ru(NHC4)Cl2	Ru	0	air	1.0	120.0	20.0	58.0	58.0	0	False	oxygen	2023	1.5	1.0
10.1021/acsomega.2c06341	PhMe	1.0	1.5	1.5	tBuOK	1.5	Cp*Ir(NHC5)Cl2	Ir	0	air	1.0	120.0	20.0	64.0	64.0	0	False	oxygen	2023	1.5	1.0
10.1039/d2qo01522f	PhMe	1.0	0.5	0.5	tBuOK	0.5	LE1		0	air?	20.0	110.0	16.0	22.0	1.1	0	False	oxygen	2022	0.5	1.0
10.1039/d2qo01522f	PhMe	1.0	0.5	0.5	tBuOK	0.5	LE2		0	air?	20.0	110.0	16.0	34.0	1.7	0	False	oxygen	2022	0.5	1.0
10.1039/d2qo01522f	PhMe	1.0	0.5	0.5	tBuOK	0.5	LE3		0	air?	20.0	110.0	16.0	70.0	3.5	0	True	oxygen	2022	0.5	1.0
10.1039/d2qo01522f	PhMe	1.0	0.5	0.5	tBuOK	0.5	LE4		0	air?	20.0	110.0	16.0	82.0	4.1	0	True	oxygen	2022	0.5	1.0
10.1039/d2qo01522f	PhMe	1.0	0.5	0.5	tBuOK	0.5	LE5		0	air?	20.0	110.0	16.0	20.0	1.0	0	False	oxygen	2022	0.5	1.0
10.1039/d2qo01522f	PhMe	1.0	0.5	0.5	tBuOK	0.5	LE6		0	air?	20.0	110.0	16.0	43.0	2.15	0	False	oxygen	2022	0.5	1.0
10.1039/d2qo01522f	PhMe	1.0	0.5	0.5	tBuOK	0.5	LE7		0	air?	20.0	110.0	16.0	32.0	1.6	0	False	oxygen	2022	0.5	1.0
10.1039/d2qo01522f	PhMe	1.0	0.5	0.5	tBuOK	0.5	LE8		0	air?	20.0	110.0	16.0	12.0	0.6	0	False	oxygen	2022	0.5	1.0
10.1039/d2qo01522f	PhMe	1.0	0.5	0.5	tBuOK	0.5	no		0	air?	0.0	110.0	16.0	14.0	inf	0	False	oxygen	2022	0.5	1.0
10.1039/d2qo01522f	PhMe	1.0	0.5	0.5	KOH	0.5	LE4		0	air?	20.0	110.0	16.0	78.0	3.9	0	True	oxygen	2022	0.5	1.0
10.1039/d2qo01522f	PhMe	1.0	0.5	0.5	NaOH	0.5	LE4		0	air?	20.0	110.0	16.0	70.0	3.5	0	True	oxygen	2022	0.5	1.0
10.1039/d2qo01522f	PhMe	1.0	0.5	0.5	Cs2CO3	0.5	LE4		0	air?	20.0	110.0	16.0	10.0	0.5	0	False	oxygen	2022	0.5	1.0
10.1039/d2qo01522f	PhMe	1.0	0.5	0.5	K2CO3	0.5	LE4		0	air?	20.0	110.0	16.0	0.0	0.0	0	False	oxygen	2022	0.5	1.0
10.1039/d2qo01522f	PhMe	1.0	0.5	0.5	Et3N	0.5	LE4		0	air?	20.0	110.0	16.0	0.0	0.0	0	False	oxygen	2022	0.5	1.0
10.1039/d2qo01522f	PhMe	1.0	0.5	0.5	K3PO4	0.5	LE4		0	air?	20.0	110.0	16.0	60.0	3.0	0	False	oxygen	2022	0.5	1.0
10.1039/d2qo01522f	PhMe	1.0	0.5	0.5	tBuOK	0.25	LE4		0	air?	20.0	110.0	16.0	65.0	3.25	0	False	oxygen	2022	0.25	0.5
10.1039/d2qo01522f	PhMe	1.0	0.5	0.5	tBuOK	0.5	LE4		0	air?	10.0	110.0	16.0	74.0	7.4	0	True	oxygen	2022	0.5	1.0
10.1039/d2qo01522f	PhMe	1.0	0.5	0.5	tBuOK	0.5	LE4		0	air?	5.0	110.0	16.0	63.0	12.6	0	False	oxygen	2022	0.5	1.0
10.1039/d2qo01522f	PhMe	1.0	0.5	0.5	tBuOK	0.5	LE4		0	air?	20.0	130.0	16.0	88.0	4.4	0	True	oxygen	2022	0.5	1.0
10.1039/d2qo01522f	PhMe	1.0	0.5	0.5	tBuOK	0.5	LE4		0	air?	20.0	150.0	16.0	85.0	4.25	0	True	oxygen	2022	0.5	1.0
10.1039/d2qo01522f	PhMe	1.0	0.5	0.5	tBuOK	0.5	LE4		0	air?	20.0	130.0	24.0	87.0	4.35	0	True	oxygen	2022	0.5	1.0
10.1039/d2qo01522f	PhMe	1.0	0.5	0.5	tBuOK	0.5	LE4		0	air?	20.0	130.0	12.0	81.0	4.05	0	True	oxygen	2022	0.5	1.0
10.1039/d2qo01522f	PhMe	1.0	0.5	0.5	LiOH	0.5	LE4		0	air?	20.0	110.0	16.0	10.0	0.5	0	False	oxygen	2022	0.5	1.0
10.1039/d2qo01522f	PhMe	1.0	0.5	0.5	CsOH	0.5	LE4		0	air?	20.0	110.0	16.0	0.0	0.0	0	False	oxygen	2022	0.5	1.0
10.1039/d2qo01522f	PhMe	1.0	0.5	0.5	tBuOLi	0.5	LE4		0	air?	20.0	110.0	16.0	0.0	0.0	0	False	oxygen	2022	0.5	1.0
10.1039/d2qo01522f	PhMe	1.0	0.5	0.5	Li2CO3	0.5	LE4		0	air?	20.0	110.0	16.0	0.0	0.0	0	False	oxygen	2022	0.5	1.0
10.1039/d2qo01522f	PhMe	1.0	0.5	0.5	Na2CO3	0.5	LE4		0	air?	20.0	110.0	16.0	0.0	0.0	0	False	oxygen	2022	0.5	1.0
10.1039/d2qo01522f	PhMe	1.0	0.5	0.5	EtONa	0.5	LE4		0	air?	20.0	110.0	16.0	5.0	0.25	0	False	oxygen	2022	0.5	1.0
10.1039/d2qo01522f	PhMe	1.0	0.5	0.5	DBU	0.5	LE4		0	air?	20.0	110.0	16.0	0.0	0.0	0	False	oxygen	2022	0.5	1.0
10.1039/d2qo01522f	PhMe	1.0	0.5	0.5	DABCO	0.5	LE4		0	air?	20.0	110.0	16.0	0.0	0.0	0	False	oxygen	2022	0.5	1.0
10.1039/d2qo01522f	PhMe	1.0	0.5	0.5	tBuOK	1.0	LE4		0	air?	20.0	130.0	16.0	88.0	4.4	0	True	oxygen	2022	1.0	2.0
10.1039/d2qo01522f	PhMe	1.0	0.5	0.5	tBuOK	2.0	LE4		0	air?	20.0	130.0	16.0	82.0	4.1	0	True	oxygen	2022	2.0	4.0
10.1039/d2qo01522f	PhMe	0.5	0.5	1.0	tBuOK	0.5	LE4		0	air?	20.0	130.0	16.0	63.0	3.15	0	False	oxygen	2022	1.0	1.0
10.1039/d2qo01522f	PhMe	0.75	0.5	0.6666666666666666	tBuOK	0.5	LE4		0	air?	20.0	130.0	16.0	70.0	3.5	0	True	oxygen	2022	0.6666666666666666	1.0
10.1039/d2qo01522f	PhMe	1.0	1.0	1.0	tBuOK	0.5	LE4		0	air?	20.0	130.0	16.0	80.0	4.0	0	True	oxygen	2022	0.5	0.5
10.1039/d2qo01522f	PhMe	1.0	0.5	0.5	tBuOK	0.5	LE4		0	air?	20.0	50.0	16.0	0.0	0.0	0	False	oxygen	2022	0.5	1.0
10.1039/d2qo01522f	PhMe	1.0	0.5	0.5	tBuOK	0.5	LE4		0	air?	20.0	90.0	16.0	70.0	3.5	0	True	oxygen	2022	0.5	1.0
10.1039/d2qo01522f	PhMe	1.0	0.5	0.5	tBuOK	0.5	LE4		0	air?	20.0	140.0	16.0	86.0	4.3	0	True	oxygen	2022	0.5	1.0
10.1039/d2qo01522f	PhMe	18.49	9.247	0.5001081665765279	tBuOK	9.247	LE4		0	air?	20.0	130.0	16.0	70.0	3.5	0	True	oxygen	2022	0.5001081665765279	1.0
10.26434/chemrxiv-2022-24j10	mesitylene	0.25	0.38	1.52	tBuOK	0.5	Ru(OH)x/Al2O3@PVP-SiO2	Ru	0	Ar	4.0	135.0	18.0	82.0	20.5	0	True	inert	2022	2.0	1.3157894736842106
10.20944/preprints202308.1545.v1	tAmOH	1.0	1.0	1.0	no base	0.0	Au/TiO2	Au	0	N2	0.9	180.0	0.5	77.0	85.55555555555556	15 bar N2	True	inert	2023	0.0	0.0
10.20944/preprints202308.1545.v1	tAmOH	1.0	1.0	1.0	no base	0.0	Au/γ-Al2O3	Au	0	N2	0.9	180.0	0.5	80.0	88.88888888888889	15 bar N2	True	inert	2023	0.0	0.0
10.20944/preprints202308.1545.v1	tAmOH	1.0	1.0	1.0	no base	0.0	Au/α-Al2O3	Au	0	N2	0.9	180.0	0.5	1.0	1.1111111111111112	15 bar N2	False	inert	2023	0.0	0.0
10.20944/preprints202308.1545.v1	tAmOH	1.0	1.0	1.0	no base	0.0	Au/C	Au	0	N2	0.9	180.0	0.5	0.0	0.0	15 bar N2	False	inert	2023	0.0	0.0
10.20944/preprints202308.1545.v1	tAmOH	1.0	1.0	1.0	no base	0.0	Au/HFeO2	Au	0	N2	0.9	180.0	0.5	32.0	35.55555555555556	15 bar N2	False	inert	2023	0.0	0.0
10.20944/preprints202308.1545.v1	tAmOH	1.0	1.0	1.0	no base	0.0	Au/CeO2	Au	0	N2	0.9	180.0	0.5	40.0	44.44444444444444	15 bar N2	False	inert	2023	0.0	0.0
10.1039/d2qo00825d	PhMe	0.5	0.6	1.2	tBuOK	0.6	Cr(CO)6	Cr	7,2% LF1	N2	3.0	80.0	18.0	5.0	1.6666666666666667	0	False	inert	2022	1.2	1.0
10.1039/d2qo00825d	PhMe	0.5	0.6	1.2	tBuOK	0.6	MnCl2+Mn (1:1)	Mn	7,2% LF1	N2	3.0	80.0	18.0	42.0	14.0	0	False	inert	2022	1.2	1.0
10.1039/d2qo00825d	PhMe	0.5	0.6	1.2	tBuOK	0.6	FeCl2	Fe	7,2% LF1	N2	3.0	80.0	18.0	65.0	21.666666666666668	0	False	inert	2022	1.2	1.0
10.1039/d2qo00825d	PhMe	0.5	0.6	1.2	tBuOK	0.6	Co(NH3)6Cl3	Co	7,2% LF1	N2	3.0	80.0	18.0	9.0	3.0	0	False	inert	2022	1.2	1.0
10.1039/d2qo00825d	PhMe	0.5	0.6	1.2	tBuOK	0.6	no		0	N2	0.0	80.0	18.0	5.0	inf	0	False	inert	2022	1.2	1.0
10.1039/d2qo00825d	PhMe	0.5	0.6	1.2	tBuOK	0.6	FeCl2	Fe	7,2% LF1	N2	3.0	80.0	18.0	84.0	28.0	0	True	inert	2022	1.2	1.0
10.1039/d2qo00825d	PhMe	0.5	0.6	1.2	tBuOK	0.6	FeCl3	Fe	7,2% LF1	N2	3.0	80.0	18.0	92.0	30.666666666666668	0	True	inert	2022	1.2	1.0
10.1039/d2qo00825d	PhMe	0.5	0.6	1.2	tBuOK	0.6	Cp2Fe	Fe	3,6% LF1	N2	3.0	80.0	18.0	20.0	6.666666666666667	0	False	inert	2022	1.2	1.0
10.1039/d2qo00825d	PhMe	0.5	0.6	1.2	tBuOK	0.6	FeCl3	Fe	3,6% LF1	N2	3.0	110.0	18.0	65.0	21.666666666666668	0	False	inert	2022	1.2	1.0
10.1039/d2qo00825d	PhMe	0.5	0.6	1.2	tBuONa	0.6	FeCl3	Fe	3,6% LF1	N2	3.0	110.0	18.0	13.0	4.333333333333333	0	False	inert	2022	1.2	1.0
10.1039/d2qo00825d	PhMe	0.5	0.6	1.2	Cs2CO3	0.6	FeCl3	Fe	3,6% LF1	N2	3.0	110.0	18.0	5.0	1.6666666666666667	0	False	inert	2022	1.2	1.0
10.1039/d2qo00825d	PhMe	0.5	0.6	1.2	KOH	0.6	FeCl3	Fe	3,6% LF1	N2	3.0	110.0	18.0	23.0	7.666666666666667	0	False	inert	2022	1.2	1.0
10.1039/d2qo00825d	PhMe	0.5	0.6	1.2	NaOH	0.6	FeCl3	Fe	3,6% LF1	N2	3.0	110.0	18.0	6.0	2.0	0	False	inert	2022	1.2	1.0
10.1039/d2qo00825d	PhMe	0.5	0.6	1.2	no base	0.0	FeCl3	Fe	3,6% LF1	N2	3.0	110.0	18.0	0.0	0.0	0	False	inert	2022	0.0	0.0
10.1039/d2qo00825d	PhMe	0.5	0.6	1.2	tBuOK	0.6	FeCl3	Fe	1,5% LF1	N2	3.0	110.0	18.0	41.0	13.666666666666666	0	False	inert	2022	1.2	1.0
10.1039/d2qo00825d	PhMe	0.5	0.6	1.2	tBuOK	0.6	FeCl3	Fe	3,0% LF1	N2	3.0	110.0	18.0	64.0	21.33333333333333	0	False	inert	2022	1.2	1.0
10.1039/d2qo00825d	PhMe	0.5	0.6	1.2	tBuOK	0.6	FeCl3	Fe	4,5% LF1	N2	3.0	110.0	18.0	68.0	22.666666666666668	0	True	inert	2022	1.2	1.0
10.1039/d2qo00825d	PhMe	0.5	0.6	1.2	tBuOK	0.6	FeCl3	Fe	6,0% LF1	N2	3.0	110.0	18.0	75.0	25.0	0	True	inert	2022	1.2	1.0
10.1039/d2qo00825d	PhMe	0.5	0.6	1.2	tBuOK	0.6	FeCl3	Fe	7,5% LF1	N2	3.0	110.0	18.0	91.0	30.33333333333333	0	True	inert	2022	1.2	1.0
10.1039/d2qo00825d	PhMe	0.5	0.6	1.2	tBuOK	0.6	FeCl3	Fe	9,0% LF1	N2	3.0	110.0	18.0	88.0	29.33333333333333	0	True	inert	2022	1.2	1.0
10.1039/d2qo00825d	PhMe	0.5	0.6	1.2	tBuOK	0.6	FeCl3	Fe	7,2% LF1	N2	3.0	25.0	168.0	41.0	13.666666666666666	0	False	inert	2022	1.2	1.0
10.1039/d2qo00825d	H2O	0.5	0.6	1.2	tBuOK	0.6	FeCl3	Fe	7,2% LF1	N2	3.0	110.0	18.0	0.0	0.0	0	False	inert	2022	1.2	1.0
10.1039/d2qo00825d	MeCN	0.5	0.6	1.2	tBuOK	0.6	FeCl3	Fe	7,2% LF1	N2	3.0	110.0	18.0	5.0	1.6666666666666667	0	False	inert	2022	1.2	1.0
10.1039/d2qo00825d	DMSO	0.5	0.6	1.2	tBuOK	0.6	FeCl3	Fe	7,2% LF1	N2	3.0	110.0	18.0	0.0	0.0	0	False	inert	2022	1.2	1.0
10.1039/d2qo00825d	THF	0.5	0.6	1.2	tBuOK	0.6	FeCl3	Fe	7,2% LF1	N2	3.0	110.0	18.0	99.0	33.0	0	True	inert	2022	1.2	1.0
10.1039/d2qo00825d	THF	0.5	0.6	1.2	tBuOK	0.6	FeCl3	Fe	7,2% LF1	N2	3.0	80.0	18.0	99.0	33.0	0	True	inert	2022	1.2	1.0
10.1039/d2qo00825d	THF	0.5	0.6	1.2	tBuOK	0.6	FeCl3	Fe	7,2% LF1	N2	3.0	60.0	18.0	74.0	24.666666666666668	0	True	inert	2022	1.2	1.0
10.1039/d2qo00825d	THF	0.5	0.6	1.2	tBuOK	0.6	FeCl3	Fe	7,2% LF1	N2	3.0	40.0	18.0	17.0	5.666666666666667	0	False	inert	2022	1.2	1.0
10.1039/d2qo00825d	THF	0.5	0.6	1.2	tBuOK	0.6	FeCl3	Fe	4,8% LF1	N2	2.0	80.0	18.0	98.0	49.0	0	True	inert	2022	1.2	1.0
10.1039/d2qo00825d	THF	0.5	0.6	1.2	tBuOK	0.6	FeCl2	Fe	4,8% LF1	N2	2.0	80.0	18.0	99.0	49.5	0	True	inert	2022	1.2	1.0
10.1039/d2qo00825d	THF	0.5	0.6	1.2	tBuOK	0.6	FeCl3	Fe	2,4% LF1	N2	1.0	80.0	18.0	65.0	65.0	0	False	inert	2022	1.2	1.0
10.1039/d2qo00825d	THF	0.5	0.6	1.2	tBuOK	0.6	FeCl2	Fe	2,4% LF1	N2	1.0	80.0	18.0	84.0	84.0	0	True	inert	2022	1.2	1.0
10.1039/d2qo00825d	THF	0.5	0.6	1.2	tBuOK	0.6	FeCl3	Fe	1,2% LF1	N2	0.5	80.0	18.0	15.0	30.0	0	False	inert	2022	1.2	1.0
10.1039/d2qo00825d	THF	0.5	0.6	1.2	tBuOK	0.6	FeCl2	Fe	1,2% LF1	N2	0.5	80.0	18.0	63.0	126.0	0	False	inert	2022	1.2	1.0
10.1039/d2qo00825d	THF	0.5	0.6	1.2	tBuOK	0.6	Fe	Fe	1,2% LF1	N2	3.0	80.0	18.0	5.0	1.6666666666666667	0	False	inert	2022	1.2	1.0
10.1039/d2qo00825d	THF	0.5	0.6	1.2	tBuOK	0.6	FeCl3+Fe (1:1)	Fe	1,2% LF1	N2	2.0	80.0	18.0	90.0	45.0	0	True	inert	2022	1.2	1.0
10.1039/d2qo00825d	THF	0.5	0.6	1.2	tBuOK	0.5	FeCl3	Fe	7,2% LF1	N2	3.0	80.0	18.0	70.0	23.33333333333333	0	True	inert	2022	1.0	0.8333333333333334
10.1039/d2qo00825d	THF	0.5	0.6	1.2	tBuOK	0.8	FeCl3	Fe	7,2% LF1	N2	3.0	80.0	18.0	97.0	32.333333333333336	0	True	inert	2022	1.6	1.3333333333333337
10.1039/d2qo00825d	THF	0.5	0.6	1.2	tBuOK	1.0	FeCl3	Fe	7,2% LF1	N2	3.0	80.0	18.0	93.0	31.0	0	True	inert	2022	2.0	1.6666666666666667
10.1039/d2qo00825d	THF	0.5	0.6	1.2	tBuOK	1.2	FeCl3	Fe	7,2% LF1	N2	3.0	80.0	18.0	75.0	25.0	0	True	inert	2022	2.4	2.0
10.1039/d2qo00825d	THF	0.5	0.6	1.2	tBuOK	0.6	FeCl3	Fe	7,2% LF1	N2	3.0	80.0	6.0	69.0	23.0	0	True	inert	2022	1.2	1.0
10.1039/d2qo00825d	THF	0.5	0.6	1.2	tBuOK	0.6	FeCl3	Fe	7,2% LF1	N2	3.0	80.0	12.0	92.0	30.666666666666668	0	True	inert	2022	1.2	1.0
10.1039/d2qo00825d	THF	0.5	0.6	1.2	tBuOK	0.6	FeCl3	Fe	7,2% LF1	N2	3.0	80.0	24.0	99.0	33.0	0	True	inert	2022	1.2	1.0
10.1039/d2qo00825d	THF	10.0	12.0	1.2	tBuOK	12.0	FeCl3	Fe	7,2% LF1	N2	3.0	80.0	18.0	90.0	30.0	0	True	inert	2022	1.2	1.0
10.1039/d3nj00210a	neat	1.0	1.0	1.0	KOH	1.0	(p-cymene)Ru(ArNH24)Cl2	Ru	0	air	2.0	110.0	6.0	96.0	48.0	0	True	oxygen	2023	1.0	1.0
10.1039/d3nj00210a	neat	1.0	1.0	1.0	KOH	1.0	(p-cymene)Ru(ON)Cl2	Ru	0	air	2.0	110.0	6.0	25.0	12.5	0	False	oxygen	2023	1.0	1.0
10.1039/d3nj00210a	neat	1.0	1.0	1.0	KOH	1.0	(p-cymene)Ru(ArNH23)Cl2	Ru	0	air	2.0	110.0	6.0	90.0	45.0	0	True	oxygen	2023	1.0	1.0
10.1039/d3nj00210a	neat	1.0	1.0	1.0	KOH	1.0	(p-cymene)Ru(ArNH24)Cl2	Ru	0	air	0.5	110.0	6.0	0.0	0.0	0	False	oxygen	2023	1.0	1.0
10.1039/d3nj00210a	neat	1.0	1.0	1.0	KOH	1.0	(p-cymene)Ru(ArNH24)Cl2	Ru	0	air	1.0	110.0	6.0	38.0	38.0	0	False	oxygen	2023	1.0	1.0
10.1039/d3nj00210a	neat	1.0	1.0	1.0	KOH	1.0	(p-cymene)Ru(ArNH24)Cl2	Ru	0	air	1.5	110.0	6.0	65.0	43.333333333333336	0	False	oxygen	2023	1.0	1.0
10.1039/d3nj00210a	PhMe	1.0	1.0	1.0	KOH	1.0	(p-cymene)Ru(ArNH24)Cl2	Ru	0	air	2.0	110.0	6.0	42.0	21.0	0	False	oxygen	2023	1.0	1.0
10.1039/d3nj00210a	DMF	1.0	1.0	1.0	KOH	1.0	(p-cymene)Ru(ArNH24)Cl2	Ru	0	air	2.0	140.0	6.0	46.0	23.0	0	False	oxygen	2023	1.0	1.0
10.1039/d3nj00210a	H2O	1.0	1.0	1.0	KOH	1.0	(p-cymene)Ru(ArNH24)Cl2	Ru	0	air	2.0	100.0	6.0	0.0	0.0	0	False	oxygen	2023	1.0	1.0
10.1039/d3nj00210a	MeCN	1.0	1.0	1.0	KOH	1.0	(p-cymene)Ru(ArNH24)Cl2	Ru	0	air	2.0	70.0	6.0	0.0	0.0	0	False	oxygen	2023	1.0	1.0
10.1039/d3nj00210a	DCM	1.0	1.0	1.0	KOH	1.0	(p-cymene)Ru(ArNH24)Cl2	Ru	0	air	2.0	40.0	6.0	0.0	0.0	0	False	oxygen	2023	1.0	1.0
10.1039/d3nj00210a	THF	1.0	1.0	1.0	KOH	1.0	(p-cymene)Ru(ArNH24)Cl2	Ru	0	air	2.0	70.0	6.0	0.0	0.0	0	False	oxygen	2023	1.0	1.0
10.1039/d3nj00210a	neat	1.0	1.0	1.0	KOH	1.0	(p-cymene)Ru(ArNH24)Cl2	Ru	0	air	2.0	110.0	6.0	75.0	37.5	0	True	oxygen	2023	1.0	1.0
10.1039/d3nj00210a	neat	1.0	1.0	1.0	KOH	1.0	(p-cymene)Ru(ON)Cl2	Ru	0	air	2.0	110.0	6.0	20.0	10.0	0	False	oxygen	2023	1.0	1.0
10.1039/d3nj00210a	neat	1.0	1.0	1.0	KOH	1.0	(p-cymene)Ru(ArNH23)Cl2	Ru	0	air	2.0	110.0	6.0	68.0	34.0	0	True	oxygen	2023	1.0	1.0
10.1039/d3nj00210a	neat	1.0	1.0	1.0	KOH	1.0	(p-cymene)Ru(ArNH24)Cl2	Ru	0	air	2.0	110.0	8.0	77.0	38.5	0	True	oxygen	2023	1.0	1.0
10.1039/d3nj00210a	neat	1.0	1.0	1.0	NaOH	1.0	(p-cymene)Ru(ArNH24)Cl2	Ru	0	air	2.0	110.0	6.0	62.0	31.0	0	False	oxygen	2023	1.0	1.0
10.1039/d3nj00210a	neat	1.0	1.0	1.0	Na2CO3	1.0	(p-cymene)Ru(ArNH24)Cl2	Ru	0	air	2.0	110.0	6.0	64.0	32.0	0	False	oxygen	2023	1.0	1.0
10.1039/d3nj00210a	neat	1.0	1.0	1.0	K2CO3	1.0	(p-cymene)Ru(ArNH24)Cl2	Ru	0	air	2.0	110.0	6.0	51.0	25.5	0	False	oxygen	2023	1.0	1.0
10.1039/d3nj00210a	neat	1.0	1.0	1.0	Cs2CO3	1.0	(p-cymene)Ru(ArNH24)Cl2	Ru	0	air	2.0	110.0	6.0	55.0	27.5	0	False	oxygen	2023	1.0	1.0
10.1039/d3nj00210a	neat	1.0	1.0	1.0	KOH	1.0	no		0	air	0.0	110.0	6.0	0.0		0	False	oxygen	2023	1.0	1.0
10.1039/d3nj00210a	neat	1.0	1.0	1.0	no base	0.0	(p-cymene)Ru(ArNH24)Cl2	Ru	0	air	2.0	110.0	6.0	0.0	0.0	0	False	oxygen	2023	0.0	0.0
10.1039/d3nj00210a	neat	1.0	1.0	1.0	KOH	1.0	(p-cymene)Ru(ArNH24)Cl2	Ru	0	air	2.0	25.0	6.0	0.0	0.0	0	False	oxygen	2023	1.0	1.0
10.1039/d1sc05913k	PhMe	0.5	1.0	2.0	tBuOK	0.5	Co@NC-800-L1		no	Ar	0.86	140.0	24.0	99.0	115.11627906976744	0	True	inert	2021	1.0	0.5
10.1039/d1sc05913k	PhMe	0.5	1.0	2.0	tBuOK	0.5	Co@NC-800-L2		no	Ar	0.86	140.0	24.0	96.0	111.6279069767442	0	True	inert	2021	1.0	0.5
10.1039/d1sc05913k	PhMe	0.5	1.0	2.0	tBuOK	0.5	Co@NC-800-L3		no	Ar	0.86	140.0	24.0	87.0	101.16279069767442	0	True	inert	2021	1.0	0.5
10.1039/d1sc05913k	PhMe	0.5	1.0	2.0	tBuOK	0.5	Co@NC-800-L4		no	Ar	0.86	140.0	24.0	81.0	94.18604651162792	0	True	inert	2021	1.0	0.5
10.1039/d1sc05913k	PhMe	0.5	1.0	2.0	tBuOK	0.5	Co@NC-400-L1		no	Ar	0.86	140.0	24.0	75.0	87.20930232558139	0	True	inert	2021	1.0	0.5
10.1039/d1sc05913k	PhMe	0.5	1.0	2.0	tBuOK	0.5	Co@NC-600-L1		no	Ar	0.86	140.0	24.0	93.0	108.13953488372093	0	True	inert	2021	1.0	0.5
10.1039/d1sc05913k	PhMe	0.5	1.0	2.0	tBuOK	0.5	Co@NC-1000-L1		no	Ar	0.86	140.0	24.0	99.0	115.11627906976744	0	True	inert	2021	1.0	0.5
10.1039/d1sc05913k	PhMe	0.5	1.0	2.0	tBuOK	0.5	Co@NC-800-L1		no	Ar	0.86	140.0	24.0	99.0	115.11627906976744	0	True	inert	2021	1.0	0.5
10.1039/d1sc05913k	PhMe	0.5	1.0	2.0	tBuOK	0.5	Co@NC-800-w/oL		no	Ar	0.86	140.0	24.0	84.0	97.67441860465117	0	True	inert	2021	1.0	0.5
10.1039/d1sc05913k	PhMe	0.5	1.0	2.0	tBuOK	0.5	Co@NC-800-L1-SiO2		no	Ar	0.86	140.0	24.0	67.0	77.90697674418605	0	True	inert	2021	1.0	0.5
10.1039/d1sc05913k	PhMe	0.5	1.0	2.0	no base	0.0	Co@NC-800-L1		no	Ar	0.86	140.0	24.0	86.0	100.0	0	True	inert	2021	0.0	0.0
10.1039/d1sc05913k	PhMe	0.5	1.0	2.0	tBuOK	0.5	no		no	Ar	0.0	140.0	24.0	21.0	inf	0	False	inert	2021	1.0	0.5
10.1039/d1sc05913k	PhMe	0.5	1.0	2.0	tBuOK	0.5	Co(NO3)2-L1-SiO2 (Unpyrolyzed)		no	Ar	0.86	140.0	24.0	23.0	26.74418604651163	0	False	inert	2021	1.0	0.5
10.1039/d1sc05913k	PhMe	0.5	1.0	2.0	tBuOK	0.5	Co(NO3)2*6H2O		no	Ar	0.86	140.0	24.0	30.0	34.88372093023256	0	False	inert	2021	1.0	0.5
10.1039/d1sc05913k	PhMe	0.5	1.0	2.0	tBuOK	0.5	Co(NO3)2-L1		(300% phen)	Ar	0.86	140.0	24.0	40.0	46.51162790697674	0	False	inert	2021	1.0	0.5
10.1039/d1sc05913k	PhMe	0.5	1.0	2.0	tBuOK	0.5	NC-800-L1 (without cobalt)		no	Ar	0.0	140.0	24.0	23.0	inf	0	False	inert	2021	1.0	0.5
10.1039/d1sc05913k	PhMe	0.5	1.0	2.0	CsCO3	0.5	Co@NC-800-L1		no	Ar	1.15	140.0	24.0	99.0	86.08695652173914	0	True	inert	2021	1.0	0.5
10.1039/d1sc05913k	PhMe	0.5	1.0	2.0	K3PO4	0.5	Co@NC-800-L1		no	Ar	1.15	140.0	24.0	99.0	86.08695652173914	0	True	inert	2021	1.0	0.5
10.1039/d1sc05913k	PhMe	0.5	1.0	2.0	K2CO3	0.5	Co@NC-800-L1		no	Ar	1.15	140.0	24.0	99.0	86.08695652173914	0	True	inert	2021	1.0	0.5
10.1039/d1sc05913k	PhMe	0.5	1.0	2.0	KOH	0.5	Co@NC-800-L1		no	Ar	1.15	140.0	24.0	99.0	86.08695652173914	0	True	inert	2021	1.0	0.5
10.1039/d1sc05913k	PhMe	0.5	1.0	2.0	tBuOK	0.05	Co@NC-800-L1		no	Ar	1.15	140.0	24.0	28.0	24.347826086956523	0	False	inert	2021	0.1	0.05
10.1039/d1sc05913k	PhMe	0.5	1.0	2.0	tBuOK	0.1	Co@NC-800-L1		no	Ar	1.15	140.0	24.0	67.0	58.2608695652174	0	True	inert	2021	0.2	0.1
10.1039/d1sc05913k	PhMe	0.5	1.0	2.0	tBuOK	0.25	Co@NC-800-L1		no	Ar	1.15	140.0	24.0	74.0	64.34782608695653	0	True	inert	2021	0.5	0.25
10.1039/d1sc05913k	PhMe	0.5	1.0	2.0	tBuOK	0.75	Co@NC-800-L1		no	Ar	1.15	140.0	24.0	88.0	76.5217391304348	0	True	inert	2021	1.5	0.75
10.1039/d1sc05913k	p-xylene	0.5	1.0	2.0	tBuOK	0.5	Co@NC-800-L1		no	Ar	1.15	140.0	24.0	78.0	67.82608695652175	0	True	inert	2021	1.0	0.5
10.1039/d1sc05913k	p-xylene	0.5	1.0	2.0	tBuOK	0.5	Co@NC-800-L1		no	Ar	1.15	140.0	24.0	72.0	62.60869565217392	0	True	inert	2021	1.0	0.5
10.1039/d1sc05913k	THF	0.5	1.0	2.0	tBuOK	0.5	Co@NC-800-L1		no	Ar	1.15	140.0	24.0	86.0	74.78260869565219	0	True	inert	2021	1.0	0.5
10.1039/d1sc05913k	MeCN	0.5	1.0	2.0	tBuOK	0.5	Co@NC-800-L1		no	Ar	1.15	140.0	24.0	43.0	37.39130434782609	0	False	inert	2021	1.0	0.5
10.1039/d1sc05913k	dioxane	0.5	1.0	2.0	tBuOK	0.5	Co@NC-800-L1		no	Ar	1.15	140.0	24.0	80.0	69.56521739130436	0	True	inert	2021	1.0	0.5
10.1039/d1sc05913k	PhMe	0.5	0.5	1.0	tBuOK	0.5	Co@NC-800-L1		no	Ar	1.15	140.0	24.0	62.0	53.91304347826088	0	False	inert	2021	1.0	1.0
10.1039/d1sc05913k	PhMe	0.5	0.7	1.4	tBuOK	0.5	Co@NC-800-L1		no	Ar	1.15	140.0	24.0	93.0	80.86956521739131	0	True	inert	2021	1.0	0.7142857142857143
10.1039/d2qo01522f	PhMe	1.0	0.5	0.5	tBuOK	0.5	LE4		no	Ar	1.15	130.0	16.0	93.0	80.86956521739131	0	True	inert	2022	0.5	1.0
10.1002/chem.201603901	PhMe	0.2	2.0	10.0	KOt-Amyl	0.12	(p-cymene)Ru(NHC1^NHC1)ClPF6	Ru	no	N2	1.0	120.0	1.0	100.0	100.0	0	True	inert	2016	0.6	0.06
10.1016/j.jcat.2020.05.033	MeCN	0.1	3.0	30.0	no base	0.0	Pd/MIL-101(Fe)-2MI	Pd	no	N2	0.1	25.0	12.0	14.0	140.0	blue LED (0,75W cm-2)	False	inert	2020	0.0	0.0
10.1016/j.jcat.2020.05.033	MeCN	0.1	3.0	30.0	K3PO4	0.2	Pd/MIL-101(Fe)-2MI	Pd	no	N2	0.1	25.0	12.0	49.0	490.0	blue LED (0,75W cm-2)	False	inert	2020	2.0	0.0666666666666666
10.1002/asia.202400984	DMSO	0.11	0.1	0.9090909090909092	no base	0.15	Cu-UiO-66	Cu	no	air	10.0	120.0	12.0	0.0	0.0	0	False	oxygen	2024	1.3636363636363635	1.4999999999999998
10.1002/asia.202400984	CyH	0.11	0.1	0.9090909090909092	no base	0.15	Cu-UiO-66	Cu	no	air	10.0	120.0	12.0	0.0	0.0	0	False	oxygen	2024	1.3636363636363635	1.4999999999999998
10.1002/asia.202400984	dioxane	0.11	0.1	0.9090909090909092	no base	0.15	Cu-UiO-66	Cu	no	air	10.0	120.0	12.0	2.0	0.2	0	False	oxygen	2024	1.3636363636363635	1.4999999999999998
10.1002/asia.202400984	THF	0.11	0.1	0.9090909090909092	no base	0.15	Cu-UiO-66	Cu	no	air	10.0	120.0	12.0	0.0	0.0	0	False	oxygen	2024	1.3636363636363635	1.4999999999999998
10.1002/asia.202400984	MeCN	0.11	0.1	0.9090909090909092	no base	0.15	Cu-UiO-66	Cu	no	air	10.0	120.0	12.0	2.0	0.2	0	False	oxygen	2024	1.3636363636363635	1.4999999999999998
10.1002/asia.202400984	PhMe	0.11	0.1	0.9090909090909092	no base	0.15	Cu-UiO-66	Cu	no	air	10.0	120.0	12.0	15.0	1.5	0	False	oxygen	2024	1.3636363636363635	1.4999999999999998
10.1002/asia.202400984	PhMe	0.11	0.1	0.9090909090909092	KOAc	0.15	Cu-UiO-66	Cu	no	air	10.0	120.0	12.0	20.0	2.0	0	False	oxygen	2024	1.3636363636363635	1.4999999999999998
10.1002/asia.202400984	PhMe	0.11	0.1	0.9090909090909092	Et3N	0.15	Cu-UiO-66	Cu	no	air	10.0	120.0	12.0	19.0	1.9	0	False	oxygen	2024	1.3636363636363635	1.4999999999999998
10.1002/asia.202400984	PhMe	0.11	0.1	0.9090909090909092	Cs2CO3	0.15	Cu-UiO-66	Cu	no	air	10.0	120.0	12.0	15.0	1.5	0	False	oxygen	2024	1.3636363636363635	1.4999999999999998
10.1002/asia.202400984	PhMe	0.11	0.1	0.9090909090909092	KOH	0.15	Cu-UiO-66	Cu	no	air	10.0	120.0	12.0	14.0	1.4	0	False	oxygen	2024	1.3636363636363635	1.4999999999999998
10.1002/asia.202400984	PhMe	0.11	0.1	0.9090909090909092	NaOH	0.15	Cu-UiO-66	Cu	no	air	10.0	120.0	12.0	27.0	2.7	0	False	oxygen	2024	1.3636363636363635	1.4999999999999998
10.1002/asia.202400984	PhMe	0.11	0.1	0.9090909090909092	tBuOK	0.15	Cu-UiO-66	Cu	no	air	10.0	120.0	12.0	17.0	1.7	0	False	oxygen	2024	1.3636363636363635	1.4999999999999998
10.1002/asia.202400984	PhMe	0.11	0.1	0.9090909090909092	Na2CO3	0.15	Cu-UiO-66	Cu	no	air	10.0	120.0	12.0	14.0	1.4	0	False	oxygen	2024	1.3636363636363635	1.4999999999999998
10.1002/asia.202400984	PhMe	0.11	0.1	0.9090909090909092	DBU	0.15	Cu-UiO-66	Cu	no	air	10.0	120.0	12.0	0.0	0.0	0	False	oxygen	2024	1.3636363636363635	1.4999999999999998
10.1002/asia.202400984	PhMe	0.11	0.1	0.9090909090909092	DBU	0.15	CuI	Cu	no	air	10.0	120.0	12.0	1.0	0.1	0	False	oxygen	2024	1.3636363636363635	1.4999999999999998
10.1002/asia.202400984	PhMe	0.11	0.1	0.9090909090909092	DBU	0.15	Cu(OAc)2	Cu	no	air	10.0	120.0	12.0	35.0	3.5	0	False	oxygen	2024	1.3636363636363635	1.4999999999999998
10.1002/asia.202400984	PhMe	0.11	0.1	0.9090909090909092	DBU	0.15	UiO-66	Cu	no	air	10.0	120.0	12.0	15.0	1.5	0	False	oxygen	2024	1.3636363636363635	1.4999999999999998
10.1002/ejoc.202301213	PhMe	0.5	0.75	1.5	tBuOK	0.5	no		no	Ar		130.0	8.0	43.0		0	False	inert	2023	1.0	0.6666666666666666
10.1002/ejoc.202301213	PhMe	0.5	0.75	1.5	tBuOK	0.5	no		no	Ar		130.0	12.0	57.0		0	False	inert	2023	1.0	0.6666666666666666
10.1002/ejoc.202301213	PhMe	0.5	0.75	1.5	tBuOK	0.5	no		no	Ar		130.0	24.0	91.0		0	True	inert	2023	1.0	0.6666666666666666
10.1002/ejoc.202301213	PhMe	0.5	0.75	1.5	tBuOK	0.5	no		no	Ar		100.0	24.0	61.0		0	False	inert	2023	1.0	0.6666666666666666
10.1002/ejoc.202301213	PhMe	0.5	0.75	1.5	tBuOK	0.25	no		no	Ar		130.0	24.0	45.0		0	False	inert	2023	0.5	0.3333333333333333
10.1002/ejoc.202301213	PhMe	0.5	0.75	1.5	tBuONa	0.5	no		18-crown-6	Ar		130.0	24.0	0.0		0	False	inert	2023	1.0	0.6666666666666666
10.1002/ejoc.202301213	PhMe	0.5	0.75	1.5	KOH	0.5	no		no	Ar		130.0	24.0	39.0		0	False	inert	2023	1.0	0.6666666666666666
10.1002/ejoc.202301213	PhMe	0.5	0.75	1.5	NaOH	0.5	no		no	Ar		130.0	24.0	0.0		0	False	inert	2023	1.0	0.6666666666666666
10.1002/ejoc.202301213	PhMe	0.5	0.75	1.5	Cs2CO3	0.5	no		no	Ar		130.0	24.0	10.0		0	False	inert	2023	1.0	0.6666666666666666
10.1002/ejoc.202301213	PhMe	0.5	0.75	1.5	K2CO3	0.5	no		no	Ar		130.0	24.0	0.0		0	False	inert	2023	1.0	0.6666666666666666
10.1002/ejoc.202301213	PhMe	0.5	0.75	1.5	KHCO3	0.5	no		no	Ar		130.0	24.0	0.0		0	False	inert	2023	1.0	0.6666666666666666
10.1002/ejoc.202301213	DMF	0.5	0.75	1.5	tBuOK	0.5	no		no	Ar		130.0	24.0	0.0		0	False	inert	2023	1.0	0.6666666666666666
10.1002/ejoc.202301213	H2O	0.5	0.75	1.5	tBuOK	0.5	no		no	Ar		100.0	24.0	0.0		0	False	inert	2023	1.0	0.6666666666666666
10.1002/ejoc.202301213	tAmOH	0.5	0.75	1.5	tBuOK	0.5	no		no	Ar		130.0	24.0	0.0		0	False	inert	2023	1.0	0.6666666666666666
10.1002/ejoc.202301213	PhMe	0.5	0.75	1.5	tBuOK	0.5	no		18-crown-6	Ar		130.0	24.0	0.0		0	False	inert	2023	1.0	0.6666666666666666
10.1002/ejoc.202301213	PhMe	0.5	0.75	1.5	tBuOK	0.5	no		TEMPO	Ar		130.0	24.0	86.0		0	True	inert	2023	1.0	0.6666666666666666
10.1002/ejoc.202301105	trifluoroethanol	1.0	1.0	1.0	no base	0.0	[Cp*IrCl2]2	Ir	no	Ar	1.0	40.0	20.0	3.0	3.0	0	False	inert	2024	0.0	0.0
10.1002/ejoc.202301105	trifluoroethanol	1.0	1.0	1.0	no base	0.0	(2MeNHC)IrCp*Cl2	Ir	no	Ar	1.0	40.0	20.0	39.0	39.0	0	False	inert	2024	0.0	0.0
10.1002/ejoc.202301105	trifluoroethanol	1.0	1.0	1.0	no base	0.0	(2EtNHC)IrCp*Cl2	Ir	no	Ar	1.0	40.0	20.0	82.0	82.0	0	True	inert	2024	0.0	0.0
10.1002/ejoc.202301105	trifluoroethanol	1.0	1.0	1.0	no base	0.0	(2iPrNHC)IrCp*Cl2	Ir	no	Ar	1.0	40.0	20.0	58.0	58.0	0	False	inert	2024	0.0	0.0
10.1002/ejoc.202301105	trifluoroethanol	1.0	1.0	1.0	no base	0.0	(2EtNHC)IrCp*I2	Ir	no	Ar	1.0	40.0	20.0	42.0	42.0	0	False	inert	2024	0.0	0.0
10.1002/ejoc.202301105	trifluoroethanol	1.0	1.0	1.0	no base	0.0	[(2EtNHC)IrCp*(NH3)2]I2	Ir	no	Ar	1.0	40.0	20.0	13.0	13.0	0	False	inert	2024	0.0	0.0
10.1002/ejoc.202301105	trifluoroethanol	1.0	1.0	1.0	no base	0.0	(2EtNHC)IrCp*Cl2	Ir	no	Ar	1.5	40.0	20.0	96.0	64.0	0	True	inert	2024	0.0	0.0
10.1002/ejoc.202301105	MeOH	1.0	1.0	1.0	no base	0.0	(2EtNHC)IrCp*Cl2	Ir	no	Ar	1.5	40.0	20.0	34.0	22.666666666666668	0	False	inert	2024	0.0	0.0
10.1002/ejoc.202301105	PhMe	1.0	1.0	1.0	no base	0.0	(2EtNHC)IrCp*Cl2	Ir	no	Ar	1.5	40.0	20.0	0.0	0.0	0	False	inert	2024	0.0	0.0
10.1002/ejoc.202301105	HFIP	1.0	1.0	1.0	no base	0.0	(2EtNHC)IrCp*Cl2	Ir	no	Ar	1.5	40.0	20.0	83.0	55.333333333333336	0	True	inert	2024	0.0	0.0
10.1002/ejoc.202301105	trifluoroethanol	1.0	1.0	1.0	K2CO3	5.0	(2EtNHC)IrCp*Cl2	Ir	no	Ar	1.5	40.0	20.0	34.0	22.666666666666668	0	False	inert	2024	5.0	5.0
10.1002/ejoc.202301105	trifluoroethanol	1.0	1.0	1.0	no base	0.0	(2EtNHC)IrCp*Cl2	Ir	no	Ar	1.5	40.0	6.0	44.0	29.33333333333333	0	False	inert	2024	0.0	0.0
10.1002/ejoc.202301105	trifluoroethanol	1.0	1.0	1.0	no base	0.0	(2EtNHC)IrCp*Cl2	Ir	no	Ar	1.5	30.0	20.0	72.0	48.0	0	True	inert	2024	0.0	0.0
10.1002/ejoc.202301105	trifluoroethanol	1.0	1.0	1.0	no base	0.0	(2EtNHC)IrCp*Cl2	Ir	no	Ar	1.5	25.0	110.0	75.0	50.0	0	True	inert	2024	0.0	0.0
10.1002/ejoc.202301105	trifluoroethanol	1.0	1.0	1.0	no base	0.0	(2EtNHC)IrCp*Cl2	Ir	no	Ar	0.1	78.0	20.0	89.0	890.0	0	True	inert	2024	0.0	0.0
10.1016/j.jcat.2023.115241	p-xylene	2.0	6.0	3.0	no base	0.0	Ru/CeO2-R	Ru	no	N2		160.0	24.0	87.0		0	True	inert	2023	0.0	0.0
10.1016/j.jcat.2023.115241	p-xylene	2.0	6.0	3.0	no base	0.0	Ru/CeO2-C	Ru	no	N2		160.0	24.0	37.0		0	False	inert	2023	0.0	0.0
10.1016/j.jcat.2023.115241	p-xylene	2.0	6.0	3.0	no base	0.0	Ru/CeO2-O	Ru	no	N2		160.0	24.0	20.0		0	False	inert	2023	0.0	0.0
10.1016/j.jcat.2023.115241	p-xylene	2.0	6.0	3.0	no base	0.0	Ru/CeO2-R	Ru	no	N2		160.0	0.5	3.0		0	False	inert	2023	0.0	0.0
10.1016/j.jcat.2023.115241	p-xylene	2.0	6.0	3.0	no base	0.0	Ru/CeO2-R	Ru	no	N2		160.0	1.0	6.0		0	False	inert	2023	0.0	0.0
10.1016/j.jcat.2023.115241	p-xylene	2.0	6.0	3.0	no base	0.0	Ru/CeO2-R	Ru	no	N2		160.0	2.0	17.0		0	False	inert	2023	0.0	0.0
10.1016/j.jcat.2023.115241	p-xylene	2.0	6.0	3.0	no base	0.0	Ru/CeO2-R	Ru	no	N2		160.0	3.0	42.0		0	False	inert	2023	0.0	0.0
10.1016/j.jcat.2023.115241	p-xylene	2.0	6.0	3.0	no base	0.0	Ru/CeO2-R	Ru	no	N2		160.0	6.0	59.0		0	False	inert	2023	0.0	0.0
10.1016/j.jcat.2023.115241	p-xylene	2.0	6.0	3.0	no base	0.0	Ru/CeO2-R	Ru	no	N2		160.0	12.0	73.0		0	True	inert	2023	0.0	0.0
10.1021/acs.joc.3c01788	PhMe	0.269	0.295	1.096654275092937	tBuOK	0.269	TiO2	Ti	no	air	5.0	140.0	24.0	37.0	7.4	0	False	oxygen	2023	1.0	0.9118644067796612
10.1021/acs.joc.3c01788	PhMe	0.269	0.295	1.096654275092937	tBuOK	0.269	TiO2	Ti	no	air	7.0	140.0	24.0	44.0	6.285714285714286	0	False	oxygen	2023	1.0	0.9118644067796612
10.1021/acs.joc.3c01788	PhMe	0.269	0.295	1.096654275092937	tBuOK	0.269	TiO2	Ti	no	air	10.0	140.0	24.0	65.0	6.5	0	False	oxygen	2023	1.0	0.9118644067796612
10.1021/acs.joc.3c01788	PhMe	0.269	0.295	1.096654275092937	tBuONa	0.269	TiO2	Ti	no	air	10.0	140.0	24.0	0.0	0.0	0	False	oxygen	2023	1.0	0.9118644067796612
10.1021/acs.joc.3c01788	PhMe	0.269	0.295	1.096654275092937	tBuOLi	0.269	TiO2	Ti	no	air	10.0	140.0	24.0	0.0	0.0	0	False	oxygen	2023	1.0	0.9118644067796612
10.1021/acs.joc.3c01788	PhMe	0.269	0.295	1.096654275092937	KHMDS	0.269	TiO2	Ti	no	air	10.0	140.0	24.0	0.0	0.0	0	False	oxygen	2023	1.0	0.9118644067796612
10.1021/acs.joc.3c01788	PhMe	0.269	0.295	1.096654275092937	KHSO4	0.269	TiO2	Ti	no	air	10.0	140.0	24.0	0.0	0.0	0	False	oxygen	2023	1.0	0.9118644067796612
10.1021/acs.joc.3c01788	PhMe	0.269	0.295	1.096654275092937	KOH	0.269	TiO2	Ti	no	air	10.0	140.0	24.0	70.0	7.0	0	True	oxygen	2023	1.0	0.9118644067796612
10.1021/acs.joc.3c01788	PhMe	0.269	0.295	1.096654275092937	MeONa	0.269	TiO2	Ti	no	air	10.0	140.0	24.0	0.0	0.0	0	False	oxygen	2023	1.0	0.9118644067796612
10.1021/acs.joc.3c01788	PhMe	0.269	0.295	1.096654275092937	Cs2CO3	0.269	TiO2	Ti	no	air	10.0	140.0	24.0	10.0	1.0	0	False	oxygen	2023	1.0	0.9118644067796612
10.1021/acs.joc.3c01788	PhMe	0.269	0.295	1.096654275092937	NaHCO3	0.269	TiO2	Ti	no	air	10.0	140.0	24.0	0.0	0.0	0	False	oxygen	2023	1.0	0.9118644067796612
10.1021/acs.joc.3c01788	PhMe	0.269	0.295	1.096654275092937	K2CO3	0.269	TiO2	Ti	no	air	10.0	140.0	24.0	0.0	0.0	0	False	oxygen	2023	1.0	0.9118644067796612
10.1021/acs.joc.3c01788	PhMe	0.269	0.295	1.096654275092937	NaOH	0.269	TiO2	Ti	no	air	10.0	140.0	24.0	0.0	0.0	0	False	oxygen	2023	1.0	0.9118644067796612
10.1021/acs.joc.3c01788	PhMe	0.269	0.295	1.096654275092937	KOH	0.20175	TiO2	Ti	no	air	10.0	140.0	24.0	43.0	4.3	0	False	oxygen	2023	0.75	0.6838983050847458
10.1021/acs.joc.3c01788	PhMe	0.269	0.295	1.096654275092937	KOH	0.1345	TiO2	Ti	no	air	10.0	140.0	24.0	32.0	3.2	0	False	oxygen	2023	0.5	0.4559322033898305
10.1021/acs.joc.3c01788	PhMe	0.269	0.295	1.096654275092937	KOH	0.06725	TiO2	Ti	no	air	10.0	140.0	24.0	18.0	1.8	0	False	oxygen	2023	0.25	0.2279661016949152
10.1021/acs.joc.3c01788	dioxane	0.269	0.295	1.096654275092937	KOH	0.269	TiO2	Ti	no	air	10.0	140.0	24.0	38.0	3.8	0	False	oxygen	2023	1.0	0.9118644067796612
10.1021/acs.joc.3c01788	MeCN	0.269	0.295	1.096654275092937	KOH	0.269	TiO2	Ti	no	air	10.0	140.0	24.0	22.0	2.2	0	False	oxygen	2023	1.0	0.9118644067796612
10.1021/acs.joc.3c01788	H2O	0.269	0.295	1.096654275092937	KOH	0.269	TiO2	Ti	no	air	10.0	140.0	24.0	0.0	0.0	0	False	oxygen	2023	1.0	0.9118644067796612
10.1021/acs.joc.3c01788	PhMe:H2O	0.269	0.295	1.096654275092937	KOH	0.269	TiO2	Ti	no	air	10.0	140.0	24.0	0.0	0.0	0	False	oxygen	2023	1.0	0.9118644067796612
10.1021/acs.joc.3c01788	PhMe	0.269	0.3228	1.1999999999999995	KOH	0.269	TiO2	Ti	no	air	10.0	140.0	24.0	81.0	8.1	0	True	oxygen	2023	1.0	0.8333333333333335
10.1021/acs.joc.3c01788	PhMe	0.269	0.3497	1.3	KOH	0.269	TiO2	Ti	no	air	10.0	140.0	24.0	99.0	9.9	0	True	oxygen	2023	1.0	0.7692307692307693
10.1021/acs.joc.3c01788	PhMe	0.269	0.4035	1.5	KOH	0.269	TiO2	Ti	no	air	10.0	140.0	24.0	99.0	9.9	0	True	oxygen	2023	1.0	0.6666666666666666
10.1021/acs.joc.3c01788	PhMe	0.269	0.295	1.096654275092937	KOH	0.269	TiO2	Ti	no	air	10.0	150.0	24.0	92.0	9.2	0	True	oxygen	2023	1.0	0.9118644067796612
10.1021/acs.joc.3c01788	PhMe	0.269	0.295	1.096654275092937	KOH	0.269	TiO2	Ti	no	air	10.0	130.0	24.0	84.0	8.4	0	True	oxygen	2023	1.0	0.9118644067796612
10.1021/acs.joc.3c01788	PhMe	0.269	0.295	1.096654275092937	KOH	0.269	TiO2	Ti	no	air	10.0	100.0	24.0	31.0	3.1	0	False	oxygen	2023	1.0	0.9118644067796612
10.1021/acs.joc.3c01788	PhMe	0.269	0.295	1.096654275092937	KOH	0.269	TiO2	Ti	no	air	10.0	60.0	24.0	0.0	0.0	0	False	oxygen	2023	1.0	0.9118644067796612
10.1021/acs.joc.3c01788	PhMe	0.269	0.295	1.096654275092937	KOH	0.269	TiO2	Ti	no	air	10.0	25.0	24.0	0.0	0.0	0	False	oxygen	2023	1.0	0.9118644067796612
10.1016/j.mcat.2023.113440	neat	1.0	1.0	1.0	KOH	1.0	(p-cymene)Ru(3,5-CF3-aniline)Cl2	Ru	no	air?	2.0	110.0	6.0	99.0	49.5	указана конверися спирта	True	oxygen	2023	1.0	1.0
10.1016/j.mcat.2023.113440	neat	1.0	1.0	1.0	KOH	1.0	(p-cymene)Ru(3,4,5-OMe-aniline)Cl2	Ru	no	air?	2.0	110.0	6.0	32.0	16.0	указана конверися спирта	False	oxygen	2023	1.0	1.0
10.1016/j.mcat.2023.113440	neat	1.0	1.0	1.0	KOH	1.0	(p-cymene)Ru(aniline)Cl2	Ru	no	air?	2.0	110.0	6.0	90.0	45.0	указана конверися спирта	True	oxygen	2023	1.0	1.0
10.1016/j.mcat.2023.113440	neat	1.0	1.0	1.0	KOH	1.0	(p-cymene)Ru(3,5-CF3-aniline)Cl2	Ru	no	air?	0.5	110.0	6.0	0.0	0.0	указана конверися спирта	False	oxygen	2023	1.0	1.0
10.1016/j.mcat.2023.113440	neat	1.0	1.0	1.0	KOH	1.0	(p-cymene)Ru(3,5-CF3-aniline)Cl2	Ru	no	air?	1.0	110.0	6.0	42.0	42.0	указана конверися спирта	False	oxygen	2023	1.0	1.0
10.1016/j.mcat.2023.113440	neat	1.0	1.0	1.0	KOH	1.0	(p-cymene)Ru(3,5-CF3-aniline)Cl2	Ru	no	air?	1.5	110.0	6.0	71.0	47.333333333333336	указана конверися спирта	True	oxygen	2023	1.0	1.0
10.1016/j.mcat.2023.113440	PhMe	1.0	1.0	1.0	KOH	1.0	(p-cymene)Ru(3,5-CF3-aniline)Cl2	Ru	no	air?	2.0	110.0	6.0	40.0	20.0	указана конверися спирта	False	oxygen	2023	1.0	1.0
10.1016/j.mcat.2023.113440	DMF	1.0	1.0	1.0	KOH	1.0	(p-cymene)Ru(3,5-CF3-aniline)Cl2	Ru	no	air?	2.0	140.0	6.0	48.0	24.0	указана конверися спирта	False	oxygen	2023	1.0	1.0
10.1016/j.mcat.2023.113440	H2O	1.0	1.0	1.0	KOH	1.0	(p-cymene)Ru(3,5-CF3-aniline)Cl2	Ru	no	air?	2.0	100.0	6.0	0.0	0.0	указана конверися спирта	False	oxygen	2023	1.0	1.0
10.1016/j.mcat.2023.113440	MeCN	1.0	1.0	1.0	KOH	1.0	(p-cymene)Ru(3,5-CF3-aniline)Cl2	Ru	no	air?	2.0	70.0	6.0	0.0	0.0	указана конверися спирта	False	oxygen	2023	1.0	1.0
10.1016/j.mcat.2023.113440	DCM	1.0	1.0	1.0	KOH	1.0	(p-cymene)Ru(3,5-CF3-aniline)Cl2	Ru	no	air?	2.0	40.0	6.0	0.0	0.0	указана конверися спирта	False	oxygen	2023	1.0	1.0
10.1016/j.mcat.2023.113440	THF	1.0	1.0	1.0	KOH	1.0	(p-cymene)Ru(3,5-CF3-aniline)Cl2	Ru	no	air?	2.0	70.0	6.0	0.0	0.0	указана конверися спирта	False	oxygen	2023	1.0	1.0
10.1016/j.mcat.2023.113440	neat	1.0	1.0	1.0	KOH	1.0	no		no	air?	0.0	110.0	6.0	0.0		указана конверися спирта	False	oxygen	2023	1.0	1.0
10.1039/d4sc05486e	dioxane	0.5	1.0	2.0	tBuOK	0.35	NHC-Ag	Ag	no	inert	10.0	150.0	24.0	95.0	9.5	0	True	inert	2024	0.7	0.35
10.1039/d4sc05486e	dioxane	0.5	1.0	2.0	tBuOK	0.35	Ag2O	Ag	NHC 10%	inert	5.0	150.0	24.0	30.0	6.0	0	False	inert	2024	0.7	0.35
10.1039/d4sc05486e	dioxane	0.5	0.75	1.5	tBuOK	0.25	NHC-Ag	Ag	no	inert	10.0	150.0	24.0	78.0	7.8	0	True	inert	2024	0.5	0.3333333333333333
10.1039/d4sc05486e	dioxane	0.5	0.75	1.5	tBuONa	0.25	NHC-Ag	Ag	no	inert	10.0	150.0	24.0	72.0	7.2	0	True	inert	2024	0.5	0.3333333333333333
10.1039/d4sc05486e	dioxane	0.5	0.75	1.5	Cs2CO3	0.25	NHC-Ag	Ag	no	inert	10.0	150.0	24.0	0.0	0.0	0	False	inert	2024	0.5	0.3333333333333333
10.1039/d4sc05486e	dioxane	0.5	0.75	1.5	KOH	0.25	NHC-Ag	Ag	no	inert	10.0	150.0	24.0	0.0	0.0	0	False	inert	2024	0.5	0.3333333333333333
10.1039/d4sc05486e	neat	0.5	0.5	1.0	tBuOK	0.25	NHC-Ag	Ag	no	inert	10.0	150.0	24.0	16.0	1.6	0	False	inert	2024	0.5	0.5
10.1039/d4sc05486e	benzene	0.5	0.75	1.5	tBuOK	0.25	NHC-Ag	Ag	no	inert	10.0	150.0	24.0	68.0	6.8	0	True	inert	2024	0.5	0.3333333333333333
10.1039/d4sc05486e	m-xylene	0.5	0.75	1.5	tBuOK	0.25	NHC-Ag	Ag	no	inert	10.0	150.0	24.0	65.0	6.5	0	False	inert	2024	0.5	0.3333333333333333
10.1039/d4sc05486e	dioxane	0.5	1.0	2.0	tBuOK	0.25	NHC-Ag	Ag	no	inert	10.0	150.0	24.0	89.0	8.9	0	True	inert	2024	0.5	0.25
10.1039/d4sc05486e	dioxane	0.5	1.5	3.0	tBuOK	0.25	NHC-Ag	Ag	no	inert	10.0	150.0	24.0	85.0	8.5	0	True	inert	2024	0.5	0.1666666666666666
10.1039/d4sc05486e	dioxane	0.5	0.75	1.5	tBuOK	0.35	NHC-Ag	Ag	no	inert	10.0	150.0	24.0	89.0	8.9	0	True	inert	2024	0.7	0.4666666666666666
10.1039/d4sc05486e	dioxane	0.5	0.75	1.5	tBuOK	0.45	NHC-Ag	Ag	no	inert	10.0	150.0	24.0	47.0	4.7	0	False	inert	2024	0.9	0.6
10.1039/d4sc05486e	dioxane	0.5	1.0	2.0	tBuOK	0.35	NHC-Ag	Ag	no	inert	10.0	150.0	24.0	94.0	9.4	0	True	inert	2024	0.7	0.35
10.1039/d4sc05486e	dioxane	0.5	1.0	2.0	tBuOK	0.35	NHC-Ag	Ag	no	inert	5.0	150.0	24.0	88.0	17.6	0	True	inert	2024	0.7	0.35
10.1039/d4sc05486e	dioxane	0.5	1.0	2.0	tBuOK	0.35	NHC-Ag	Ag	no	inert	2.0	150.0	24.0	66.0	33.0	0	True	inert	2024	0.7	0.35
10.1039/d4sc05486e	dioxane	0.5	1.0	2.0	tBuOK	0.35	NHC-Ag	Ag	no	inert	5.0	140.0	24.0	36.0	7.2	0	False	inert	2024	0.7	0.35
10.1039/d4sc05486e	dioxane	0.5	1.0	2.0	tBuOK	0.35	NHC-Ag	Ag	no	inert	5.0	120.0	24.0	14.0	2.8	0	False	inert	2024	0.7	0.35
10.1039/d4sc05486e	dioxane	0.5	1.0	2.0	tBuOK	0.35	NHC-Ag	Ag	no	inert	5.0	100.0	24.0	0.0	0.0	0	False	inert	2024	0.7	0.35
10.1039/d4sc05486e	dioxane	0.5	1.0	2.0	tBuOK	0.35	no		no	inert	0.0	150.0	24.0	0.0		0	False	inert	2024	0.7	0.35
10.1039/d4sc05486e	dioxane	0.5	1.0	2.0	tBuOK	0.35	Ag2O	Ag	no	inert	5.0	150.0	24.0	0.0	0.0	0	False	inert	2024	0.7	0.35
10.1002/ajoc.202300551	PhMe	0.5	0.6	1.2	tBuOK	0.5	Co_1	Co	no	N2	5.0	110.0	12.0	96.0	19.2	0	True	inert	2024	1.0	0.8333333333333334
10.1002/ajoc.202300551	PhMe	0.5	0.6	1.2	tBuOK	0.5	Co_2	Co	no	N2	5.0	110.0	12.0	44.0	8.8	0	False	inert	2024	1.0	0.8333333333333334
10.1002/ajoc.202300551	PhMe	0.5	0.6	1.2	tBuOK	0.5	Co_3	Co	no	N2	5.0	110.0	12.0	38.0	7.6	0	False	inert	2024	1.0	0.8333333333333334
10.1002/ajoc.202300551	PhMe	0.5	0.6	1.2	tBuONa	0.5	Co_1	Co	no	N2	5.0	110.0	12.0	10.0	2.0	0	False	inert	2024	1.0	0.8333333333333334
10.1002/ajoc.202300551	PhMe	0.5	0.6	1.2	NaOH	0.5	Co_1	Co	no	N2	5.0	110.0	12.0	10.0	2.0	0	False	inert	2024	1.0	0.8333333333333334
10.1002/ajoc.202300551	PhMe	0.5	0.6	1.2	KOH	0.5	Co_1	Co	no	N2	5.0	110.0	12.0	13.0	2.6	0	False	inert	2024	1.0	0.8333333333333334
10.1002/ajoc.202300551	PhMe	0.5	0.6	1.2	Cs2CO3	0.5	Co_1	Co	no	N2	5.0	110.0	12.0	0.0	0.0	0	False	inert	2024	1.0	0.8333333333333334
10.1002/ajoc.202300551	PhMe	0.5	0.6	1.2	Na2CO3	0.5	Co_1	Co	no	N2	5.0	110.0	12.0	0.0	0.0	0	False	inert	2024	1.0	0.8333333333333334
10.1002/ajoc.202300551	PhMe	0.5	0.6	1.2	K2CO3	0.5	Co_1	Co	no	N2	5.0	110.0	12.0	0.0	0.0	0	False	inert	2024	1.0	0.8333333333333334
10.1002/ajoc.202300551	tAmOH	0.5	0.6	1.2	tBuOK	0.5	Co_1	Co	no	N2	5.0	110.0	12.0	65.0	13.0	0	False	inert	2024	1.0	0.8333333333333334
10.1002/ajoc.202300551	dioxane	0.5	0.6	1.2	tBuOK	0.5	Co_1	Co	no	N2	5.0	110.0	12.0	73.0	14.6	0	True	inert	2024	1.0	0.8333333333333334
10.1002/ajoc.202300551	DMF	0.5	0.6	1.2	tBuOK	0.5	Co_1	Co	no	N2	5.0	110.0	12.0	79.0	15.8	0	True	inert	2024	1.0	0.8333333333333334
10.1002/ajoc.202300551	DMA	0.5	0.6	1.2	tBuOK	0.5	Co_1	Co	no	N2	5.0	110.0	12.0	33.0	6.6	0	False	inert	2024	1.0	0.8333333333333334
10.1002/ajoc.202300551	DMSO	0.5	0.6	1.2	tBuOK	0.5	Co_1	Co	no	N2	5.0	110.0	12.0	0.0	0.0	0	False	inert	2024	1.0	0.8333333333333334
10.1002/ajoc.202300551	MeCN	0.5	0.6	1.2	tBuOK	0.5	Co_1	Co	no	N2	5.0	110.0	12.0	0.0	0.0	0	False	inert	2024	1.0	0.8333333333333334
10.1002/ajoc.202300551	THF	0.5	0.6	1.2	tBuOK	0.5	Co_1	Co	no	N2	5.0	110.0	12.0	83.0	16.6	0	True	inert	2024	1.0	0.8333333333333334
10.1002/ajoc.202300551	MeOtBu	0.5	0.6	1.2	tBuOK	0.5	Co_1	Co	no	N2	5.0	110.0	12.0	72.0	14.4	0	True	inert	2024	1.0	0.8333333333333334
10.1002/ajoc.202300551	PhMe	0.5	0.6	1.2	tBuOK	0.5	no		no	N2	0.0	110.0	12.0	0.0		0	False	inert	2024	1.0	0.8333333333333334
10.1002/ajoc.202300551	PhMe	0.5	0.6	1.2	no base	0.0	Co_1	Co	no	N2	5.0	110.0	12.0	0.0	0.0	0	False	inert	2024	0.0	0.0
10.1002/ajoc.202300551	PhMe	0.5	0.6	1.2	tBuOK	0.5	CoCl2	Co	no	N2	5.0	110.0	12.0	0.0	0.0	0	False	inert	2024	1.0	0.8333333333333334
10.1016/j.jcat.2023.02.005	PhMe	1.5	1.0	0.6666666666666666	KOH	0.3	graphite@MNC-316		no	Ar	20.0	140.0	18.0	99.0	4.95	0	True	inert	2023	0.1999999999999999	0.3
10.1016/j.jcat.2023.02.005	PhMe	1.5	1.0	0.6666666666666666	KOH	0.3	graphite@MNC-316		no	Ar	20.0	130.0	18.0	99.0	4.95	0	True	inert	2023	0.1999999999999999	0.3
10.1016/j.jcat.2023.02.005	PhMe	1.5	1.0	0.6666666666666666	KOH	0.3	graphite@MNC-316		no	Ar	20.0	120.0	18.0	87.36	4.368	0	True	inert	2023	0.1999999999999999	0.3
10.1016/j.jcat.2023.02.005	PhMe	1.5	1.0	0.6666666666666666	KOH	0.3	graphite@MNC-316		no	Ar	20.0	110.0	18.0	76.95	3.8475	0	True	inert	2023	0.1999999999999999	0.3
10.1016/j.jcat.2023.02.005	PhMe	1.5	1.0	0.6666666666666666	KOH	0.3	graphite@MNC-316		no	Ar	20.0	100.0	18.0	64.6	3.2299999999999995	0	False	inert	2023	0.1999999999999999	0.3
10.1016/j.jcat.2023.02.005	m-xylene	1.5	1.0	0.6666666666666666	KOH	0.3	graphite@MNC-316		no	Ar	20.0	130.0	18.0	88.2	4.41	0	True	inert	2023	0.1999999999999999	0.3
10.1016/j.jcat.2023.02.005	DMSO	1.5	1.0	0.6666666666666666	KOH	0.3	graphite@MNC-316		no	Ar	20.0	130.0	18.0	68.87	3.4435	0	True	inert	2023	0.1999999999999999	0.3
10.1016/j.jcat.2023.02.005	PhMe	1.5	1.0	0.6666666666666666	no base	0.0	graphite@MNC-316		no	Ar	20.0	130.0	18.0	0.0	0.0	0	False	inert	2023	0.0	0.0
10.1016/j.jcat.2023.02.005	PhMe	1.5	1.0	0.6666666666666666	KOH	0.45	no		no	Ar	0.0	130.0	18.0	13.0	inf	0	False	inert	2023	0.3	0.45
10.1016/j.jcat.2023.02.005	PhMe	1.5	1.0	0.6666666666666666	KOH	0.15	graphite@MNC-316		no	Ar	20.0	130.0	18.0	42.0	2.1	0	False	inert	2023	0.0999999999999999	0.15
10.1016/j.jcat.2023.02.005	PhMe	1.5	1.0	0.6666666666666666	KOH	0.45	graphite@MNC-316		no	Ar	20.0	130.0	18.0	99.0	4.95	0	True	inert	2023	0.3	0.45
10.1016/j.jcat.2023.02.005	PhMe	1.5	1.0	0.6666666666666666	NaOH	0.45	graphite@MNC-316		no	Ar	20.0	130.0	18.0	60.0	3.0	0	False	inert	2023	0.3	0.45
10.1016/j.jcat.2023.02.005	PhMe	1.5	1.0	0.6666666666666666	Cs2CO3	0.45	graphite@MNC-316		no	Ar	20.0	130.0	18.0	12.0	0.6	0	False	inert	2023	0.3	0.45
10.1016/j.jcat.2023.02.005	PhMe	1.5	1.0	0.6666666666666666	KOH	0.3	graphite@MNC-316		no	Air	20.0	130.0	18.0	52.0	2.6	0	False	oxygen	2023	0.1999999999999999	0.3
10.1016/j.jcat.2023.02.005	PhMe	1.5	1.0	0.6666666666666666	KOH	0.3	graphite@MNC-316		no	O2	20.0	130.0	18.0	54.0	2.7	0	False	oxygen	2023	0.1999999999999999	0.3
10.1038/s41428-024-00885-x	trifluoroethanol	1.0	1.0	1.0	no base	0.0	gel@IrG1000	Ir	no	Air	2.25	80.0	100.0	60.0	26.666666666666668	0	False	oxygen	2024	0.0	0.0
10.1038/s41428-024-00885-x	trifluoroethanol	1.0	1.0	1.0	no base	0.0	[Cp*Ir(NHC-ethyl)Cl2]	Ir	no	Air	1.0	80.0	100.0	67.0	67.0	0	True	oxygen	2024	0.0	0.0
10.1038/s41428-024-00885-x	trifluoroethanol	1.0	1.0	1.0	no base	0.0	[Cp*Ir(NHC-ethyl)Cl2]	Ir	CTA (0.13 mol%)	Air	1.0	80.0	100.0	80.0	80.0	0	True	oxygen	2024	0.0	0.0
10.1038/s41428-024-00885-x	trifluoroethanol	1.0	2.0	2.0	no base	0.0	[Cp*Ir(NHC-ethyl)Cl2]	Ir	no	Air	1.0	80.0	100.0	40.0	40.0	0	False	oxygen	2024	0.0	0.0
10.1038/s41428-024-00885-x	trifluoroethanol	1.0	2.0	2.0	no base	0.0	gel@IrG1000	Ir	no	Air	2.25	80.0	100.0	18.0	8.0	0	False	oxygen	2024	0.0	0.0
10.1021/jacs.4c07197	PhMe	1.0	2.0	2.0	tBuOK	0.6	Co1-N3P1	Co	no	N2	0.028	140.0	20.0	91.18	3256.428571428572	0	True	inert	2024	0.6	0.3
10.1021/jacs.4c07197	THF	1.0	2.0	2.0	tBuOK	0.6	Co1-N3P1	Co	no	N2	0.028	140.0	20.0	18.9	674.9999999999999	0	False	inert	2024	0.6	0.3
10.1021/jacs.4c07197	MeCN	1.0	2.0	2.0	tBuOK	0.6	Co1-N3P1	Co	no	N2	0.028	140.0	20.0	0.0	0.0	0	False	inert	2024	0.6	0.3
10.1021/jacs.4c07197	dioxane	1.0	2.0	2.0	tBuOK	0.6	Co1-N3P1	Co	no	N2	0.028	140.0	20.0	81.6	2914.285714285714	0	True	inert	2024	0.6	0.3
10.1021/jacs.4c07197	m-xylene	1.0	2.0	2.0	tBuOK	0.6	Co1-N3P1	Co	no	N2	0.028	140.0	20.0	53.4	1907.142857142857	0	False	inert	2024	0.6	0.3
10.1021/jacs.4c07197	mesitylene	1.0	2.0	2.0	tBuOK	0.6	Co1-N3P1	Co	no	N2	0.028	140.0	20.0	71.61	2557.5	0	True	inert	2024	0.6	0.3
10.1002/cssc.202300513	PhCl	0.5	0.5	1.0	no base	0.0	Co(BF4)2 ⋅ 6 H2O	Co	triphos (5 mol %), [P4444][BF4] (0.3 equiv.)	N2	10.0	120.0	12.0	95.0	9.5	см. добавки (ионные жидкости)	True	inert	2023	0.0	0.0
10.1002/cssc.202300513	p-xylene	0.5	0.5	1.0	no base	0.0	Co(BF4)2 ⋅ 6 H2O	Co	triphos (5 mol %)	N2	10.0	120.0	12.0	30.0	3.0	0	False	inert	2023	0.0	0.0
10.1002/cssc.202300513	p-xylene	0.5	0.5	1.0	no base	0.0	Co(BF4)2 ⋅ 6 H2O	Co	triphos (5 mol %), [P4444][BF4] (0.3 equiv.)	N2	10.0	120.0	12.0	70.0	7.0	0	True	inert	2023	0.0	0.0
10.1002/cssc.202300513	p-xylene	0.5	0.5	1.0	no base	0.0	Co(BF4)2 ⋅ 6 H2O	Co	triphos (5 mol %), [N4444][BF4] (0.3 equiv.)	N2	10.0	120.0	12.0	43.0	4.3	0	False	inert	2023	0.0	0.0
10.1002/cssc.202300513	p-xylene	0.5	0.5	1.0	no base	0.0	Co(BF4)2 ⋅ 6 H2O	Co	triphos (5 mol %), BMim[BF4] (0.3 equiv.)	N2	10.0	120.0	12.0	36.0	3.6	0	False	inert	2023	0.0	0.0
10.1002/cssc.202300513	p-xylene	0.5	0.5	1.0	no base	0.0	Co(BF4)2 ⋅ 6 H2O	Co	triphos (5 mol %), [P4444][BF4] (0.3 equiv.)	N2	10.0	120.0	12.0	1.0	0.1	0	False	inert	2023	0.0	0.0
10.1039/d3sc02515b	PhMe	0.5	1.0	2.0	tBuOK	0.5	CoNx@NC	Co	no	Air		120.0	12.0	99.0		0	True	oxygen	2023	1.0	0.5
10.1039/d3sc02515b	PhMe	0.5	1.0	2.0	tBuOK	0.5	CoNx@NC-1	Co	no	Air		120.0	12.0	87.0		0	True	oxygen	2023	1.0	0.5
10.1039/d3sc02515b	PhMe	0.5	1.0	2.0	tBuOK	0.5	CoNx@NC-2	Co	no	Air		120.0	12.0	90.0		0	True	oxygen	2023	1.0	0.5
10.1039/d3sc02515b	PhMe	0.5	1.0	2.0	tBuOK	0.5	Co@C	Co	no	Air		120.0	12.0	65.0		0	False	oxygen	2023	1.0	0.5
10.1039/d3sc02515b	PhMe	0.5	1.0	2.0	tBuOK	0.5	Vulcan carbon	Co	no	Air		120.0	12.0	28.0		0	False	oxygen	2023	1.0	0.5
10.1039/d3sc02515b	PhMe	0.5	1.0	2.0	tBuOK	0.5	Co-ZIF@C	Co	no	Air		120.0	12.0	46.0		0	False	oxygen	2023	1.0	0.5
10.1039/d3sc02515b	PhMe	0.5	1.0	2.0	tBuOK	0.5	Co(NO3)2.6H2O	Co	no	Air		120.0	12.0	36.0		0	False	oxygen	2023	1.0	0.5
10.1039/d3sc02515b	PhMe	0.5	1.0	2.0	no base	0.0	CoNx@NC	Co	no	Air		120.0	12.0	56.0		0	False	oxygen	2023	0.0	0.0
10.1039/d3sc02515b	PhMe	0.5	1.0	2.0	K2CO3	0.5	CoNx@NC	Co	no	Air		120.0	12.0	40.0		0	False	oxygen	2023	1.0	0.5
10.1039/d3sc02515b	PhMe	0.5	1.0	2.0	Cs2CO3	0.5	CoNx@NC	Co	no	Air		120.0	12.0	56.0		0	False	oxygen	2023	1.0	0.5
10.1039/d3sc02515b	PhMe	0.5	1.0	2.0	KOH	0.5	CoNx@NC	Co	no	Air		120.0	12.0	73.0		0	True	oxygen	2023	1.0	0.5
10.1039/d3sc02515b	PhMe	0.5	1.0	2.0	tBuOK	0.5	CoNx@NC	Co	no	Air		120.0	12.0	76.0		0	True	oxygen	2023	1.0	0.5
10.1039/d3sc02515b	PhMe	0.5	1.0	2.0	tBuOK	0.5	CoNx@NC	Co	no	Air		120.0	12.0	92.0		0	True	oxygen	2023	1.0	0.5
10.1039/d3sc02515b	MeCN	0.5	1.0	2.0	tBuOK	0.5	CoNx@NC	Co	no	Air		120.0	12.0	43.0		0	False	oxygen	2023	1.0	0.5
10.1039/d3sc02515b	dioxane	0.5	1.0	2.0	tBuOK	0.5	CoNx@NC	Co	no	Air		120.0	12.0	80.0		0	True	oxygen	2023	1.0	0.5
10.1039/d3sc02515b	THF	0.5	1.0	2.0	tBuOK	0.5	CoNx@NC	Co	no	Air		120.0	12.0	86.0		0	True	oxygen	2023	1.0	0.5
10.3390/nano13030445	PhMe	1.0	2.0	2.0	KOH	0.3	no		no	Ar	0.0	120.0	12.0	5.0	inf	0	False	inert	2023	0.3	0.15
10.3390/nano13030445	PhMe	1.0	2.0	2.0	no base	0.0	CNS@Zn1-AA	Zn	no	Ar		120.0	12.0	8.0		0	False	inert	2023	0.0	0.0
10.3390/nano13030445	PhMe	1.0	2.0	2.0	KOH	0.3	CNS@Zn1-AA	Zn	no	Ar		120.0	12.0	90.0		0	True	inert	2023	0.3	0.15
10.3390/nano13030445	PhMe	1.0	2.0	2.0	KOH	0.3	nano Zn	Zn	no	Ar		120.0	12.0	13.0		0	False	inert	2023	0.3	0.15
10.3390/nano13030445	PhMe	1.0	2.0	2.0	KOH	0.3	ZnO	Zn	no	Ar		120.0	12.0	8.0		0	False	inert	2023	0.3	0.15
10.3390/nano13030445	PhMe	1.0	2.0	2.0	KOH	0.3	Zn(NO)3.6H2O	Zn	no	Ar		120.0	12.0	12.0		0	False	inert	2023	0.3	0.15
10.3390/nano13030445	PhMe	1.0	2.0	2.0	KOH	0.3	CN@Zn1-AA	Zn	no	Ar		120.0	12.0	34.0		0	False	inert	2023	0.3	0.15
10.3390/nano13030445	PhMe	1.0	2.0	2.0	KOH	0.3	CNS@Zn1-Am	Zn	no	Ar		120.0	12.0	5.0		0	False	inert	2023	0.3	0.15
10.3390/nano13030445	PhMe	1.0	2.0	2.0	KOH	0.3	CNS@Zn1-An	Zn	no	Ar		120.0	12.0	6.0		0	False	inert	2023	0.3	0.15
10.3390/nano13030445	PhMe	1.0	2.0	2.0	KOH	0.3	CNS@Zn1-AA	Zn	no	Ar		120.0	18.0	92.0		0	True	inert	2023	0.3	0.15
10.3390/nano13030445	PhMe	1.0	2.0	2.0	NaOH	0.3	CNS@Zn1-AA	Zn	no	Ar		120.0	12.0	46.0		0	False	inert	2023	0.3	0.15
10.3390/nano13030445	PhMe	1.0	2.0	2.0	Na2CO3	0.3	CNS@Zn1-AA	Zn	no	Ar		120.0	12.0	9.0		0	False	inert	2023	0.3	0.15
10.3390/nano13030445	PhMe	1.0	2.0	2.0	tBuOK	0.3	CNS@Zn1-AA	Zn	no	Ar		120.0	12.0	7.0		0	False	inert	2023	0.3	0.15
10.1016/j.mcat.2024.114669	PhCF3	1.5	0.5	0.3333333333333333	no base	0.0	no		no	N2	0.0	146.0	7.0	0.0		0	False	inert	2024	0.0	0.0
10.1016/j.mcat.2024.114669	PhCF3	1.5	0.5	0.3333333333333333	no base	0.0	p-Nb2O5	Nb	no	N2		146.0	7.0	24.0		0	False	inert	2024	0.0	0.0
10.1016/j.mcat.2024.114669	PhCF3	1.5	0.5	0.3333333333333333	no base	0.0	p-WOx	W	no	N2		146.0	7.0	22.0		0	False	inert	2024	0.0	0.0
10.1016/j.mcat.2024.114669	PhCF3	1.5	0.5	0.3333333333333333	no base	0.0	h-WO3	W	no	N2		146.0	7.0	18.0		0	False	inert	2024	0.0	0.0
10.1016/j.mcat.2024.114669	PhCF3	1.5	0.5	0.3333333333333333	no base	0.0	NbW-67%-N2	Nb	no	N2		146.0	7.0	88.0		0	True	inert	2024	0.0	0.0
10.1016/j.mcat.2024.114669	PhCF3	1.5	0.5	0.3333333333333333	no base	0.0	NbW-67%-air	Nb	no	N2		146.0	7.0	62.0		0	False	inert	2024	0.0	0.0
10.1016/j.mcat.2024.114669	PhCF3	1.5	0.5	0.3333333333333333	no base	0.0	NbW-67%-N2	Nb	no	Air		146.0	7.0	80.0		0	True	oxygen	2024	0.0	0.0
10.1016/j.mcat.2024.114669	PhCF3	6.0	2.0	0.3333333333333333	no base	0.0	NbW-67%-air	Nb	no	N2		146.0	7.0	85.0		0	True	inert	2024	0.0	0.0
10.1016/j.mcat.2024.114669	PhCF3	1.5	0.5	0.3333333333333333	no base	0.0	MgO	Mg	no	N2		146.0	7.0	0.0		0	False	inert	2024	0.0	0.0
10.1016/j.mcat.2024.114669	PhCF3	1.5	0.5	0.3333333333333333	no base	0.0	Al2O3	Al	no	N2		146.0	7.0	2.0		0	False	inert	2024	0.0	0.0
10.1016/j.mcat.2024.114669	PhCF3	1.5	0.5	0.3333333333333333	no base	0.0	TiO2	Ti	no	N2		146.0	7.0	1.0		0	False	inert	2024	0.0	0.0
10.1016/j.mcat.2024.114669	PhCF3	1.5	0.5	0.3333333333333333	no base	0.0	ZrO2	Zr	no	N2		146.0	7.0	0.0		0	False	inert	2024	0.0	0.0
10.1016/j.mcat.2024.114669	PhCF3	1.5	0.5	0.3333333333333333	no base	0.0	Nb2O5⋅nH2O	Nb	no	N2		146.0	7.0	8.0		0	False	inert	2024	0.0	0.0
10.1016/j.mcat.2024.114669	PhCF3	1.5	0.5	0.3333333333333333	no base	0.0	FAU zeolite		no	N2		146.0	7.0	18.0		0	False	inert	2024	0.0	0.0
10.1016/j.mcat.2024.114669	PhCF3	1.5	0.5	0.3333333333333333	no base	0.0	BEA zeolite		no	N2		146.0	7.0	13.0		0	False	inert	2024	0.0	0.0
10.1016/j.mcat.2024.114669	PhCF3	1.5	0.5	0.3333333333333333	no base	0.0	SiO2-Al2O3	Al	no	N2		146.0	7.0	35.0		0	False	inert	2024	0.0	0.0
10.1016/j.jorganchem.2024.123479	PhMe	0.25	0.375	1.5	tBuOK	0.125	Co_11	Co	no	N2	3.0	120.0	20.0	67.0	22.33333333333333	0	True	inert	2024	0.5	0.3333333333333333
10.1016/j.jorganchem.2024.123479	PhMe	0.25	0.375	1.5	tBuOK	0.125	Co_21	Co	no	N2	3.0	120.0	20.0	63.0	21.0	0	False	inert	2024	0.5	0.3333333333333333
10.1016/j.jorganchem.2024.123479	PhMe	0.25	0.375	1.5	tBuOK	0.125	Co_31	Co	no	N2	3.0	120.0	20.0	78.0	26.0	0	True	inert	2024	0.5	0.3333333333333333
10.1016/j.jorganchem.2024.123479	PhMe	0.25	0.375	1.5	tBuOK	0.125	Co_41	Co	no	N2	3.0	120.0	20.0	89.0	29.666666666666668	0	True	inert	2024	0.5	0.3333333333333333
10.1016/j.jorganchem.2024.123479	PhMe	0.25	0.375	1.5	tBuOK	0.125	Co_51	Co	no	N2	3.0	120.0	20.0	70.0	23.33333333333333	0	True	inert	2024	0.5	0.3333333333333333
10.1016/j.jorganchem.2024.123479	PhMe	0.25	0.375	1.5	tBuOK	0.125	Co_61	Co	no	N2	3.0	120.0	20.0	74.0	24.666666666666668	0	True	inert	2024	0.5	0.3333333333333333
10.1016/j.jorganchem.2024.123479	PhMe	0.25	0.375	1.5	tBuOK	0.125	Co_41	Co	no	N2	3.0	120.0	12.0	60.0	20.0	0	False	inert	2024	0.5	0.3333333333333333
10.1016/j.jorganchem.2024.123479	PhMe	0.25	0.375	1.5	NaOH	0.125	Co_41	Co	no	N2	3.0	120.0	20.0	35.0	11.666666666666666	0	False	inert	2024	0.5	0.3333333333333333
10.1016/j.jorganchem.2024.123479	PhMe	0.25	0.375	1.5	NaOAc	0.125	Co_41	Co	no	N2	3.0	120.0	20.0	30.0	10.0	0	False	inert	2024	0.5	0.3333333333333333
10.1016/j.jorganchem.2024.123479	PhMe	0.25	0.375	1.5	tBuONa	0.125	Co_41	Co	no	N2	3.0	120.0	20.0	40.0	13.333333333333334	0	False	inert	2024	0.5	0.3333333333333333
10.1016/j.jorganchem.2024.123479	PhMe	0.25	0.375	1.5	KOH	0.125	Co_41	Co	no	N2	3.0	120.0	20.0	62.0	20.666666666666668	0	False	inert	2024	0.5	0.3333333333333333
10.1016/j.jorganchem.2024.123479	PhMe	0.25	0.25	1.0	tBuOK	0.125	Co_41	Co	no	N2	3.0	120.0	20.0	82.0	27.33333333333333	0	True	inert	2024	0.5	0.5
10.1016/j.jorganchem.2024.123479	PhMe	0.25	0.375	1.5	tBuOK	0.125	Co_41	Co	no	N2	2.0	120.0	20.0	67.0	33.5	0	True	inert	2024	0.5	0.3333333333333333
10.1016/j.jorganchem.2024.123479	PhMe	0.25	0.375	1.5	tBuOK	0.0625	Co_41	Co	no	N2	3.0	120.0	20.0	58.0	19.33333333333333	0	False	inert	2024	0.25	0.1666666666666666
10.1016/j.jorganchem.2024.123479	PhMe	0.25	0.375	1.5	tBuOK	0.125	Co_41	Co	no	N2	3.0	25.0	20.0	0.0	0.0	0	False	inert	2024	0.5	0.3333333333333333
10.1016/j.jorganchem.2024.123479	PhMe	0.25	0.375	1.5	tBuOK	0.125	Co_41	Co	no	N2	3.0	80.0	20.0	50.0	16.666666666666668	0	False	inert	2024	0.5	0.3333333333333333
10.1021/acs.inorgchem.5c00188	PhMe	0.5	1.0	2.0	tBuOK	0.5	CoFe@C-650	Co	no	N2		160.0	24.0	99.0		0	True	inert	2025	1.0	0.5
10.1021/acs.inorgchem.5c00188	PhMe	0.5	1.0	2.0	NaOH	0.5	CoFe@C-650	Co	no	N2		160.0	24.0	62.0		0	False	inert	2025	1.0	0.5
10.1021/acs.inorgchem.5c00188	PhMe	0.5	1.0	2.0	K2CO3	0.5	CoFe@C-650	Co	no	N2		160.0	24.0	16.0		0	False	inert	2025	1.0	0.5
10.1021/acs.inorgchem.5c00188	PhMe	0.5	1.0	2.0	KOH	0.5	CoFe@C-650	Co	no	N2		160.0	24.0	98.0		0	True	inert	2025	1.0	0.5
10.1021/acs.inorgchem.5c00188	PhMe	0.5	1.0	2.0	KOH	0.5	CoFe@C-750	Co	no	N2		160.0	24.0	63.0		0	False	inert	2025	1.0	0.5
10.1021/acs.inorgchem.5c00188	PhMe	0.5	1.0	2.0	KOH	0.5	CoFe@C-850	Co	no	N2		160.0	24.0	38.0		0	False	inert	2025	1.0	0.5
10.1021/acs.inorgchem.5c00188	dioxane	0.5	1.0	2.0	KOH	0.5	CoFe@C-650	Co	no	N2		160.0	24.0	27.0		0	False	inert	2025	1.0	0.5
10.1021/acs.inorgchem.5c00188	PhMe	0.5	1.5	3.0	KOH	0.5	CoFe@C-650	Co	no	N2		160.0	24.0	99.0		0	True	inert	2025	1.0	0.3333333333333333
10.1021/acs.inorgchem.5c00188	PhMe	0.5	1.0	2.0	no base	0.0	CoFe@C-650	Co	no	N2		160.0	24.0	0.0		0	False	inert	2025	0.0	0.0
10.1021/acs.inorgchem.5c00188	PhMe	0.5	1.0	2.0	KOH	0.5	no		no	N2	0.0	160.0	24.0	6.0	inf	0	False	inert	2025	1.0	0.5
10.1021/acs.inorgchem.5c00188	PhMe	0.5	1.0	2.0	KOH	0.5	Fe@C-650 	Co	no	N2		160.0	24.0	19.0		0	False	inert	2025	1.0	0.5
10.1021/acs.inorgchem.5c00188	PhMe	0.5	1.0	2.0	KOH	0.5	Co@C-650-400H	Co	no	N2		160.0	24.0	88.0		0	True	inert	2025	1.0	0.5
https://doi.org/10.1016/j.cej.2024.152457	neat	1.0	3.0	3.0	no base	0.0	no		no	N2	0.0	160.0	2.5	0.0		0	False	inert	2024	0.0	0.0
https://doi.org/10.1016/j.cej.2024.152457	neat	1.0	3.0	3.0	no base	0.0	Beta	Ru	no	N2	0.013	160.0	2.5	25.0	1923.076923076923	0	False	inert	2024	0.0	0.0
https://doi.org/10.1016/j.cej.2024.152457	neat	1.0	3.0	3.0	no base	0.0	Ru@Beta	Ru	no	N2	0.013	160.0	2.5	93.0	7153.846153846154	0	True	inert	2024	0.0	0.0
https://doi.org/10.1016/j.cej.2024.152457	neat	1.0	3.0	3.0	no base	0.0	Ru/Beta	Ru	no	N2	0.013	160.0	2.5	34.0	2615.384615384616	0	False	inert	2024	0.0	0.0
https://doi.org/10.1016/j.cej.2024.152457	neat	1.0	3.0	3.0	no base	0.0	Ru@Beta-6	Ru	no	N2	0.013	160.0	2.5	63.0	4846.153846153847	0	False	inert	2024	0.0	0.0
https://doi.org/10.1016/j.cej.2024.152457	neat	1.0	3.0	3.0	no base	0.0	Ru@Beta-13	Ru	no	N2	0.013	160.0	2.5	79.0	6076.923076923077	0	True	inert	2024	0.0	0.0
https://doi.org/10.1016/j.cej.2024.152457	neat	1.0	3.0	3.0	no base	0.0	Ru/Al2O3	Ru	no	N2	0.013	160.0	2.5	5.4	415.3846153846154	0	False	inert	2024	0.0	0.0
https://doi.org/10.1016/j.cej.2024.152457	neat	1.0	3.0	3.0	no base	0.0	Ru/C	Ru	no	N2	0.013	160.0	2.5	16.7	1284.6153846153843	0	False	inert	2024	0.0	0.0
https://doi.org/10.1016/j.cej.2024.152457	neat	1.0	3.0	3.0	no base	0.0	Ru@Beta	Ru	no	N2	0.006	170.0	5.0	77.0	12833.333333333334	0	True	inert	2024	0.0	0.0
https://doi.org/10.1016/j.cej.2024.152457	neat	1.0	3.0	3.0	no base	0.0	Ru@Beta	Ru	no	N2	0.013	170.0	0.25	30.1	2315.384615384616	0	False	inert	2024	0.0	0.0
10.1021/acsami.4c02143	PhMe	0.2	0.3	1.4999999999999998	tBuOK	0.4	UiO66-PPh2-Ir	Ir	no	Ar	1.0	110.0	12.0	65.0	65.0	0	False	inert	2024	2.0	1.3333333333333337
10.1021/acsami.4c02143	PhMe	0.2	0.3	1.4999999999999998	K2CO3	0.4	UiO66-PPh2-Ir	Ir	no	Ar	1.0	110.0	12.0	0.5	0.5	0	False	inert	2024	2.0	1.3333333333333337
10.1021/acsami.4c02143	PhMe	0.2	0.3	1.4999999999999998	tBuONa	0.4	UiO66-PPh2-Ir	Ir	no	Ar	1.0	110.0	12.0	0.0	0.0	0	False	inert	2024	2.0	1.3333333333333337
10.1021/acsami.4c02143	dioxane	0.2	0.3	1.4999999999999998	tBuOK	0.4	UiO66-PPh2-Ir	Ir	no	Ar	1.0	110.0	12.0	82.0	82.0	0	True	inert	2024	2.0	1.3333333333333337
10.1021/acsami.4c02143	dioxane	0.2	0.3	1.4999999999999998	tBuOK	0.4	UiO66-PPh2-Rh	Rh	no	Ar	1.0	110.0	12.0	70.0	70.0	0	True	inert	2024	2.0	1.3333333333333337
10.1021/acsami.4c02143	dioxane	2.0	3.0	1.5	tBuOK	0.2	UiO66-PPh2-Ir	Ir	no	Ar	1.0	110.0	12.0	79.0	79.0	0	True	inert	2024	0.1	0.0666666666666666
10.1016/j.jcat.2023.115241	p-xylene	2.0	6.0	3.0	no base	0.0	Ru/CeO2-R	Ru	no	N2		160.0	24.0	88.0		0	True	inert	2023	0.0	0.0
10.1016/j.jcat.2023.115241	p-xylene	2.0	6.0	3.0	no base	0.0	Ru/CeO2-C	Ru	no	N2		160.0	24.0	52.0		0	False	inert	2023	0.0	0.0
10.1016/j.jcat.2023.115241	p-xylene	2.0	6.0	3.0	no base	0.0	Ru/CeO2-O	Ru	no	N2		160.0	24.0	32.0		0	False	inert	2023	0.0	0.0
10.1016/j.jcat.2023.115241	p-xylene	2.0	6.0	3.0	no base	0.0	Ru/CeO2-R	Ru	no	N2		160.0	0.5	13.0		0	False	inert	2023	0.0	0.0
10.1016/j.jcat.2023.115241	p-xylene	2.0	6.0	3.0	no base	0.0	Ru/CeO2-R	Ru	no	N2		160.0	1.0	17.0		0	False	inert	2023	0.0	0.0
10.1016/j.jcat.2023.115241	p-xylene	2.0	6.0	3.0	no base	0.0	Ru/CeO2-R	Ru	no	N2		160.0	2.0	30.0		0	False	inert	2023	0.0	0.0
10.1016/j.jcat.2023.115241	p-xylene	2.0	6.0	3.0	no base	0.0	Ru/CeO2-R	Ru	no	N2		160.0	3.0	57.0		0	False	inert	2023	0.0	0.0
10.1016/j.jcat.2023.115241	p-xylene	2.0	6.0	3.0	no base	0.0	Ru/CeO2-R	Ru	no	N2		160.0	6.0	68.0		0	True	inert	2023	0.0	0.0
10.1016/j.jcat.2023.115241	p-xylene	2.0	6.0	3.0	no base	0.0	Ru/CeO2-R	Ru	no	N2		160.0	12.0	79.0		0	True	inert	2023	0.0	0.0
10.1002/cctc.202301399	p-xylene	2.0	6.0	3.0	no base	0.0	Ru/CeO2-R	Ru	no	N2		160.0	12.0	79.0		0	True	inert	2024	0.0	0.0
10.1016/j.jcat.2024.115407	p-xylene	2.0	2.0	1.0	no base	0.0	0.38Pt/CeO2	Pt	no	N2		100.0	12.0	76.0		10 atm N2	True	inert	2024	0.0	0.0
10.1038/s41467-024-51307-8	hexane	0.5	5.0	10.0	NaNH2	0.5	Zn–N4–C	Zn	No	N2		180.0	20.0	92.0		10 atm N2	True	inert	2024	1.0	0.1
10.1021/acscatal.9b02977	PhMe	0.25	1.0	4.0	tBuOK	0.25	Ni_5	Ni	No	N2	2.5	130.0	24.0	20.0	8.0	0	False	inert	2019	1.0	0.25
10.1021/acscatal.9b02977	PhMe	0.25	1.0	4.0	tBuOK	0.25	Ni_5	Ni	No	N2	5.0	130.0	24.0	75.0	15.0	0	True	inert	2019	1.0	0.25
10.1021/acscatal.9b02977	PhMe	0.25	1.0	4.0	tBuOK	0.25	Ni_5	Ni	No	N2	7.0	130.0	24.0	86.0	12.285714285714286	0	True	inert	2019	1.0	0.25
10.1021/acscatal.9b02977	PhMe	0.25	1.0	4.0	tBuOK	0.25	Ni_5	Ni	No	N2	10.0	130.0	24.0	83.0	8.3	0	True	inert	2019	1.0	0.25
10.1021/acscatal.9b02977	PhMe	0.25	1.0	4.0	K2CO3	0.25	Ni_5	Ni	No	N2	7.0	130.0	24.0	0.0	0.0	0	False	inert	2019	1.0	0.25
10.1021/acscatal.9b02977	PhMe	0.25	1.0	4.0	KOH	0.25	Ni_5	Ni	No	N2	7.0	130.0	24.0	0.0	0.0	0	False	inert	2019	1.0	0.25
10.1021/acscatal.9b02977	PhMe	0.25	1.0	4.0	tBuOK	0.125	Ni_5	Ni	No	N2	7.0	130.0	24.0	65.0	9.285714285714286	0	False	inert	2019	0.5	0.125
10.1021/acscatal.9b02977	PhMe	0.25	1.0	4.0	tBuOK	0.1875	Ni_5	Ni	No	N2	7.0	130.0	24.0	78.0	11.142857142857142	0	True	inert	2019	0.75	0.1875
10.1021/acscatal.9b02977	PhMe	0.25	1.0	4.0	tBuOK	0.25	Ni_5	Ni	No	N2	4.0	130.0	24.0	55.0	13.75	0	False	inert	2019	1.0	0.25
10.1021/acscatal.9b02977	PhMe	0.25	1.0	4.0	tBuOK	0.25	Ni_5	Ni	No	N2	5.0	130.0	24.0	75.0	15.0	0	True	inert	2019	1.0	0.25
10.1021/acscatal.9b02977	PhMe	0.25	1.0	4.0	tBuOK	0.25	Ni_5	Ni	No	N2	6.0	130.0	24.0	78.0	13.0	0	True	inert	2019	1.0	0.25
10.1021/acscatal.9b02977	PhMe	0.25	1.0	4.0	tBuOK	0.25	Ni_5	Ni	No	N2	7.0	130.0	24.0	86.0	12.285714285714286	0	True	inert	2019	1.0	0.25
10.1021/acscatal.9b02977	PhMe	0.25	0.25	1.0	tBuOK	0.25	Ni_5	Ni	No	N2	7.0	130.0	24.0	10.0	1.4285714285714286	0	False	inert	2019	1.0	1.0
10.1021/acscatal.9b02977	PhMe	0.25	0.5	2.0	tBuOK	0.25	Ni_5	Ni	No	N2	7.0	130.0	24.0	15.0	2.142857142857143	0	False	inert	2019	1.0	0.5
10.1021/acscatal.9b02977	PhMe	0.25	1.0	4.0	tBuOK	0.25	Ni_5	Ni	No	N2	7.0	130.0	18.0	65.0	9.285714285714286	0	False	inert	2019	1.0	0.25
10.1021/acscatal.9b02977	PhMe	0.25	1.0	4.0	tBuOK	0.25	Ni_5	Ni	No	N2	7.0	130.0	20.0	78.0	11.142857142857142	0	True	inert	2019	1.0	0.25
10.1039/d4nj04561k	PhMe	0.5	1.0	2.0	tBuOK	0.5	bpy-UiO-CoCl2	Co	No	N2	0.3	25.0	24.0	0.0	0.0	0	False	inert	2025	1.0	0.5
10.1039/d4nj04561k	PhMe	0.5	1.0	2.0	tBuOK	0.5	bpy-UiO-CoCl2	Co	No	N2	0.3	50.0	24.0	5.0	16.666666666666668	0	False	inert	2025	1.0	0.5
10.1039/d4nj04561k	PhMe	0.5	1.0	2.0	tBuOK	0.5	bpy-UiO-CoCl2	Co	No	N2	0.3	75.0	24.0	15.0	50.0	0	False	inert	2025	1.0	0.5
10.1039/d4nj04561k	PhMe	0.5	1.0	2.0	tBuOK	0.5	bpy-UiO-CoCl2	Co	No	N2	0.3	100.0	24.0	48.0	160.0	0	False	inert	2025	1.0	0.5
10.1039/d4nj04561k	PhMe	0.5	1.0	2.0	tBuOK	0.5	bpy-UiO-CoCl2	Co	No	N2	0.3	110.0	24.0	75.0	250.0	0	True	inert	2025	1.0	0.5
10.1039/d4nj04561k	PhMe	0.5	1.0	2.0	tBuOK	0.5	bpy-UiO-CoCl2	Co	No	N2	0.3	120.0	24.0	98.0	326.6666666666667	0	True	inert	2025	1.0	0.5
10.1039/d4nj04561k	PhMe	0.5	1.0	2.0	tBuOK	0.5	bpy-UiO-CoCl2	Co	No	N2	0.3	120.0	4.0	5.0	16.666666666666668	0	False	inert	2025	1.0	0.5
10.1039/d4nj04561k	PhMe	0.5	1.0	2.0	tBuOK	0.5	bpy-UiO-CoCl2	Co	No	N2	0.3	120.0	8.0	21.0	70.0	0	False	inert	2025	1.0	0.5
10.1039/d4nj04561k	PhMe	0.5	1.0	2.0	tBuOK	0.5	bpy-UiO-CoCl2	Co	No	N2	0.3	120.0	12.0	37.0	123.33333333333334	0	False	inert	2025	1.0	0.5
10.1039/d4nj04561k	PhMe	0.5	1.0	2.0	tBuOK	0.5	bpy-UiO-CoCl2	Co	No	N2	0.3	120.0	16.0	65.0	216.66666666666669	0	False	inert	2025	1.0	0.5
10.1039/d4nj04561k	PhMe	0.5	1.0	2.0	tBuOK	0.5	bpy-UiO-CoCl2	Co	No	N2	0.3	120.0	20.0	88.0	293.33333333333337	0	True	inert	2025	1.0	0.5
10.1039/d4nj04561k	PhMe	0.5	1.0	2.0	KOH	0.5	bpy-UiO-CoCl2	Co	No	N2	0.3	120.0	24.0	90.0	300.0	0	True	inert	2025	1.0	0.5
10.1039/d4nj04561k	PhMe	0.5	1.0	2.0	NaOH	0.5	bpy-UiO-CoCl2	Co	No	N2	0.3	120.0	24.0	78.0	260.0	0	True	inert	2025	1.0	0.5
10.1039/d4nj04561k	PhMe	0.5	1.0	2.0	K2CO3	0.5	bpy-UiO-CoCl2	Co	No	N2	0.3	120.0	24.0	30.0	100.0	0	False	inert	2025	1.0	0.5
10.1039/d4nj04561k	PhMe	0.5	1.0	2.0	Cs2CO3	0.5	bpy-UiO-CoCl2	Co	No	N2	0.3	120.0	24.0	32.0	106.66666666666669	0	False	inert	2025	1.0	0.5
10.1039/d4nj04561k	PhMe	0.5	1.0	2.0	no base	0.0	bpy-UiO-CoCl2	Co	No	N2	0.3	120.0	24.0	0.0	0.0	0	False	inert	2025	0.0	0.0
10.1039/d4nj04561k	dioxane	0.5	1.0	2.0	tBuOK	0.5	bpy-UiO-CoCl2	Co	No	N2	0.3	120.0	24.0	80.0	266.6666666666667	0	True	inert	2025	1.0	0.5
10.1039/d4nj04561k	THF	0.5	1.0	2.0	tBuOK	0.5	bpy-UiO-CoCl2	Co	No	N2	0.3	120.0	24.0	76.0	253.33333333333331	0	True	inert	2025	1.0	0.5
10.1039/d4nj04561k	p-xylene	0.5	1.0	2.0	tBuOK	0.5	bpy-UiO-CoCl2	Co	No	N2	0.3	120.0	24.0	73.0	243.33333333333331	0	True	inert	2025	1.0	0.5
10.1039/d4nj04561k	DME	0.5	1.0	2.0	tBuOK	0.5	bpy-UiO-CoCl2	Co	No	N2	0.3	120.0	24.0	59.0	196.66666666666669	0	False	inert	2025	1.0	0.5
10.1039/d4nj04561k	MeCN	0.5	1.0	2.0	tBuOK	0.5	bpy-UiO-CoCl2	Co	No	N2	0.3	120.0	24.0	46.0	153.33333333333334	0	False	inert	2025	1.0	0.5
10.1039/d3dt03149g	PhMe	1.0	1.0	1.0	tBuOK	1.0	Ru_39	Ru	No	N2	3.0	110.0	3.0	18.0	6.0	0	False	inert	2023	1.0	1.0
10.1039/d3dt03149g	PhMe	1.0	1.0	1.0	tBuOK	1.0	Ru_43	Ru	No	N2	3.0	110.0	3.0	0.0	0.0	0	False	inert	2023	1.0	1.0
10.1039/d3dt03149g	PhMe	1.0	1.0	1.0	tBuOK	1.0	Ru_46	Ru	No	N2	3.0	110.0	3.0	52.0	17.333333333333332	0	False	inert	2023	1.0	1.0
10.1039/d3dt03149g	PhMe	1.0	1.0	1.0	tBuOK	1.0	Ru_49	Ru	No	N2	3.0	110.0	3.0	0.0	0.0	0	False	inert	2023	1.0	1.0
10.1039/d3dt03149g	PhMe	1.0	1.0	1.0	tBuOK	1.0	Ru_50	Ru	No	N2	3.0	110.0	3.0	48.0	16.0	0	False	inert	2023	1.0	1.0
10.1039/d3dt03149g	PhMe	1.0	1.0	1.0	tBuOK	1.0	Ru_40	Ru	No	N2	3.0	110.0	3.0	13.0	4.333333333333333	0	False	inert	2023	1.0	1.0
10.1039/d3dt03149g	PhMe	1.0	1.0	1.0	tBuOK	1.0	Ru_44	Ru	No	N2	3.0	110.0	3.0	47.0	15.666666666666666	0	False	inert	2023	1.0	1.0
10.1039/d3dt03149g	PhMe	1.0	1.0	1.0	tBuOK	1.0	Ru_47	Ru	No	N2	3.0	110.0	3.0	56.0	18.666666666666668	0	False	inert	2023	1.0	1.0
10.1039/d3dt03149g	PhMe	1.0	1.0	1.0	tBuOK	1.0	Ru_51	Ru	No	N2	3.0	110.0	3.0	27.0	9.0	0	False	inert	2023	1.0	1.0
10.1039/d3dt03149g	PhMe	1.0	1.0	1.0	tBuOK	1.0	Ru_41	Ru	No	N2	3.0	110.0	3.0	50.0	16.666666666666668	0	False	inert	2023	1.0	1.0
10.1039/d3dt03149g	PhMe	1.0	1.0	1.0	tBuOK	1.0	Ru_42	Ru	No	N2	3.0	110.0	3.0	35.0	11.666666666666666	0	False	inert	2023	1.0	1.0
10.1039/d3dt03149g	PhMe	1.0	1.0	1.0	tBuOK	1.0	Ru_45	Ru	No	N2	3.0	110.0	3.0	70.0	23.33333333333333	0	True	inert	2023	1.0	1.0
10.1039/d3dt03149g	PhMe	1.0	1.0	1.0	tBuOK	1.0	Ru_48	Ru	No	N2	3.0	110.0	3.0	44.0	14.666666666666666	0	False	inert	2023	1.0	1.0
10.1039/d3dt03149g	PhMe	1.0	1.0	1.0	tBuOK	1.0	Ru_52	Ru	No	N2	3.0	110.0	3.0	39.0	13.0	0	False	inert	2023	1.0	1.0
10.1039/d3dt03149g	PhMe	1.0	1.0	1.0	tBuOK	1.0	no		No	N2	0.0	110.0	3.0	2.0	inf	0	False	inert	2023	1.0	1.0
10.1039/d3nj00210a	neat	1.0	1.0	1.0	KOH	1.0	Ru_53	Ru	No	N2	2.0	110.0	6.0	96.0	48.0	conversion	True	inert	2023	1.0	1.0
10.1039/d3nj00210a	neat	1.0	1.0	1.0	KOH	1.0	Ru_54	Ru	No	N2	2.0	110.0	6.0	25.0	12.5	conversion	False	inert	2023	1.0	1.0
10.1039/d3nj00210a	neat	1.0	1.0	1.0	KOH	1.0	Ru_55	Ru	No	N2	2.0	110.0	6.0	90.0	45.0	conversion	True	inert	2023	1.0	1.0
10.1039/d3nj00210a	neat	1.0	1.0	1.0	KOH	1.0	Ru_53	Ru	No	N2	0.5	110.0	6.0	0.0	0.0	conversion	False	inert	2023	1.0	1.0
10.1039/d3nj00210a	neat	1.0	1.0	1.0	KOH	1.0	Ru_53	Ru	No	N2	1.0	110.0	6.0	38.0	38.0	conversion	False	inert	2023	1.0	1.0
10.1039/d3nj00210a	neat	1.0	1.0	1.0	KOH	1.0	Ru_53	Ru	No	N2	1.5	110.0	6.0	65.0	43.333333333333336	conversion	False	inert	2023	1.0	1.0
10.1039/d3nj00210a	PhMe	1.0	1.0	1.0	KOH	1.0	Ru_53	Ru	No	N2	2.0	110.0	6.0	42.0	21.0	conversion	False	inert	2023	1.0	1.0
10.1039/d3nj00210a	DMF	1.0	1.0	1.0	KOH	1.0	Ru_53	Ru	No	N2	2.0	140.0	6.0	46.0	23.0	conversion	False	inert	2023	1.0	1.0
10.1039/d3nj00210a	H2O	1.0	1.0	1.0	KOH	1.0	Ru_53	Ru	No	N2	2.0	100.0	6.0	0.0	0.0	conversion	False	inert	2023	1.0	1.0
10.1039/d3nj00210a	MeCN	1.0	1.0	1.0	KOH	1.0	Ru_53	Ru	No	N2	2.0	70.0	6.0	0.0	0.0	conversion	False	inert	2023	1.0	1.0
10.1039/d3nj00210a	DCM	1.0	1.0	1.0	KOH	1.0	Ru_53	Ru	No	N2	2.0	40.0	6.0	0.0	0.0	conversion	False	inert	2023	1.0	1.0
10.1039/d3nj00210a	THF	1.0	1.0	1.0	KOH	1.0	Ru_53	Ru	No	N2	2.0	70.0	6.0	0.0	0.0	conversion	False	inert	2023	1.0	1.0
10.1039/d3nj00210a	neat	1.0	1.0	1.0	KOH	1.0	Ru_53	Ru	No	N2	2.0	110.0	6.0	74.88	37.44	0	True	inert	2023	1.0	1.0
10.1039/d3nj00210a	neat	1.0	1.0	1.0	KOH	1.0	Ru_54	Ru	No	N2	2.0	110.0	6.0	20.0	10.0	0	False	inert	2023	1.0	1.0
10.1039/d3nj00210a	neat	1.0	1.0	1.0	KOH	1.0	Ru_55	Ru	No	N2	2.0	110.0	6.0	67.5	33.75	0	True	inert	2023	1.0	1.0
10.1039/d3nj00210a	neat	1.0	1.0	1.0	KOH	1.0	Ru_53	Ru	No	N2	2.0	110.0	6.0	78.0	39.0	0	True	inert	2023	1.0	1.0
10.1039/d3nj00210a	neat	1.0	1.0	1.0	NaOH	1.0	Ru_53	Ru	No	N2	2.0	110.0	6.0	62.400000000000006	31.200000000000003	0	False	inert	2023	1.0	1.0
10.1039/d3nj00210a	neat	1.0	1.0	1.0	Na2CO3	1.0	Ru_53	Ru	No	N2	2.0	110.0	6.0	63.96	31.98	0	False	inert	2023	1.0	1.0
10.1039/d3nj00210a	neat	1.0	1.0	1.0	K2CO3	1.0	Ru_53	Ru	No	N2	2.0	110.0	6.0	50.7	25.35	0	False	inert	2023	1.0	1.0
10.1039/d3nj00210a	neat	1.0	1.0	1.0	Cs2CO3	1.0	Ru_53	Ru	No	N2	2.0	110.0	6.0	54.6	27.3	0	False	inert	2023	1.0	1.0
10.1039/d3nj00210a	neat	1.0	1.0	1.0	KOH	1.0	no		No	N2	0.0	110.0	6.0	0.0		0	False	inert	2023	1.0	1.0
10.1039/d3nj00210a	neat	1.0	1.0	1.0	no base	0.0	Ru_53	Ru	No	N2	2.0	110.0	6.0	0.0	0.0	0	False	inert	2023	0.0	0.0
10.1039/d3nj00210a	neat	1.0	1.0	1.0	KOH	1.0	Ru_53	Ru	No	N2	2.0	25.0	6.0	0.0	0.0	0	False	inert	2023	1.0	1.0
10.1039/d4cc04327h	PhMe	1.0	2.0	2.0	KOH	1.0	WC@C900	W	No	no data		150.0	24.0	36.27		0	False	no_data	2024	1.0	0.5
10.1039/d4cc04327h	PhMe	1.0	2.0	2.0	KOH	1.0	NbC@C900	Nb	No	no data		150.0	24.0	27.88		0	False	no_data	2024	1.0	0.5
10.1039/d4cc04327h	PhMe	1.0	2.0	2.0	KOH	1.0	Mo2C@C900	Mo	No	no data		150.0	24.0	93.0		0	True	no_data	2024	1.0	0.5
10.1039/d4cc04327h	PhMe	1.0	2.0	2.0	KOH	1.0	Mo2C@C900	Mo	No	no data		150.0	24.0	99.0		0	True	no_data	2024	1.0	0.5
10.1039/d4cc04327h	PhMe	1.0	2.0	2.0	KOH	1.0	Mo2C–MoO2@C800	Mo	No	no data		150.0	24.0	80.0		0	True	no_data	2024	1.0	0.5
10.1039/d4cc04327h	PhMe	1.0	2.0	2.0	KOH	1.0	MoO2@C600	Mo	No	no data		150.0	24.0	58.0		0	False	no_data	2024	1.0	0.5
10.1039/d3nj02837b	PhMe	1.0	2.0	2.0	tBuOK	0.2	CuMn2O4	Cu	No	air	95.0	120.0	4.0	0.0	0.0	0	False	oxygen	2023	0.2	0.1
